canonical_id,runtime_id,source,kind,name,category,subcategory,from,to,status,search_visible,duplicate_of,added_in,added_at,updated_at,is_new,featured,featured_order,route,legacy_route,legacy_ids,aliases,keywords,exact_tokens
jpg-pdf,jpg-pdf,platform,file,JPG → PDF,pdf,image-pdf,JPG,PDF,published,true,,,,,false,true,1,?tool=jpg-pdf,?category=pdf&convert=jpg-pdf,jpg-pdf,JPG를 PDF로 | JPG PDF 변환 | JPG에서 PDF,pdf 변환 | 피디에프 변환 | PDF | image-pdf | JPG | jpeg | 제이피지 | 사진 | 이미지 | 피디에프 | 문서,
png-pdf,png-pdf,platform,file,PNG → PDF,pdf,image-pdf,PNG,PDF,published,true,,,,,false,false,0,?tool=png-pdf,?category=pdf&convert=png-pdf,png-pdf,PNG를 PDF로 | PNG PDF 변환 | PNG에서 PDF,pdf 변환 | 피디에프 변환 | PDF | image-pdf | PNG | 피엔지 | 투명 이미지 | 이미지 | 피디에프 | 문서,
webp-pdf,webp-pdf,platform,file,WebP → PDF,pdf,image-pdf,WebP,PDF,published,true,,,,,false,false,0,?tool=webp-pdf,?category=pdf&convert=webp-pdf,webp-pdf,WebP를 PDF로 | WebP PDF 변환 | WebP에서 PDF,pdf 변환 | 피디에프 변환 | PDF | image-pdf | WebP | 웹피 | 웹 이미지 | 이미지 | 피디에프 | 문서,
pdf-jpg,pdf-jpg,platform,file,PDF → JPG,pdf,pdf-image,PDF,JPG,published,true,,,,,false,true,2,?tool=pdf-jpg,?category=pdf&convert=pdf-jpg,pdf-jpg,PDF를 JPG로 | PDF JPG 변환 | PDF에서 JPG,pdf 변환 | 피디에프 변환 | PDF | pdf-image | 피디에프 | 문서 | JPG | jpeg | 제이피지 | 사진 | 이미지,
pdf-png,pdf-png,platform,file,PDF → PNG,pdf,pdf-image,PDF,PNG,published,true,,,,,false,false,0,?tool=pdf-png,?category=pdf&convert=pdf-png,pdf-png,PDF를 PNG로 | PDF PNG 변환 | PDF에서 PNG,pdf 변환 | 피디에프 변환 | PDF | pdf-image | 피디에프 | 문서 | PNG | 피엔지 | 투명 이미지 | 이미지,
pdf-docx,pdf-docx,platform,file,PDF → Word,pdf,pdf-docx-basic,PDF,DOCX,published,true,,,,,false,true,3,?tool=pdf-docx,?category=pdf&convert=pdf-docx,pdf-docx,PDF를 DOCX로 | PDF DOCX 변환 | PDF에서 DOCX,pdf 변환 | 피디에프 변환 | PDF | pdf-docx-basic | 피디에프 | 문서 | DOCX | word | 워드 | 워드 문서,
docx-pdf,docx-pdf,platform,file,Word → PDF,pdf,docx-pdf-basic,DOCX,PDF,published,true,,,,,false,true,4,?tool=docx-pdf,?category=pdf&convert=docx-pdf,docx-pdf,DOCX를 PDF로 | DOCX PDF 변환 | DOCX에서 PDF,pdf 변환 | 피디에프 변환 | PDF | docx-pdf-basic | DOCX | word | 워드 | 워드 문서 | 피디에프 | 문서,
pdf-xlsx,pdf-xlsx,platform,file,PDF → Excel,pdf,office,PDF,XLSX,published,true,,,,,false,true,5,?tool=pdf-xlsx,?category=pdf&convert=pdf-xlsx,pdf-xlsx,PDF를 XLSX로 | PDF XLSX 변환 | PDF에서 XLSX,pdf 변환 | 피디에프 변환 | PDF | office | 피디에프 | 문서 | XLSX | excel | 엑셀 | 엑셀 파일,
xlsx-pdf,xlsx-pdf,platform,file,Excel → PDF,pdf,office,XLSX,PDF,published,true,,,,,false,false,0,?tool=xlsx-pdf,?category=pdf&convert=xlsx-pdf,xlsx-pdf,XLSX를 PDF로 | XLSX PDF 변환 | XLSX에서 PDF,pdf 변환 | 피디에프 변환 | PDF | office | XLSX | excel | 엑셀 | 엑셀 파일 | 피디에프 | 문서,
pdf-pptx,pdf-pptx,platform,file,PDF → PPT,pdf,office,PDF,PPTX,published,true,,,,,false,false,0,?tool=pdf-pptx,?category=pdf&convert=pdf-pptx,pdf-pptx,PDF를 PPTX로 | PDF PPTX 변환 | PDF에서 PPTX,pdf 변환 | 피디에프 변환 | PDF | office | 피디에프 | 문서 | PPTX | powerpoint | 파워포인트 | 프레젠테이션,
pptx-pdf,pptx-pdf,platform,file,PPT → PDF,pdf,office,PPTX,PDF,published,true,,,,,false,true,6,?tool=pptx-pdf,?category=pdf&convert=pptx-pdf,pptx-pdf,PPTX를 PDF로 | PPTX PDF 변환 | PPTX에서 PDF,pdf 변환 | 피디에프 변환 | PDF | office | PPTX | powerpoint | 파워포인트 | 프레젠테이션 | 피디에프 | 문서,
pdf-txt,pdf-txt,platform,file,PDF → TXT,pdf,pdf-text,PDF,TXT,published,true,,,,,false,false,0,?tool=pdf-txt,?category=pdf&convert=pdf-txt,pdf-txt,PDF를 TXT로 | PDF TXT 변환 | PDF에서 TXT,pdf 변환 | 피디에프 변환 | PDF | pdf-text | 피디에프 | 문서 | TXT | 텍스트 | 메모장,
txt-pdf,txt-pdf,platform,file,TXT → PDF,pdf,text-pdf,TXT,PDF,published,true,,,,,false,false,0,?tool=txt-pdf,?category=pdf&convert=txt-pdf,txt-pdf,TXT를 PDF로 | TXT PDF 변환 | TXT에서 PDF,pdf 변환 | 피디에프 변환 | PDF | text-pdf | TXT | 텍스트 | 메모장 | 피디에프 | 문서,
pdf-html,pdf-html,platform,file,PDF → HTML,pdf,pdf-text,PDF,HTML,published,true,,,,,false,false,0,?tool=pdf-html,?category=pdf&convert=pdf-html,pdf-html,PDF를 HTML로 | PDF HTML 변환 | PDF에서 HTML,pdf 변환 | 피디에프 변환 | PDF | pdf-text | 피디에프 | 문서 | HTML | htm | 웹 문서,
html-pdf,html-pdf,platform,file,HTML → PDF,pdf,html-pdf,HTML,PDF,published,true,,,,,false,false,0,?tool=html-pdf,?category=pdf&convert=html-pdf,html-pdf,HTML를 PDF로 | HTML PDF 변환 | HTML에서 PDF,pdf 변환 | 피디에프 변환 | PDF | html-pdf | HTML | htm | 웹 문서 | 피디에프 | 문서,
pdf-svg,pdf-svg,platform,file,PDF → SVG,pdf,pdf-svg-raster,PDF,SVG,published,true,,,,,false,false,0,?tool=pdf-svg,?category=pdf&convert=pdf-svg,pdf-svg,PDF를 SVG로 | PDF SVG 변환 | PDF에서 SVG,pdf 변환 | 피디에프 변환 | PDF | pdf-svg-raster | 피디에프 | 문서 | SVG | 벡터 이미지,
svg-pdf,svg-pdf,platform,file,SVG → PDF,pdf,svg-pdf-raster,SVG,PDF,published,true,,,,,false,false,0,?tool=svg-pdf,?category=pdf&convert=svg-pdf,svg-pdf,SVG를 PDF로 | SVG PDF 변환 | SVG에서 PDF,pdf 변환 | 피디에프 변환 | PDF | svg-pdf-raster | SVG | 벡터 이미지 | 피디에프 | 문서,
doc-docx-txt,doc-docx-txt,platform,file,DOCX → TXT,document,docx-txt,DOCX,TXT,published,true,,,,,false,false,0,?tool=doc-docx-txt,?category=document&convert=doc-docx-txt,doc-docx-txt,DOCX를 TXT로 | DOCX TXT 변환 | DOCX에서 TXT,문서 변환 | 오피스 변환 | 문서 | docx-txt | DOCX | word | 워드 | 워드 문서 | TXT | 텍스트 | 메모장,
doc-txt-docx,doc-txt-docx,platform,file,TXT → DOCX,document,txt-docx,TXT,DOCX,published,true,,,,,false,false,0,?tool=doc-txt-docx,?category=document&convert=doc-txt-docx,doc-txt-docx,TXT를 DOCX로 | TXT DOCX 변환 | TXT에서 DOCX,문서 변환 | 오피스 변환 | 문서 | txt-docx | TXT | 텍스트 | 메모장 | DOCX | word | 워드 | 워드 문서,
doc-docx-html,doc-docx-html,platform,file,DOCX → HTML,document,docx-html,DOCX,HTML,published,true,,,,,false,false,0,?tool=doc-docx-html,?category=document&convert=doc-docx-html,doc-docx-html,DOCX를 HTML로 | DOCX HTML 변환 | DOCX에서 HTML,문서 변환 | 오피스 변환 | 문서 | docx-html | DOCX | word | 워드 | 워드 문서 | HTML | htm | 웹 문서,
doc-html-docx,doc-html-docx,platform,file,HTML → DOCX,document,html-docx,HTML,DOCX,published,true,,,,,false,false,0,?tool=doc-html-docx,?category=document&convert=doc-html-docx,doc-html-docx,HTML를 DOCX로 | HTML DOCX 변환 | HTML에서 DOCX,문서 변환 | 오피스 변환 | 문서 | html-docx | HTML | htm | 웹 문서 | DOCX | word | 워드 | 워드 문서,
doc-docx-rtf,doc-docx-rtf,platform,file,DOCX → RTF,document,docx-rtf,DOCX,RTF,published,true,,,,,false,false,0,?tool=doc-docx-rtf,?category=document&convert=doc-docx-rtf,doc-docx-rtf,DOCX를 RTF로 | DOCX RTF 변환 | DOCX에서 RTF,문서 변환 | 오피스 변환 | 문서 | docx-rtf | DOCX | word | 워드 | 워드 문서 | RTF,
doc-rtf-docx,doc-rtf-docx,platform,file,RTF → DOCX,document,rtf-docx,RTF,DOCX,published,true,,,,,false,false,0,?tool=doc-rtf-docx,?category=document&convert=doc-rtf-docx,doc-rtf-docx,RTF를 DOCX로 | RTF DOCX 변환 | RTF에서 DOCX,문서 변환 | 오피스 변환 | 문서 | rtf-docx | RTF | DOCX | word | 워드 | 워드 문서,
doc-docx-odt,doc-docx-odt,platform,file,DOCX → ODT,document,docx-odt,DOCX,ODT,published,true,,,,,false,false,0,?tool=doc-docx-odt,?category=document&convert=doc-docx-odt,doc-docx-odt,DOCX를 ODT로 | DOCX ODT 변환 | DOCX에서 ODT,문서 변환 | 오피스 변환 | 문서 | docx-odt | DOCX | word | 워드 | 워드 문서 | ODT,
doc-odt-docx,doc-odt-docx,platform,file,ODT → DOCX,document,odt-docx,ODT,DOCX,published,true,,,,,false,false,0,?tool=doc-odt-docx,?category=document&convert=doc-odt-docx,doc-odt-docx,ODT를 DOCX로 | ODT DOCX 변환 | ODT에서 DOCX,문서 변환 | 오피스 변환 | 문서 | odt-docx | ODT | DOCX | word | 워드 | 워드 문서,
doc-xlsx-csv,doc-xlsx-csv,platform,file,XLSX → CSV,document,xlsx-csv,XLSX,CSV,published,false,xlsx-csv,,,,false,false,0,?tool=doc-xlsx-csv,?category=document&convert=doc-xlsx-csv,doc-xlsx-csv,XLSX를 CSV로 | XLSX CSV 변환 | XLSX에서 CSV,문서 변환 | 오피스 변환 | 문서 | xlsx-csv | XLSX | excel | 엑셀 | 엑셀 파일 | CSV | 쉼표 데이터 | 표 데이터,
doc-csv-xlsx,doc-csv-xlsx,platform,file,CSV → XLSX,document,csv-xlsx,CSV,XLSX,published,false,csv-xlsx,,,,false,false,0,?tool=doc-csv-xlsx,?category=document&convert=doc-csv-xlsx,doc-csv-xlsx,CSV를 XLSX로 | CSV XLSX 변환 | CSV에서 XLSX,문서 변환 | 오피스 변환 | 문서 | csv-xlsx | CSV | 쉼표 데이터 | 표 데이터 | XLSX | excel | 엑셀 | 엑셀 파일,
doc-xlsx-tsv,doc-xlsx-tsv,platform,file,XLSX → TSV,document,xlsx-tsv,XLSX,TSV,published,true,,,,,false,false,0,?tool=doc-xlsx-tsv,?category=document&convert=doc-xlsx-tsv,doc-xlsx-tsv,XLSX를 TSV로 | XLSX TSV 변환 | XLSX에서 TSV,문서 변환 | 오피스 변환 | 문서 | xlsx-tsv | XLSX | excel | 엑셀 | 엑셀 파일 | TSV | 탭 데이터 | 표 데이터,
doc-pptx-txt,doc-pptx-txt,platform,file,PPTX → TXT,document,pptx-txt,PPTX,TXT,published,true,,,,,false,false,0,?tool=doc-pptx-txt,?category=document&convert=doc-pptx-txt,doc-pptx-txt,PPTX를 TXT로 | PPTX TXT 변환 | PPTX에서 TXT,문서 변환 | 오피스 변환 | 문서 | pptx-txt | PPTX | powerpoint | 파워포인트 | 프레젠테이션 | TXT | 텍스트 | 메모장,
doc-pptx-jpg,doc-pptx-jpg,platform,file,PPTX → JPG,document,office,PPTX,JPG,published,true,,,,,false,false,0,?tool=doc-pptx-jpg,?category=document&convert=doc-pptx-jpg,doc-pptx-jpg,PPTX를 JPG로 | PPTX JPG 변환 | PPTX에서 JPG,문서 변환 | 오피스 변환 | 문서 | office | PPTX | powerpoint | 파워포인트 | 프레젠테이션 | JPG | jpeg | 제이피지 | 사진 | 이미지,
doc-pptx-png,doc-pptx-png,platform,file,PPTX → PNG,document,office,PPTX,PNG,published,true,,,,,false,false,0,?tool=doc-pptx-png,?category=document&convert=doc-pptx-png,doc-pptx-png,PPTX를 PNG로 | PPTX PNG 변환 | PPTX에서 PNG,문서 변환 | 오피스 변환 | 문서 | office | PPTX | powerpoint | 파워포인트 | 프레젠테이션 | PNG | 피엔지 | 투명 이미지 | 이미지,
doc-odt-txt,doc-odt-txt,platform,file,ODT → TXT,document,odt-txt,ODT,TXT,published,true,,,,,false,false,0,?tool=doc-odt-txt,?category=document&convert=doc-odt-txt,doc-odt-txt,ODT를 TXT로 | ODT TXT 변환 | ODT에서 TXT,문서 변환 | 오피스 변환 | 문서 | odt-txt | ODT | TXT | 텍스트 | 메모장,
doc-rtf-txt,doc-rtf-txt,platform,file,RTF → TXT,document,rtf-txt,RTF,TXT,published,true,,,,,false,false,0,?tool=doc-rtf-txt,?category=document&convert=doc-rtf-txt,doc-rtf-txt,RTF를 TXT로 | RTF TXT 변환 | RTF에서 TXT,문서 변환 | 오피스 변환 | 문서 | rtf-txt | RTF | TXT | 텍스트 | 메모장,
jpg-png,jpg-png,platform,file,JPG → PNG,image,image,JPG,PNG,published,true,,,,,false,false,0,?tool=jpg-png,?category=image&convert=jpg-png,jpg-png,JPG를 PNG로 | JPG PNG 변환 | JPG에서 PNG,이미지 변환 | 사진 변환 | 이미지 | image | JPG | jpeg | 제이피지 | 사진 | PNG | 피엔지 | 투명 이미지,
png-jpg,png-jpg,platform,file,PNG → JPG,image,image,PNG,JPG,published,true,,,,,false,true,7,?tool=png-jpg,?category=image&convert=png-jpg,png-jpg,PNG를 JPG로 | PNG JPG 변환 | PNG에서 JPG,이미지 변환 | 사진 변환 | 이미지 | image | PNG | 피엔지 | 투명 이미지 | JPG | jpeg | 제이피지 | 사진,
jpg-webp,jpg-webp,platform,file,JPG → WEBP,image,image,JPG,WEBP,published,true,,,,,false,false,0,?tool=jpg-webp,?category=image&convert=jpg-webp,jpg-webp,JPG를 WEBP로 | JPG WEBP 변환 | JPG에서 WEBP,이미지 변환 | 사진 변환 | 이미지 | image | JPG | jpeg | 제이피지 | 사진 | WEBP | 웹피 | 웹 이미지,
png-webp,png-webp,platform,file,PNG → WEBP,image,image,PNG,WEBP,published,true,,,,,false,false,0,?tool=png-webp,?category=image&convert=png-webp,png-webp,PNG를 WEBP로 | PNG WEBP 변환 | PNG에서 WEBP,이미지 변환 | 사진 변환 | 이미지 | image | PNG | 피엔지 | 투명 이미지 | WEBP | 웹피 | 웹 이미지,
webp-jpg,webp-jpg,platform,file,WEBP → JPG,image,image,WEBP,JPG,published,true,,,,,false,true,8,?tool=webp-jpg,?category=image&convert=webp-jpg,webp-jpg,WEBP를 JPG로 | WEBP JPG 변환 | WEBP에서 JPG,이미지 변환 | 사진 변환 | 이미지 | image | WEBP | 웹피 | 웹 이미지 | JPG | jpeg | 제이피지 | 사진,
webp-png,webp-png,platform,file,WEBP → PNG,image,image,WEBP,PNG,published,true,,,,,false,false,0,?tool=webp-png,?category=image&convert=webp-png,webp-png,WEBP를 PNG로 | WEBP PNG 변환 | WEBP에서 PNG,이미지 변환 | 사진 변환 | 이미지 | image | WEBP | 웹피 | 웹 이미지 | PNG | 피엔지 | 투명 이미지,
heic-jpg,heic-jpg,platform,file,HEIC → JPG,image,heic-image,HEIC,JPG,published,true,,,,,false,true,9,?tool=heic-jpg,?category=image&convert=heic-jpg,heic-jpg,HEIC를 JPG로 | HEIC JPG 변환 | HEIC에서 JPG,이미지 변환 | 사진 변환 | 이미지 | heic-image | HEIC | 아이폰 사진 | 아이폰 이미지 | JPG | jpeg | 제이피지 | 사진,
heic-png,heic-png,platform,file,HEIC → PNG,image,heic-image,HEIC,PNG,published,true,,,,,false,false,0,?tool=heic-png,?category=image&convert=heic-png,heic-png,HEIC를 PNG로 | HEIC PNG 변환 | HEIC에서 PNG,이미지 변환 | 사진 변환 | 이미지 | heic-image | HEIC | 아이폰 사진 | 아이폰 이미지 | PNG | 피엔지 | 투명 이미지,
avif-jpg,avif-jpg,platform,file,AVIF → JPG,image,image,AVIF,JPG,published,true,,,,,false,false,0,?tool=avif-jpg,?category=image&convert=avif-jpg,avif-jpg,AVIF를 JPG로 | AVIF JPG 변환 | AVIF에서 JPG,이미지 변환 | 사진 변환 | 이미지 | image | AVIF | 에이비아이에프 | JPG | jpeg | 제이피지 | 사진,
avif-png,avif-png,platform,file,AVIF → PNG,image,image,AVIF,PNG,published,true,,,,,false,false,0,?tool=avif-png,?category=image&convert=avif-png,avif-png,AVIF를 PNG로 | AVIF PNG 변환 | AVIF에서 PNG,이미지 변환 | 사진 변환 | 이미지 | image | AVIF | 에이비아이에프 | PNG | 피엔지 | 투명 이미지,
jpg-avif,jpg-avif,platform,file,JPG → AVIF,image,image,JPG,AVIF,published,true,,,,,false,false,0,?tool=jpg-avif,?category=image&convert=jpg-avif,jpg-avif,JPG를 AVIF로 | JPG AVIF 변환 | JPG에서 AVIF,이미지 변환 | 사진 변환 | 이미지 | image | JPG | jpeg | 제이피지 | 사진 | AVIF | 에이비아이에프,
png-avif,png-avif,platform,file,PNG → AVIF,image,image,PNG,AVIF,published,true,,,,,false,false,0,?tool=png-avif,?category=image&convert=png-avif,png-avif,PNG를 AVIF로 | PNG AVIF 변환 | PNG에서 AVIF,이미지 변환 | 사진 변환 | 이미지 | image | PNG | 피엔지 | 투명 이미지 | AVIF | 에이비아이에프,
svg-png,svg-png,platform,file,SVG → PNG,image,image,SVG,PNG,published,true,,,,,false,false,0,?tool=svg-png,?category=image&convert=svg-png,svg-png,SVG를 PNG로 | SVG PNG 변환 | SVG에서 PNG,이미지 변환 | 사진 변환 | 이미지 | image | SVG | 벡터 이미지 | PNG | 피엔지 | 투명 이미지,
svg-jpg,svg-jpg,platform,file,SVG → JPG,image,image,SVG,JPG,published,true,,,,,false,false,0,?tool=svg-jpg,?category=image&convert=svg-jpg,svg-jpg,SVG를 JPG로 | SVG JPG 변환 | SVG에서 JPG,이미지 변환 | 사진 변환 | 이미지 | image | SVG | 벡터 이미지 | JPG | jpeg | 제이피지 | 사진,
svg-webp,svg-webp,platform,file,SVG → WEBP,image,image,SVG,WEBP,published,true,,,,,false,false,0,?tool=svg-webp,?category=image&convert=svg-webp,svg-webp,SVG를 WEBP로 | SVG WEBP 변환 | SVG에서 WEBP,이미지 변환 | 사진 변환 | 이미지 | image | SVG | 벡터 이미지 | WEBP | 웹피 | 웹 이미지,
bmp-jpg,bmp-jpg,platform,file,BMP → JPG,image,image,BMP,JPG,published,true,,,,,false,false,0,?tool=bmp-jpg,?category=image&convert=bmp-jpg,bmp-jpg,BMP를 JPG로 | BMP JPG 변환 | BMP에서 JPG,이미지 변환 | 사진 변환 | 이미지 | image | BMP | 비트맵 | JPG | jpeg | 제이피지 | 사진,
bmp-png,bmp-png,platform,file,BMP → PNG,image,image,BMP,PNG,published,true,,,,,false,false,0,?tool=bmp-png,?category=image&convert=bmp-png,bmp-png,BMP를 PNG로 | BMP PNG 변환 | BMP에서 PNG,이미지 변환 | 사진 변환 | 이미지 | image | BMP | 비트맵 | PNG | 피엔지 | 투명 이미지,
tiff-jpg,tiff-jpg,platform,file,TIFF → JPG,image,image,TIFF,JPG,published,true,,,,,false,false,0,?tool=tiff-jpg,?category=image&convert=tiff-jpg,tiff-jpg,TIFF를 JPG로 | TIFF JPG 변환 | TIFF에서 JPG,이미지 변환 | 사진 변환 | 이미지 | image | TIFF | tif | 고해상도 이미지 | JPG | jpeg | 제이피지 | 사진,
tiff-png,tiff-png,platform,file,TIFF → PNG,image,image,TIFF,PNG,published,true,,,,,false,false,0,?tool=tiff-png,?category=image&convert=tiff-png,tiff-png,TIFF를 PNG로 | TIFF PNG 변환 | TIFF에서 PNG,이미지 변환 | 사진 변환 | 이미지 | image | TIFF | tif | 고해상도 이미지 | PNG | 피엔지 | 투명 이미지,
gif-jpg,gif-jpg,platform,file,GIF → JPG,image,image,GIF,JPG,published,true,,,,,false,false,0,?tool=gif-jpg,?category=image&convert=gif-jpg,gif-jpg,GIF를 JPG로 | GIF JPG 변환 | GIF에서 JPG,이미지 변환 | 사진 변환 | 이미지 | image | GIF | 움짤 | 움직이는 이미지 | JPG | jpeg | 제이피지 | 사진,
gif-png,gif-png,platform,file,GIF → PNG,image,image,GIF,PNG,published,true,,,,,false,false,0,?tool=gif-png,?category=image&convert=gif-png,gif-png,GIF를 PNG로 | GIF PNG 변환 | GIF에서 PNG,이미지 변환 | 사진 변환 | 이미지 | image | GIF | 움짤 | 움직이는 이미지 | PNG | 피엔지 | 투명 이미지,
jpg-bmp,jpg-bmp,platform,file,JPG → BMP,image,image,JPG,BMP,published,true,,,,,false,false,0,?tool=jpg-bmp,?category=image&convert=jpg-bmp,jpg-bmp,JPG를 BMP로 | JPG BMP 변환 | JPG에서 BMP,이미지 변환 | 사진 변환 | 이미지 | image | JPG | jpeg | 제이피지 | 사진 | BMP | 비트맵,
png-bmp,png-bmp,platform,file,PNG → BMP,image,image,PNG,BMP,published,true,,,,,false,false,0,?tool=png-bmp,?category=image&convert=png-bmp,png-bmp,PNG를 BMP로 | PNG BMP 변환 | PNG에서 BMP,이미지 변환 | 사진 변환 | 이미지 | image | PNG | 피엔지 | 투명 이미지 | BMP | 비트맵,
png-ico,png-ico,platform,file,PNG → ICO,image,image,PNG,ICO,published,true,,,,,false,false,0,?tool=png-ico,?category=image&convert=png-ico,png-ico,PNG를 ICO로 | PNG ICO 변환 | PNG에서 ICO,이미지 변환 | 사진 변환 | 이미지 | image | PNG | 피엔지 | 투명 이미지 | ICO,
jpg-ico,jpg-ico,platform,file,JPG → ICO,image,image,JPG,ICO,published,true,,,,,false,false,0,?tool=jpg-ico,?category=image&convert=jpg-ico,jpg-ico,JPG를 ICO로 | JPG ICO 변환 | JPG에서 ICO,이미지 변환 | 사진 변환 | 이미지 | image | JPG | jpeg | 제이피지 | 사진 | ICO,
ico-png,ico-png,platform,file,ICO → PNG,image,image,ICO,PNG,published,true,,,,,false,false,0,?tool=ico-png,?category=image&convert=ico-png,ico-png,ICO를 PNG로 | ICO PNG 변환 | ICO에서 PNG,이미지 변환 | 사진 변환 | 이미지 | image | ICO | PNG | 피엔지 | 투명 이미지,
jpg-gif,jpg-gif,platform,file,JPG → GIF,image,image,JPG,GIF,published,true,,,,,false,false,0,?tool=jpg-gif,?category=image&convert=jpg-gif,jpg-gif,JPG를 GIF로 | JPG GIF 변환 | JPG에서 GIF,이미지 변환 | 사진 변환 | 이미지 | image | JPG | jpeg | 제이피지 | 사진 | GIF | 움짤 | 움직이는 이미지,
png-gif,png-gif,platform,file,PNG → GIF,image,image,PNG,GIF,published,true,,,,,false,false,0,?tool=png-gif,?category=image&convert=png-gif,png-gif,PNG를 GIF로 | PNG GIF 변환 | PNG에서 GIF,이미지 변환 | 사진 변환 | 이미지 | image | PNG | 피엔지 | 투명 이미지 | GIF | 움짤 | 움직이는 이미지,
heic-webp,heic-webp,platform,file,HEIC → WebP,image,heic-image,HEIC,WEBP,published,true,,,,,false,false,0,?tool=heic-webp,?category=image&convert=heic-webp,heic-webp,HEIC를 WEBP로 | HEIC WEBP 변환 | HEIC에서 WEBP,이미지 변환 | 사진 변환 | 이미지 | heic-image | HEIC | 아이폰 사진 | 아이폰 이미지 | WEBP | 웹피 | 웹 이미지,
avif-webp,avif-webp,platform,file,AVIF → WebP,image,image,AVIF,WEBP,published,true,,,,,false,false,0,?tool=avif-webp,?category=image&convert=avif-webp,avif-webp,AVIF를 WEBP로 | AVIF WEBP 변환 | AVIF에서 WEBP,이미지 변환 | 사진 변환 | 이미지 | image | AVIF | 에이비아이에프 | WEBP | 웹피 | 웹 이미지,
bmp-webp,bmp-webp,platform,file,BMP → WebP,image,image,BMP,WEBP,published,true,,,,,false,false,0,?tool=bmp-webp,?category=image&convert=bmp-webp,bmp-webp,BMP를 WEBP로 | BMP WEBP 변환 | BMP에서 WEBP,이미지 변환 | 사진 변환 | 이미지 | image | BMP | 비트맵 | WEBP | 웹피 | 웹 이미지,
tiff-webp,tiff-webp,platform,file,TIFF → WebP,image,image,TIFF,WEBP,published,true,,,,,false,false,0,?tool=tiff-webp,?category=image&convert=tiff-webp,tiff-webp,TIFF를 WEBP로 | TIFF WEBP 변환 | TIFF에서 WEBP,이미지 변환 | 사진 변환 | 이미지 | image | TIFF | tif | 고해상도 이미지 | WEBP | 웹피 | 웹 이미지,
gif-webp,gif-webp,platform,file,GIF → WebP,image,image,GIF,WEBP,published,true,,,,,false,false,0,?tool=gif-webp,?category=image&convert=gif-webp,gif-webp,GIF를 WEBP로 | GIF WEBP 변환 | GIF에서 WEBP,이미지 변환 | 사진 변환 | 이미지 | image | GIF | 움짤 | 움직이는 이미지 | WEBP | 웹피 | 웹 이미지,
ico-jpg,ico-jpg,platform,file,ICO → JPG,image,image,ICO,JPG,published,true,,,,,false,false,0,?tool=ico-jpg,?category=image&convert=ico-jpg,ico-jpg,ICO를 JPG로 | ICO JPG 변환 | ICO에서 JPG,이미지 변환 | 사진 변환 | 이미지 | image | ICO | JPG | jpeg | 제이피지 | 사진,
ico-webp,ico-webp,platform,file,ICO → WebP,image,image,ICO,WEBP,published,true,,,,,false,false,0,?tool=ico-webp,?category=image&convert=ico-webp,ico-webp,ICO를 WEBP로 | ICO WEBP 변환 | ICO에서 WEBP,이미지 변환 | 사진 변환 | 이미지 | image | ICO | WEBP | 웹피 | 웹 이미지,
webp-bmp,webp-bmp,platform,file,WebP → BMP,image,image,WEBP,BMP,published,true,,,,,false,false,0,?tool=webp-bmp,?category=image&convert=webp-bmp,webp-bmp,WEBP를 BMP로 | WEBP BMP 변환 | WEBP에서 BMP,이미지 변환 | 사진 변환 | 이미지 | image | WEBP | 웹피 | 웹 이미지 | BMP | 비트맵,
webp-gif,webp-gif,platform,file,WebP → GIF,image,image,WEBP,GIF,published,true,,,,,false,false,0,?tool=webp-gif,?category=image&convert=webp-gif,webp-gif,WEBP를 GIF로 | WEBP GIF 변환 | WEBP에서 GIF,이미지 변환 | 사진 변환 | 이미지 | image | WEBP | 웹피 | 웹 이미지 | GIF | 움짤 | 움직이는 이미지,
webp-ico,webp-ico,platform,file,WebP → ICO,image,image,WEBP,ICO,published,true,,,,,false,false,0,?tool=webp-ico,?category=image&convert=webp-ico,webp-ico,WEBP를 ICO로 | WEBP ICO 변환 | WEBP에서 ICO,이미지 변환 | 사진 변환 | 이미지 | image | WEBP | 웹피 | 웹 이미지 | ICO,
avif-bmp,avif-bmp,platform,file,AVIF → BMP,image,image,AVIF,BMP,published,true,,,,,false,false,0,?tool=avif-bmp,?category=image&convert=avif-bmp,avif-bmp,AVIF를 BMP로 | AVIF BMP 변환 | AVIF에서 BMP,이미지 변환 | 사진 변환 | 이미지 | image | AVIF | 에이비아이에프 | BMP | 비트맵,
avif-gif,avif-gif,platform,file,AVIF → GIF,image,image,AVIF,GIF,published,true,,,,,false,false,0,?tool=avif-gif,?category=image&convert=avif-gif,avif-gif,AVIF를 GIF로 | AVIF GIF 변환 | AVIF에서 GIF,이미지 변환 | 사진 변환 | 이미지 | image | AVIF | 에이비아이에프 | GIF | 움짤 | 움직이는 이미지,
bmp-gif,bmp-gif,platform,file,BMP → GIF,image,image,BMP,GIF,published,true,,,,,false,false,0,?tool=bmp-gif,?category=image&convert=bmp-gif,bmp-gif,BMP를 GIF로 | BMP GIF 변환 | BMP에서 GIF,이미지 변환 | 사진 변환 | 이미지 | image | BMP | 비트맵 | GIF | 움짤 | 움직이는 이미지,
tiff-gif,tiff-gif,platform,file,TIFF → GIF,image,image,TIFF,GIF,published,true,,,,,false,false,0,?tool=tiff-gif,?category=image&convert=tiff-gif,tiff-gif,TIFF를 GIF로 | TIFF GIF 변환 | TIFF에서 GIF,이미지 변환 | 사진 변환 | 이미지 | image | TIFF | tif | 고해상도 이미지 | GIF | 움짤 | 움직이는 이미지,
gif-bmp,gif-bmp,platform,file,GIF → BMP,image,image,GIF,BMP,published,true,,,,,false,false,0,?tool=gif-bmp,?category=image&convert=gif-bmp,gif-bmp,GIF를 BMP로 | GIF BMP 변환 | GIF에서 BMP,이미지 변환 | 사진 변환 | 이미지 | image | GIF | 움짤 | 움직이는 이미지 | BMP | 비트맵,
gif-ico,gif-ico,platform,file,GIF → ICO,image,image,GIF,ICO,published,true,,,,,false,false,0,?tool=gif-ico,?category=image&convert=gif-ico,gif-ico,GIF를 ICO로 | GIF ICO 변환 | GIF에서 ICO,이미지 변환 | 사진 변환 | 이미지 | image | GIF | 움짤 | 움직이는 이미지 | ICO,
mp4-mp3,mp4-mp3,platform,file,MP4 → MP3,video,media,MP4,MP3,published,true,,,,,false,true,10,?tool=mp4-mp3,?category=video&convert=mp4-mp3,mp4-mp3,MP4를 MP3로 | MP4 MP3 변환 | MP4에서 MP3,동영상 변환 | 영상 변환 | 동영상 | media | MP4 | 영상 | MP3 | 음원 | 오디오,
mov-mp4,mov-mp4,platform,file,MOV → MP4,video,media,MOV,MP4,published,true,,,,,false,true,11,?tool=mov-mp4,?category=video&convert=mov-mp4,mov-mp4,MOV를 MP4로 | MOV MP4 변환 | MOV에서 MP4,동영상 변환 | 영상 변환 | 동영상 | media | MOV | 아이폰 영상 | MP4 | 영상,
mkv-mp4,mkv-mp4,platform,file,MKV → MP4,video,media,MKV,MP4,published,true,,,,,false,false,0,?tool=mkv-mp4,?category=video&convert=mkv-mp4,mkv-mp4,MKV를 MP4로 | MKV MP4 변환 | MKV에서 MP4,동영상 변환 | 영상 변환 | 동영상 | media | MKV | MP4 | 영상,
avi-mp4,avi-mp4,platform,file,AVI → MP4,video,media,AVI,MP4,published,true,,,,,false,false,0,?tool=avi-mp4,?category=video&convert=avi-mp4,avi-mp4,AVI를 MP4로 | AVI MP4 변환 | AVI에서 MP4,동영상 변환 | 영상 변환 | 동영상 | media | AVI | MP4 | 영상,
webm-mp4,webm-mp4,platform,file,WEBM → MP4,video,media,WEBM,MP4,published,true,,,,,false,false,0,?tool=webm-mp4,?category=video&convert=webm-mp4,webm-mp4,WEBM를 MP4로 | WEBM MP4 변환 | WEBM에서 MP4,동영상 변환 | 영상 변환 | 동영상 | media | WEBM | 웹 동영상 | MP4 | 영상,
mp4-webm,mp4-webm,platform,file,MP4 → WEBM,video,media,MP4,WEBM,published,true,,,,,false,false,0,?tool=mp4-webm,?category=video&convert=mp4-webm,mp4-webm,MP4를 WEBM로 | MP4 WEBM 변환 | MP4에서 WEBM,동영상 변환 | 영상 변환 | 동영상 | media | MP4 | 영상 | WEBM | 웹 동영상,
mp4-gif,mp4-gif,platform,file,MP4 → GIF,video,media,MP4,GIF,published,true,,,,,false,false,0,?tool=mp4-gif,?category=video&convert=mp4-gif,mp4-gif,MP4를 GIF로 | MP4 GIF 변환 | MP4에서 GIF,동영상 변환 | 영상 변환 | 동영상 | media | MP4 | 영상 | GIF | 움짤 | 움직이는 이미지,
mov-gif,mov-gif,platform,file,MOV → GIF,video,media,MOV,GIF,published,true,,,,,false,false,0,?tool=mov-gif,?category=video&convert=mov-gif,mov-gif,MOV를 GIF로 | MOV GIF 변환 | MOV에서 GIF,동영상 변환 | 영상 변환 | 동영상 | media | MOV | 아이폰 영상 | GIF | 움짤 | 움직이는 이미지,
mkv-avi,mkv-avi,platform,file,MKV → AVI,video,media,MKV,AVI,published,true,,,,,false,false,0,?tool=mkv-avi,?category=video&convert=mkv-avi,mkv-avi,MKV를 AVI로 | MKV AVI 변환 | MKV에서 AVI,동영상 변환 | 영상 변환 | 동영상 | media | MKV | AVI,
avi-mkv,avi-mkv,platform,file,AVI → MKV,video,media,AVI,MKV,published,true,,,,,false,false,0,?tool=avi-mkv,?category=video&convert=avi-mkv,avi-mkv,AVI를 MKV로 | AVI MKV 변환 | AVI에서 MKV,동영상 변환 | 영상 변환 | 동영상 | media | AVI | MKV,
flv-mp4,flv-mp4,platform,file,FLV → MP4,video,media,FLV,MP4,published,true,,,,,false,false,0,?tool=flv-mp4,?category=video&convert=flv-mp4,flv-mp4,FLV를 MP4로 | FLV MP4 변환 | FLV에서 MP4,동영상 변환 | 영상 변환 | 동영상 | media | FLV | MP4 | 영상,
m4v-mp4,m4v-mp4,platform,file,M4V → MP4,video,media,M4V,MP4,published,true,,,,,false,false,0,?tool=m4v-mp4,?category=video&convert=m4v-mp4,m4v-mp4,M4V를 MP4로 | M4V MP4 변환 | M4V에서 MP4,동영상 변환 | 영상 변환 | 동영상 | media | M4V | MP4 | 영상,
3gp-mp4,3gp-mp4,platform,file,3GP → MP4,video,media,3GP,MP4,published,true,,,,,false,false,0,?tool=3gp-mp4,?category=video&convert=3gp-mp4,3gp-mp4,3GP를 MP4로 | 3GP MP4 변환 | 3GP에서 MP4,동영상 변환 | 영상 변환 | 동영상 | media | 3GP | MP4 | 영상,
mp4-mov,mp4-mov,platform,file,MP4 → MOV,video,media,MP4,MOV,published,true,,,,,false,false,0,?tool=mp4-mov,?category=video&convert=mp4-mov,mp4-mov,MP4를 MOV로 | MP4 MOV 변환 | MP4에서 MOV,동영상 변환 | 영상 변환 | 동영상 | media | MP4 | 영상 | MOV | 아이폰 영상,
webm-gif,webm-gif,platform,file,WEBM → GIF,video,media,WEBM,GIF,published,true,,,,,false,false,0,?tool=webm-gif,?category=video&convert=webm-gif,webm-gif,WEBM를 GIF로 | WEBM GIF 변환 | WEBM에서 GIF,동영상 변환 | 영상 변환 | 동영상 | media | WEBM | 웹 동영상 | GIF | 움짤 | 움직이는 이미지,
gif-mp4,gif-mp4,platform,file,GIF → MP4,video,media,GIF,MP4,published,true,,,,,false,false,0,?tool=gif-mp4,?category=video&convert=gif-mp4,gif-mp4,GIF를 MP4로 | GIF MP4 변환 | GIF에서 MP4,동영상 변환 | 영상 변환 | 동영상 | media | GIF | 움짤 | 움직이는 이미지 | MP4 | 영상,
mp3-wav,mp3-wav,platform,file,MP3 → WAV,audio,media,MP3,WAV,published,true,,,,,false,false,0,?tool=mp3-wav,?category=audio&convert=mp3-wav,mp3-wav,MP3를 WAV로 | MP3 WAV 변환 | MP3에서 WAV,오디오 변환 | 음원 변환 | 오디오 | media | MP3 | 음원 | WAV | 웨이브,
wav-mp3,wav-mp3,platform,file,WAV → MP3,audio,media,WAV,MP3,published,true,,,,,false,false,0,?tool=wav-mp3,?category=audio&convert=wav-mp3,wav-mp3,WAV를 MP3로 | WAV MP3 변환 | WAV에서 MP3,오디오 변환 | 음원 변환 | 오디오 | media | WAV | 웨이브 | MP3 | 음원,
m4a-mp3,m4a-mp3,platform,file,M4A → MP3,audio,media,M4A,MP3,published,true,,,,,false,false,0,?tool=m4a-mp3,?category=audio&convert=m4a-mp3,m4a-mp3,M4A를 MP3로 | M4A MP3 변환 | M4A에서 MP3,오디오 변환 | 음원 변환 | 오디오 | media | M4A | MP3 | 음원,
aac-mp3,aac-mp3,platform,file,AAC → MP3,audio,media,AAC,MP3,published,true,,,,,false,false,0,?tool=aac-mp3,?category=audio&convert=aac-mp3,aac-mp3,AAC를 MP3로 | AAC MP3 변환 | AAC에서 MP3,오디오 변환 | 음원 변환 | 오디오 | media | AAC | MP3 | 음원,
flac-mp3,flac-mp3,platform,file,FLAC → MP3,audio,media,FLAC,MP3,published,true,,,,,false,false,0,?tool=flac-mp3,?category=audio&convert=flac-mp3,flac-mp3,FLAC를 MP3로 | FLAC MP3 변환 | FLAC에서 MP3,오디오 변환 | 음원 변환 | 오디오 | media | FLAC | 무손실 음원 | MP3 | 음원,
ogg-mp3,ogg-mp3,platform,file,OGG → MP3,audio,media,OGG,MP3,published,true,,,,,false,false,0,?tool=ogg-mp3,?category=audio&convert=ogg-mp3,ogg-mp3,OGG를 MP3로 | OGG MP3 변환 | OGG에서 MP3,오디오 변환 | 음원 변환 | 오디오 | media | OGG | MP3 | 음원,
opus-mp3,opus-mp3,platform,file,OPUS → MP3,audio,media,OPUS,MP3,published,true,,,,,false,false,0,?tool=opus-mp3,?category=audio&convert=opus-mp3,opus-mp3,OPUS를 MP3로 | OPUS MP3 변환 | OPUS에서 MP3,오디오 변환 | 음원 변환 | 오디오 | media | OPUS | MP3 | 음원,
wma-mp3,wma-mp3,platform,file,WMA → MP3,audio,media,WMA,MP3,published,true,,,,,false,false,0,?tool=wma-mp3,?category=audio&convert=wma-mp3,wma-mp3,WMA를 MP3로 | WMA MP3 변환 | WMA에서 MP3,오디오 변환 | 음원 변환 | 오디오 | media | WMA | MP3 | 음원,
mp3-m4a,mp3-m4a,platform,file,MP3 → M4A,audio,media,MP3,M4A,published,true,,,,,false,false,0,?tool=mp3-m4a,?category=audio&convert=mp3-m4a,mp3-m4a,MP3를 M4A로 | MP3 M4A 변환 | MP3에서 M4A,오디오 변환 | 음원 변환 | 오디오 | media | MP3 | 음원 | M4A,
mp3-aac,mp3-aac,platform,file,MP3 → AAC,audio,media,MP3,AAC,published,true,,,,,false,false,0,?tool=mp3-aac,?category=audio&convert=mp3-aac,mp3-aac,MP3를 AAC로 | MP3 AAC 변환 | MP3에서 AAC,오디오 변환 | 음원 변환 | 오디오 | media | MP3 | 음원 | AAC,
mp3-flac,mp3-flac,platform,file,MP3 → FLAC,audio,media,MP3,FLAC,published,true,,,,,false,false,0,?tool=mp3-flac,?category=audio&convert=mp3-flac,mp3-flac,MP3를 FLAC로 | MP3 FLAC 변환 | MP3에서 FLAC,오디오 변환 | 음원 변환 | 오디오 | media | MP3 | 음원 | FLAC | 무손실 음원,
mp3-ogg,mp3-ogg,platform,file,MP3 → OGG,audio,media,MP3,OGG,published,true,,,,,false,false,0,?tool=mp3-ogg,?category=audio&convert=mp3-ogg,mp3-ogg,MP3를 OGG로 | MP3 OGG 변환 | MP3에서 OGG,오디오 변환 | 음원 변환 | 오디오 | media | MP3 | 음원 | OGG,
wav-flac,wav-flac,platform,file,WAV → FLAC,audio,media,WAV,FLAC,published,true,,,,,false,false,0,?tool=wav-flac,?category=audio&convert=wav-flac,wav-flac,WAV를 FLAC로 | WAV FLAC 변환 | WAV에서 FLAC,오디오 변환 | 음원 변환 | 오디오 | media | WAV | 웨이브 | FLAC | 무손실 음원,
flac-wav,flac-wav,platform,file,FLAC → WAV,audio,media,FLAC,WAV,published,true,,,,,false,false,0,?tool=flac-wav,?category=audio&convert=flac-wav,flac-wav,FLAC를 WAV로 | FLAC WAV 변환 | FLAC에서 WAV,오디오 변환 | 음원 변환 | 오디오 | media | FLAC | 무손실 음원 | WAV | 웨이브,
m4a-wav,m4a-wav,platform,file,M4A → WAV,audio,media,M4A,WAV,published,true,,,,,false,false,0,?tool=m4a-wav,?category=audio&convert=m4a-wav,m4a-wav,M4A를 WAV로 | M4A WAV 변환 | M4A에서 WAV,오디오 변환 | 음원 변환 | 오디오 | media | M4A | WAV | 웨이브,
aac-wav,aac-wav,platform,file,AAC → WAV,audio,media,AAC,WAV,published,true,,,,,false,false,0,?tool=aac-wav,?category=audio&convert=aac-wav,aac-wav,AAC를 WAV로 | AAC WAV 변환 | AAC에서 WAV,오디오 변환 | 음원 변환 | 오디오 | media | AAC | WAV | 웨이브,
hwp-pdf,hwp-pdf,platform,file,HWP → PDF,hwp,hwp,HWP,PDF,published,true,,,,,false,true,12,?tool=hwp-pdf,?category=hwp&convert=hwp-pdf,hwp-pdf,HWP를 PDF로 | HWP PDF 변환 | HWP에서 PDF,한글 문서 변환 | 한글문서 | hwp | 한글 | 한글 문서 | PDF | 피디에프 | 문서,
hwpx-pdf,hwpx-pdf,platform,file,HWPX → PDF,hwp,hwp,HWPX,PDF,published,true,,,,,false,false,0,?tool=hwpx-pdf,?category=hwp&convert=hwpx-pdf,hwpx-pdf,HWPX를 PDF로 | HWPX PDF 변환 | HWPX에서 PDF,한글 문서 변환 | 한글문서 | hwp | HWPX | 한글 | 한글 문서 | PDF | 피디에프 | 문서,
hwp-docx,hwp-docx,platform,file,HWP → DOCX,hwp,hwp,HWP,DOCX,published,true,,,,,false,false,0,?tool=hwp-docx,?category=hwp&convert=hwp-docx,hwp-docx,HWP를 DOCX로 | HWP DOCX 변환 | HWP에서 DOCX,한글 문서 변환 | 한글문서 | hwp | 한글 | 한글 문서 | DOCX | word | 워드 | 워드 문서,
hwpx-docx,hwpx-docx,platform,file,HWPX → DOCX,hwp,hwp,HWPX,DOCX,published,true,,,,,false,false,0,?tool=hwpx-docx,?category=hwp&convert=hwpx-docx,hwpx-docx,HWPX를 DOCX로 | HWPX DOCX 변환 | HWPX에서 DOCX,한글 문서 변환 | 한글문서 | hwp | HWPX | 한글 | 한글 문서 | DOCX | word | 워드 | 워드 문서,
hwp-txt,hwp-txt,platform,file,HWP → TXT,hwp,hwp,HWP,TXT,published,true,,,,,false,false,0,?tool=hwp-txt,?category=hwp&convert=hwp-txt,hwp-txt,HWP를 TXT로 | HWP TXT 변환 | HWP에서 TXT,한글 문서 변환 | 한글문서 | hwp | 한글 | 한글 문서 | TXT | 텍스트 | 메모장,
hwpx-txt,hwpx-txt,platform,file,HWPX → TXT,hwp,hwp,HWPX,TXT,published,true,,,,,false,false,0,?tool=hwpx-txt,?category=hwp&convert=hwpx-txt,hwpx-txt,HWPX를 TXT로 | HWPX TXT 변환 | HWPX에서 TXT,한글 문서 변환 | 한글문서 | hwp | HWPX | 한글 | 한글 문서 | TXT | 텍스트 | 메모장,
hwp-html,hwp-html,platform,file,HWP → HTML,hwp,hwp,HWP,HTML,published,true,,,,,false,false,0,?tool=hwp-html,?category=hwp&convert=hwp-html,hwp-html,HWP를 HTML로 | HWP HTML 변환 | HWP에서 HTML,한글 문서 변환 | 한글문서 | hwp | 한글 | 한글 문서 | HTML | htm | 웹 문서,
hwpx-html,hwpx-html,platform,file,HWPX → HTML,hwp,hwp,HWPX,HTML,published,true,,,,,false,false,0,?tool=hwpx-html,?category=hwp&convert=hwpx-html,hwpx-html,HWPX를 HTML로 | HWPX HTML 변환 | HWPX에서 HTML,한글 문서 변환 | 한글문서 | hwp | HWPX | 한글 | 한글 문서 | HTML | htm | 웹 문서,
docx-hwpx,docx-hwpx,platform,file,DOCX → HWPX,hwp,docx-hwpx,DOCX,HWPX,published,true,,,,,false,false,0,?tool=docx-hwpx,?category=hwp&convert=docx-hwpx,docx-hwpx,DOCX를 HWPX로 | DOCX HWPX 변환 | DOCX에서 HWPX,한글 문서 변환 | 한글문서 | docx-hwpx | DOCX | word | 워드 | 워드 문서 | HWPX | 한글 | 한글 문서,
pdf-hwpx,pdf-hwpx,platform,file,PDF → HWPX,hwp,pdf-hwpx,PDF,HWPX,published,true,,,,,false,false,0,?tool=pdf-hwpx,?category=hwp&convert=pdf-hwpx,pdf-hwpx,PDF를 HWPX로 | PDF HWPX 변환 | PDF에서 HWPX,한글 문서 변환 | 한글문서 | pdf-hwpx | PDF | 피디에프 | 문서 | HWPX | 한글 | 한글 문서,
json-csv,json-csv,platform,file,JSON → CSV,data,json-csv,JSON,CSV,published,true,,,,,false,false,0,?tool=json-csv,?category=data&convert=json-csv,json-csv,JSON를 CSV로 | JSON CSV 변환 | JSON에서 CSV,데이터 변환 | 표 변환 | 데이터·표 | json-csv | JSON | 제이슨 | 데이터 | CSV | 쉼표 데이터 | 표 데이터,
csv-json,csv-json,platform,file,CSV → JSON,data,csv-json,CSV,JSON,published,true,,,,,false,false,0,?tool=csv-json,?category=data&convert=csv-json,csv-json,CSV를 JSON로 | CSV JSON 변환 | CSV에서 JSON,데이터 변환 | 표 변환 | 데이터·표 | csv-json | CSV | 쉼표 데이터 | 표 데이터 | JSON | 제이슨 | 데이터,
csv-tsv,csv-tsv,platform,file,CSV → TSV,data,csv-tsv,CSV,TSV,published,true,,,,,false,false,0,?tool=csv-tsv,?category=data&convert=csv-tsv,csv-tsv,CSV를 TSV로 | CSV TSV 변환 | CSV에서 TSV,데이터 변환 | 표 변환 | 데이터·표 | csv-tsv | CSV | 쉼표 데이터 | 표 데이터 | TSV | 탭 데이터,
tsv-csv,tsv-csv,platform,file,TSV → CSV,data,tsv-csv,TSV,CSV,published,true,,,,,false,false,0,?tool=tsv-csv,?category=data&convert=tsv-csv,tsv-csv,TSV를 CSV로 | TSV CSV 변환 | TSV에서 CSV,데이터 변환 | 표 변환 | 데이터·표 | tsv-csv | TSV | 탭 데이터 | 표 데이터 | CSV | 쉼표 데이터,
json-yaml,json-yaml,platform,file,JSON → YAML,data,json-yaml,JSON,YAML,published,true,,,,,false,false,0,?tool=json-yaml,?category=data&convert=json-yaml,json-yaml,JSON를 YAML로 | JSON YAML 변환 | JSON에서 YAML,데이터 변환 | 표 변환 | 데이터·표 | json-yaml | JSON | 제이슨 | 데이터 | YAML | yml | 야믈,
yaml-json,yaml-json,platform,file,YAML → JSON,data,yaml-json,YAML,JSON,published,true,,,,,false,false,0,?tool=yaml-json,?category=data&convert=yaml-json,yaml-json,YAML를 JSON로 | YAML JSON 변환 | YAML에서 JSON,데이터 변환 | 표 변환 | 데이터·표 | yaml-json | YAML | yml | 야믈 | 데이터 | JSON | 제이슨,
json-xml,json-xml,platform,file,JSON → XML,data,json-xml,JSON,XML,published,true,,,,,false,false,0,?tool=json-xml,?category=data&convert=json-xml,json-xml,JSON를 XML로 | JSON XML 변환 | JSON에서 XML,데이터 변환 | 표 변환 | 데이터·표 | json-xml | JSON | 제이슨 | 데이터 | XML | 엑스엠엘,
xml-json,xml-json,platform,file,XML → JSON,data,xml-json,XML,JSON,published,true,,,,,false,false,0,?tool=xml-json,?category=data&convert=xml-json,xml-json,XML를 JSON로 | XML JSON 변환 | XML에서 JSON,데이터 변환 | 표 변환 | 데이터·표 | xml-json | XML | 엑스엠엘 | 데이터 | JSON | 제이슨,
csv-xml,csv-xml,platform,file,CSV → XML,data,csv-xml,CSV,XML,published,true,,,,,false,false,0,?tool=csv-xml,?category=data&convert=csv-xml,csv-xml,CSV를 XML로 | CSV XML 변환 | CSV에서 XML,데이터 변환 | 표 변환 | 데이터·표 | csv-xml | CSV | 쉼표 데이터 | 표 데이터 | XML | 엑스엠엘 | 데이터,
xml-csv,xml-csv,platform,file,XML → CSV,data,xml-csv,XML,CSV,published,true,,,,,false,false,0,?tool=xml-csv,?category=data&convert=xml-csv,xml-csv,XML를 CSV로 | XML CSV 변환 | XML에서 CSV,데이터 변환 | 표 변환 | 데이터·표 | xml-csv | XML | 엑스엠엘 | 데이터 | CSV | 쉼표 데이터 | 표 데이터,
yaml-xml,yaml-xml,platform,file,YAML → XML,data,yaml-xml,YAML,XML,published,true,,,,,false,false,0,?tool=yaml-xml,?category=data&convert=yaml-xml,yaml-xml,YAML를 XML로 | YAML XML 변환 | YAML에서 XML,데이터 변환 | 표 변환 | 데이터·표 | yaml-xml | YAML | yml | 야믈 | 데이터 | XML | 엑스엠엘,
xml-yaml,xml-yaml,platform,file,XML → YAML,data,xml-yaml,XML,YAML,published,true,,,,,false,false,0,?tool=xml-yaml,?category=data&convert=xml-yaml,xml-yaml,XML를 YAML로 | XML YAML 변환 | XML에서 YAML,데이터 변환 | 표 변환 | 데이터·표 | xml-yaml | XML | 엑스엠엘 | 데이터 | YAML | yml | 야믈,
xlsx-json,xlsx-json,platform,file,XLSX → JSON,data,xlsx-json,XLSX,JSON,published,true,,,,,false,false,0,?tool=xlsx-json,?category=data&convert=xlsx-json,xlsx-json,XLSX를 JSON로 | XLSX JSON 변환 | XLSX에서 JSON,데이터 변환 | 표 변환 | 데이터·표 | xlsx-json | XLSX | excel | 엑셀 | 엑셀 파일 | JSON | 제이슨 | 데이터,
json-xlsx,json-xlsx,platform,file,JSON → XLSX,data,json-xlsx,JSON,XLSX,published,true,,,,,false,false,0,?tool=json-xlsx,?category=data&convert=json-xlsx,json-xlsx,JSON를 XLSX로 | JSON XLSX 변환 | JSON에서 XLSX,데이터 변환 | 표 변환 | 데이터·표 | json-xlsx | JSON | 제이슨 | 데이터 | XLSX | excel | 엑셀 | 엑셀 파일,
xlsx-csv,xlsx-csv,platform,file,XLSX → CSV,data,xlsx-csv,XLSX,CSV,published,true,,,,,false,false,0,?tool=xlsx-csv,?category=data&convert=xlsx-csv,xlsx-csv,XLSX를 CSV로 | XLSX CSV 변환 | XLSX에서 CSV,데이터 변환 | 표 변환 | 데이터·표 | xlsx-csv | XLSX | excel | 엑셀 | 엑셀 파일 | CSV | 쉼표 데이터 | 표 데이터,
csv-xlsx,csv-xlsx,platform,file,CSV → XLSX,data,csv-xlsx,CSV,XLSX,published,true,,,,,false,false,0,?tool=csv-xlsx,?category=data&convert=csv-xlsx,csv-xlsx,CSV를 XLSX로 | CSV XLSX 변환 | CSV에서 XLSX,데이터 변환 | 표 변환 | 데이터·표 | csv-xlsx | CSV | 쉼표 데이터 | 표 데이터 | XLSX | excel | 엑셀 | 엑셀 파일,
csv-markdown-table,csv-markdown-table,platform,file,CSV → 마크다운 표,data,csv-markdown-table,CSV,MARKDOWN,published,true,,,,,false,false,0,?tool=csv-markdown-table,?category=data&convert=csv-markdown-table,csv-markdown-table,CSV를 MARKDOWN로 | CSV MARKDOWN 변환 | CSV에서 MARKDOWN,데이터 변환 | 표 변환 | 데이터·표 | csv-markdown-table | CSV | 쉼표 데이터 | 표 데이터 | MARKDOWN,
markdown-table-csv,markdown-table-csv,platform,file,마크다운 표 → CSV,data,markdown-table-csv,MARKDOWN,CSV,published,true,,,,,false,false,0,?tool=markdown-table-csv,?category=data&convert=markdown-table-csv,markdown-table-csv,MARKDOWN를 CSV로 | MARKDOWN CSV 변환 | MARKDOWN에서 CSV,데이터 변환 | 표 변환 | 데이터·표 | markdown-table-csv | MARKDOWN | CSV | 쉼표 데이터 | 표 데이터,
tsv-markdown-table,tsv-markdown-table,platform,file,TSV → 마크다운 표,data,tsv-markdown-table,TSV,MARKDOWN,published,true,,,,,false,false,0,?tool=tsv-markdown-table,?category=data&convert=tsv-markdown-table,tsv-markdown-table,TSV를 MARKDOWN로 | TSV MARKDOWN 변환 | TSV에서 MARKDOWN,데이터 변환 | 표 변환 | 데이터·표 | tsv-markdown-table | TSV | 탭 데이터 | 표 데이터 | MARKDOWN,
markdown-table-tsv,markdown-table-tsv,platform,file,마크다운 표 → TSV,data,markdown-table-tsv,MARKDOWN,TSV,published,true,,,,,false,false,0,?tool=markdown-table-tsv,?category=data&convert=markdown-table-tsv,markdown-table-tsv,MARKDOWN를 TSV로 | MARKDOWN TSV 변환 | MARKDOWN에서 TSV,데이터 변환 | 표 변환 | 데이터·표 | markdown-table-tsv | MARKDOWN | TSV | 탭 데이터 | 표 데이터,
csv-html-table,csv-html-table,platform,file,CSV → HTML 표,data,csv-html-table,CSV,HTML TABLE,published,true,,,,,false,false,0,?tool=csv-html-table,?category=data&convert=csv-html-table,csv-html-table,CSV를 HTML TABLE로 | CSV HTML TABLE 변환 | CSV에서 HTML TABLE,데이터 변환 | 표 변환 | 데이터·표 | csv-html-table | CSV | 쉼표 데이터 | 표 데이터 | HTML TABLE,
html-table-csv,html-table-csv,platform,file,HTML 표 → CSV,data,html-table-csv,HTML TABLE,CSV,published,true,,,,,false,false,0,?tool=html-table-csv,?category=data&convert=html-table-csv,html-table-csv,HTML TABLE를 CSV로 | HTML TABLE CSV 변환 | HTML TABLE에서 CSV,데이터 변환 | 표 변환 | 데이터·표 | html-table-csv | HTML TABLE | CSV | 쉼표 데이터 | 표 데이터,
tsv-html-table,tsv-html-table,platform,file,TSV → HTML 표,data,tsv-html-table,TSV,HTML TABLE,published,true,,,,,false,false,0,?tool=tsv-html-table,?category=data&convert=tsv-html-table,tsv-html-table,TSV를 HTML TABLE로 | TSV HTML TABLE 변환 | TSV에서 HTML TABLE,데이터 변환 | 표 변환 | 데이터·표 | tsv-html-table | TSV | 탭 데이터 | 표 데이터 | HTML TABLE,
html-table-tsv,html-table-tsv,platform,file,HTML 표 → TSV,data,html-table-tsv,HTML TABLE,TSV,published,true,,,,,false,false,0,?tool=html-table-tsv,?category=data&convert=html-table-tsv,html-table-tsv,HTML TABLE를 TSV로 | HTML TABLE TSV 변환 | HTML TABLE에서 TSV,데이터 변환 | 표 변환 | 데이터·표 | html-table-tsv | HTML TABLE | TSV | 탭 데이터 | 표 데이터,
csv-semicolon,csv-semicolon,platform,file,CSV → 세미콜론 CSV,data,csv-semicolon,CSV,SEMICOLON CSV,published,true,,,,,false,false,0,?tool=csv-semicolon,?category=data&convert=csv-semicolon,csv-semicolon,CSV를 SEMICOLON CSV로 | CSV SEMICOLON CSV 변환 | CSV에서 SEMICOLON CSV,데이터 변환 | 표 변환 | 데이터·표 | csv-semicolon | CSV | 쉼표 데이터 | 표 데이터 | SEMICOLON CSV,
semicolon-csv,semicolon-csv,platform,file,세미콜론 CSV → CSV,data,semicolon-csv,SEMICOLON CSV,CSV,published,true,,,,,false,false,0,?tool=semicolon-csv,?category=data&convert=semicolon-csv,semicolon-csv,SEMICOLON CSV를 CSV로 | SEMICOLON CSV CSV 변환 | SEMICOLON CSV에서 CSV,데이터 변환 | 표 변환 | 데이터·표 | semicolon-csv | SEMICOLON CSV | CSV | 쉼표 데이터 | 표 데이터,
csv-pipe-table,csv-pipe-table,platform,file,CSV → 파이프 표,data,csv-pipe-table,CSV,PIPE TABLE,published,true,,,,,false,false,0,?tool=csv-pipe-table,?category=data&convert=csv-pipe-table,csv-pipe-table,CSV를 PIPE TABLE로 | CSV PIPE TABLE 변환 | CSV에서 PIPE TABLE,데이터 변환 | 표 변환 | 데이터·표 | csv-pipe-table | CSV | 쉼표 데이터 | 표 데이터 | PIPE TABLE,
pipe-table-csv,pipe-table-csv,platform,file,파이프 표 → CSV,data,pipe-table-csv,PIPE TABLE,CSV,published,true,,,,,false,false,0,?tool=pipe-table-csv,?category=data&convert=pipe-table-csv,pipe-table-csv,PIPE TABLE를 CSV로 | PIPE TABLE CSV 변환 | PIPE TABLE에서 CSV,데이터 변환 | 표 변환 | 데이터·표 | pipe-table-csv | PIPE TABLE | CSV | 쉼표 데이터 | 표 데이터,
csv-json-columns,csv-json-columns,platform,file,CSV → 열 중심 JSON,data,csv-json-columns,CSV,JSON COLUMNS,published,true,,,,,false,false,0,?tool=csv-json-columns,?category=data&convert=csv-json-columns,csv-json-columns,CSV를 JSON COLUMNS로 | CSV JSON COLUMNS 변환 | CSV에서 JSON COLUMNS,데이터 변환 | 표 변환 | 데이터·표 | csv-json-columns | CSV | 쉼표 데이터 | 표 데이터 | JSON COLUMNS,
json-columns-csv,json-columns-csv,platform,file,열 중심 JSON → CSV,data,json-columns-csv,JSON COLUMNS,CSV,published,true,,,,,false,false,0,?tool=json-columns-csv,?category=data&convert=json-columns-csv,json-columns-csv,JSON COLUMNS를 CSV로 | JSON COLUMNS CSV 변환 | JSON COLUMNS에서 CSV,데이터 변환 | 표 변환 | 데이터·표 | json-columns-csv | JSON COLUMNS | CSV | 쉼표 데이터 | 표 데이터,
csv-transpose,csv-transpose,platform,file,CSV 행·열 바꾸기,data,csv-transpose,CSV,TRANSPOSED CSV,published,true,,,,,false,false,0,?tool=csv-transpose,?category=data&convert=csv-transpose,csv-transpose,CSV를 TRANSPOSED CSV로 | CSV TRANSPOSED CSV 변환 | CSV에서 TRANSPOSED CSV,데이터 변환 | 표 변환 | 데이터·표 | csv-transpose | CSV | 쉼표 데이터 | 표 데이터 | TRANSPOSED CSV,
tsv-transpose,tsv-transpose,platform,file,TSV 행·열 바꾸기,data,tsv-transpose,TSV,TRANSPOSED TSV,published,true,,,,,false,false,0,?tool=tsv-transpose,?category=data&convert=tsv-transpose,tsv-transpose,TSV를 TRANSPOSED TSV로 | TSV TRANSPOSED TSV 변환 | TSV에서 TRANSPOSED TSV,데이터 변환 | 표 변환 | 데이터·표 | tsv-transpose | TSV | 탭 데이터 | 표 데이터 | TRANSPOSED TSV,
csv-remove-empty-rows,csv-remove-empty-rows,platform,file,CSV 빈 행 제거,data,csv-remove-empty-rows,CSV,CLEAN CSV,published,true,,,,,false,false,0,?tool=csv-remove-empty-rows,?category=data&convert=csv-remove-empty-rows,csv-remove-empty-rows,CSV를 CLEAN CSV로 | CSV CLEAN CSV 변환 | CSV에서 CLEAN CSV,데이터 변환 | 표 변환 | 데이터·표 | csv-remove-empty-rows | CSV | 쉼표 데이터 | 표 데이터 | CLEAN CSV,
tsv-remove-empty-rows,tsv-remove-empty-rows,platform,file,TSV 빈 행 제거,data,tsv-remove-empty-rows,TSV,CLEAN TSV,published,true,,,,,false,false,0,?tool=tsv-remove-empty-rows,?category=data&convert=tsv-remove-empty-rows,tsv-remove-empty-rows,TSV를 CLEAN TSV로 | TSV CLEAN TSV 변환 | TSV에서 CLEAN TSV,데이터 변환 | 표 변환 | 데이터·표 | tsv-remove-empty-rows | TSV | 탭 데이터 | 표 데이터 | CLEAN TSV,
csv-sort-first-asc,csv-sort-first-asc,platform,file,CSV 첫 열 오름차순 정렬,data,csv-sort-first-asc,CSV,SORTED CSV,published,true,,,,,false,false,0,?tool=csv-sort-first-asc,?category=data&convert=csv-sort-first-asc,csv-sort-first-asc,CSV를 SORTED CSV로 | CSV SORTED CSV 변환 | CSV에서 SORTED CSV,데이터 변환 | 표 변환 | 데이터·표 | csv-sort-first-asc | CSV | 쉼표 데이터 | 표 데이터 | SORTED CSV,
csv-sort-first-desc,csv-sort-first-desc,platform,file,CSV 첫 열 내림차순 정렬,data,csv-sort-first-desc,CSV,SORTED CSV,published,true,,,,,false,false,0,?tool=csv-sort-first-desc,?category=data&convert=csv-sort-first-desc,csv-sort-first-desc,CSV를 SORTED CSV로 | CSV SORTED CSV 변환 | CSV에서 SORTED CSV,데이터 변환 | 표 변환 | 데이터·표 | csv-sort-first-desc | CSV | 쉼표 데이터 | 표 데이터 | SORTED CSV,
tsv-sort-first-asc,tsv-sort-first-asc,platform,file,TSV 첫 열 오름차순 정렬,data,tsv-sort-first-asc,TSV,SORTED TSV,published,true,,,,,false,false,0,?tool=tsv-sort-first-asc,?category=data&convert=tsv-sort-first-asc,tsv-sort-first-asc,TSV를 SORTED TSV로 | TSV SORTED TSV 변환 | TSV에서 SORTED TSV,데이터 변환 | 표 변환 | 데이터·표 | tsv-sort-first-asc | TSV | 탭 데이터 | 표 데이터 | SORTED TSV,
tsv-sort-first-desc,tsv-sort-first-desc,platform,file,TSV 첫 열 내림차순 정렬,data,tsv-sort-first-desc,TSV,SORTED TSV,published,true,,,,,false,false,0,?tool=tsv-sort-first-desc,?category=data&convert=tsv-sort-first-desc,tsv-sort-first-desc,TSV를 SORTED TSV로 | TSV SORTED TSV 변환 | TSV에서 SORTED TSV,데이터 변환 | 표 변환 | 데이터·표 | tsv-sort-first-desc | TSV | 탭 데이터 | 표 데이터 | SORTED TSV,
csv-deduplicate-rows,csv-deduplicate-rows,platform,file,CSV 중복 행 제거,data,csv-deduplicate-rows,CSV,UNIQUE CSV,published,true,,,,,false,false,0,?tool=csv-deduplicate-rows,?category=data&convert=csv-deduplicate-rows,csv-deduplicate-rows,CSV를 UNIQUE CSV로 | CSV UNIQUE CSV 변환 | CSV에서 UNIQUE CSV,데이터 변환 | 표 변환 | 데이터·표 | csv-deduplicate-rows | CSV | 쉼표 데이터 | 표 데이터 | UNIQUE CSV,
tsv-deduplicate-rows,tsv-deduplicate-rows,platform,file,TSV 중복 행 제거,data,tsv-deduplicate-rows,TSV,UNIQUE TSV,published,true,,,,,false,false,0,?tool=tsv-deduplicate-rows,?category=data&convert=tsv-deduplicate-rows,tsv-deduplicate-rows,TSV를 UNIQUE TSV로 | TSV UNIQUE TSV 변환 | TSV에서 UNIQUE TSV,데이터 변환 | 표 변환 | 데이터·표 | tsv-deduplicate-rows | TSV | 탭 데이터 | 표 데이터 | UNIQUE TSV,
csv-header-lines,csv-header-lines,platform,file,CSV 헤더 → 줄 목록,data,csv-header-lines,CSV,HEADER LINES,published,true,,,,,false,false,0,?tool=csv-header-lines,?category=data&convert=csv-header-lines,csv-header-lines,CSV를 HEADER LINES로 | CSV HEADER LINES 변환 | CSV에서 HEADER LINES,데이터 변환 | 표 변환 | 데이터·표 | csv-header-lines | CSV | 쉼표 데이터 | 표 데이터 | HEADER LINES,
json-sort-keys,json-sort-keys,platform,file,JSON 키 정렬,data,json-sort-keys,JSON,SORTED JSON,published,true,,,,,false,false,0,?tool=json-sort-keys,?category=data&convert=json-sort-keys,json-sort-keys,JSON를 SORTED JSON로 | JSON SORTED JSON 변환 | JSON에서 SORTED JSON,데이터 변환 | 표 변환 | 데이터·표 | json-sort-keys | JSON | 제이슨 | 데이터 | SORTED JSON,
json-flatten,json-flatten,platform,file,JSON → 평면 JSON,data,json-flatten,JSON,FLAT JSON,published,true,,,,,false,false,0,?tool=json-flatten,?category=data&convert=json-flatten,json-flatten,JSON를 FLAT JSON로 | JSON FLAT JSON 변환 | JSON에서 FLAT JSON,데이터 변환 | 표 변환 | 데이터·표 | json-flatten | JSON | 제이슨 | 데이터 | FLAT JSON,
json-unflatten,json-unflatten,platform,file,평면 JSON → 중첩 JSON,data,json-unflatten,FLAT JSON,NESTED JSON,published,true,,,,,false,false,0,?tool=json-unflatten,?category=data&convert=json-unflatten,json-unflatten,FLAT JSON를 NESTED JSON로 | FLAT JSON NESTED JSON 변환 | FLAT JSON에서 NESTED JSON,데이터 변환 | 표 변환 | 데이터·표 | json-unflatten | FLAT JSON | NESTED JSON,
json-markdown-table,json-markdown-table,platform,file,JSON 배열 → 마크다운 표,data,json-markdown-table,JSON ARRAY,MARKDOWN,published,true,,,,,false,false,0,?tool=json-markdown-table,?category=data&convert=json-markdown-table,json-markdown-table,JSON ARRAY를 MARKDOWN로 | JSON ARRAY MARKDOWN 변환 | JSON ARRAY에서 MARKDOWN,데이터 변환 | 표 변환 | 데이터·표 | json-markdown-table | JSON ARRAY | MARKDOWN,
markdown-table-json,markdown-table-json,platform,file,마크다운 표 → JSON 배열,data,markdown-table-json,MARKDOWN,JSON ARRAY,published,true,,,,,false,false,0,?tool=markdown-table-json,?category=data&convert=markdown-table-json,markdown-table-json,MARKDOWN를 JSON ARRAY로 | MARKDOWN JSON ARRAY 변환 | MARKDOWN에서 JSON ARRAY,데이터 변환 | 표 변환 | 데이터·표 | markdown-table-json | MARKDOWN | JSON ARRAY,
csv-trim-cells,csv-trim-cells,platform,file,CSV 셀 공백 정리,data,csv-trim-cells,CSV,CLEAN CSV,published,true,,,,,false,false,0,?tool=csv-trim-cells,?category=data&convert=csv-trim-cells,csv-trim-cells,CSV를 CLEAN CSV로 | CSV CLEAN CSV 변환 | CSV에서 CLEAN CSV,데이터 변환 | 표 변환 | 데이터·표 | csv-trim-cells | CSV | 쉼표 데이터 | 표 데이터 | CLEAN CSV,
tsv-trim-cells,tsv-trim-cells,platform,file,TSV 셀 공백 정리,data,tsv-trim-cells,TSV,CLEAN TSV,published,true,,,,,false,false,0,?tool=tsv-trim-cells,?category=data&convert=tsv-trim-cells,tsv-trim-cells,TSV를 CLEAN TSV로 | TSV CLEAN TSV 변환 | TSV에서 CLEAN TSV,데이터 변환 | 표 변환 | 데이터·표 | tsv-trim-cells | TSV | 탭 데이터 | 표 데이터 | CLEAN TSV,
csv-remove-empty-columns,csv-remove-empty-columns,platform,file,CSV 빈 열 제거,data,csv-remove-empty-columns,CSV,COMPACT CSV,published,true,,,,,false,false,0,?tool=csv-remove-empty-columns,?category=data&convert=csv-remove-empty-columns,csv-remove-empty-columns,CSV를 COMPACT CSV로 | CSV COMPACT CSV 변환 | CSV에서 COMPACT CSV,데이터 변환 | 표 변환 | 데이터·표 | csv-remove-empty-columns | CSV | 쉼표 데이터 | 표 데이터 | COMPACT CSV,
tsv-remove-empty-columns,tsv-remove-empty-columns,platform,file,TSV 빈 열 제거,data,tsv-remove-empty-columns,TSV,COMPACT TSV,published,true,,,,,false,false,0,?tool=tsv-remove-empty-columns,?category=data&convert=tsv-remove-empty-columns,tsv-remove-empty-columns,TSV를 COMPACT TSV로 | TSV COMPACT TSV 변환 | TSV에서 COMPACT TSV,데이터 변환 | 표 변환 | 데이터·표 | tsv-remove-empty-columns | TSV | 탭 데이터 | 표 데이터 | COMPACT TSV,
csv-normalize-columns,csv-normalize-columns,platform,file,CSV 열 수 맞춤,data,csv-normalize-columns,CSV,NORMALIZED CSV,published,true,,,,,false,false,0,?tool=csv-normalize-columns,?category=data&convert=csv-normalize-columns,csv-normalize-columns,CSV를 NORMALIZED CSV로 | CSV NORMALIZED CSV 변환 | CSV에서 NORMALIZED CSV,데이터 변환 | 표 변환 | 데이터·표 | csv-normalize-columns | CSV | 쉼표 데이터 | 표 데이터 | NORMALIZED CSV,
tsv-normalize-columns,tsv-normalize-columns,platform,file,TSV 열 수 맞춤,data,tsv-normalize-columns,TSV,NORMALIZED TSV,published,true,,,,,false,false,0,?tool=tsv-normalize-columns,?category=data&convert=tsv-normalize-columns,tsv-normalize-columns,TSV를 NORMALIZED TSV로 | TSV NORMALIZED TSV 변환 | TSV에서 NORMALIZED TSV,데이터 변환 | 표 변환 | 데이터·표 | tsv-normalize-columns | TSV | 탭 데이터 | 표 데이터 | NORMALIZED TSV,
csv-add-row-numbers,csv-add-row-numbers,platform,file,CSV 행 번호 추가,data,csv-add-row-numbers,CSV,NUMBERED CSV,published,true,,,,,false,false,0,?tool=csv-add-row-numbers,?category=data&convert=csv-add-row-numbers,csv-add-row-numbers,CSV를 NUMBERED CSV로 | CSV NUMBERED CSV 변환 | CSV에서 NUMBERED CSV,데이터 변환 | 표 변환 | 데이터·표 | csv-add-row-numbers | CSV | 쉼표 데이터 | 표 데이터 | NUMBERED CSV,
tsv-add-row-numbers,tsv-add-row-numbers,platform,file,TSV 행 번호 추가,data,tsv-add-row-numbers,TSV,NUMBERED TSV,published,true,,,,,false,false,0,?tool=tsv-add-row-numbers,?category=data&convert=tsv-add-row-numbers,tsv-add-row-numbers,TSV를 NUMBERED TSV로 | TSV NUMBERED TSV 변환 | TSV에서 NUMBERED TSV,데이터 변환 | 표 변환 | 데이터·표 | tsv-add-row-numbers | TSV | 탭 데이터 | 표 데이터 | NUMBERED TSV,
csv-reverse-rows,csv-reverse-rows,platform,file,CSV 행 순서 뒤집기,data,csv-reverse-rows,CSV,REVERSED CSV,published,true,,,,,false,false,0,?tool=csv-reverse-rows,?category=data&convert=csv-reverse-rows,csv-reverse-rows,CSV를 REVERSED CSV로 | CSV REVERSED CSV 변환 | CSV에서 REVERSED CSV,데이터 변환 | 표 변환 | 데이터·표 | csv-reverse-rows | CSV | 쉼표 데이터 | 표 데이터 | REVERSED CSV,
tsv-reverse-rows,tsv-reverse-rows,platform,file,TSV 행 순서 뒤집기,data,tsv-reverse-rows,TSV,REVERSED TSV,published,true,,,,,false,false,0,?tool=tsv-reverse-rows,?category=data&convert=tsv-reverse-rows,tsv-reverse-rows,TSV를 REVERSED TSV로 | TSV REVERSED TSV 변환 | TSV에서 REVERSED TSV,데이터 변환 | 표 변환 | 데이터·표 | tsv-reverse-rows | TSV | 탭 데이터 | 표 데이터 | REVERSED TSV,
csv-uppercase-headers,csv-uppercase-headers,platform,file,CSV 헤더 대문자 변환,data,csv-uppercase-headers,CSV,UPPER HEADER CSV,published,true,,,,,false,false,0,?tool=csv-uppercase-headers,?category=data&convert=csv-uppercase-headers,csv-uppercase-headers,CSV를 UPPER HEADER CSV로 | CSV UPPER HEADER CSV 변환 | CSV에서 UPPER HEADER CSV,데이터 변환 | 표 변환 | 데이터·표 | csv-uppercase-headers | CSV | 쉼표 데이터 | 표 데이터 | UPPER HEADER CSV,
tsv-uppercase-headers,tsv-uppercase-headers,platform,file,TSV 헤더 대문자 변환,data,tsv-uppercase-headers,TSV,UPPER HEADER TSV,published,true,,,,,false,false,0,?tool=tsv-uppercase-headers,?category=data&convert=tsv-uppercase-headers,tsv-uppercase-headers,TSV를 UPPER HEADER TSV로 | TSV UPPER HEADER TSV 변환 | TSV에서 UPPER HEADER TSV,데이터 변환 | 표 변환 | 데이터·표 | tsv-uppercase-headers | TSV | 탭 데이터 | 표 데이터 | UPPER HEADER TSV,
csv-lowercase-headers,csv-lowercase-headers,platform,file,CSV 헤더 소문자 변환,data,csv-lowercase-headers,CSV,LOWER HEADER CSV,published,true,,,,,false,false,0,?tool=csv-lowercase-headers,?category=data&convert=csv-lowercase-headers,csv-lowercase-headers,CSV를 LOWER HEADER CSV로 | CSV LOWER HEADER CSV 변환 | CSV에서 LOWER HEADER CSV,데이터 변환 | 표 변환 | 데이터·표 | csv-lowercase-headers | CSV | 쉼표 데이터 | 표 데이터 | LOWER HEADER CSV,
tsv-lowercase-headers,tsv-lowercase-headers,platform,file,TSV 헤더 소문자 변환,data,tsv-lowercase-headers,TSV,LOWER HEADER TSV,published,true,,,,,false,false,0,?tool=tsv-lowercase-headers,?category=data&convert=tsv-lowercase-headers,tsv-lowercase-headers,TSV를 LOWER HEADER TSV로 | TSV LOWER HEADER TSV 변환 | TSV에서 LOWER HEADER TSV,데이터 변환 | 표 변환 | 데이터·표 | tsv-lowercase-headers | TSV | 탭 데이터 | 표 데이터 | LOWER HEADER TSV,
csv-sort-headers,csv-sort-headers,platform,file,CSV 열 이름순 정렬,data,csv-sort-headers,CSV,SORTED COLUMN CSV,published,true,,,,,false,false,0,?tool=csv-sort-headers,?category=data&convert=csv-sort-headers,csv-sort-headers,CSV를 SORTED COLUMN CSV로 | CSV SORTED COLUMN CSV 변환 | CSV에서 SORTED COLUMN CSV,데이터 변환 | 표 변환 | 데이터·표 | csv-sort-headers | CSV | 쉼표 데이터 | 표 데이터 | SORTED COLUMN CSV,
tsv-sort-headers,tsv-sort-headers,platform,file,TSV 열 이름순 정렬,data,tsv-sort-headers,TSV,SORTED COLUMN TSV,published,true,,,,,false,false,0,?tool=tsv-sort-headers,?category=data&convert=tsv-sort-headers,tsv-sort-headers,TSV를 SORTED COLUMN TSV로 | TSV SORTED COLUMN TSV 변환 | TSV에서 SORTED COLUMN TSV,데이터 변환 | 표 변환 | 데이터·표 | tsv-sort-headers | TSV | 탭 데이터 | 표 데이터 | SORTED COLUMN TSV,
csv-json-keyed,csv-json-keyed,platform,file,CSV → 키 기반 JSON,data,csv-json-keyed,CSV,KEYED JSON,published,true,,,,,false,false,0,?tool=csv-json-keyed,?category=data&convert=csv-json-keyed,csv-json-keyed,CSV를 KEYED JSON로 | CSV KEYED JSON 변환 | CSV에서 KEYED JSON,데이터 변환 | 표 변환 | 데이터·표 | csv-json-keyed | CSV | 쉼표 데이터 | 표 데이터 | KEYED JSON,
json-keyed-csv,json-keyed-csv,platform,file,키 기반 JSON → CSV,data,json-keyed-csv,KEYED JSON,CSV,published,true,,,,,false,false,0,?tool=json-keyed-csv,?category=data&convert=json-keyed-csv,json-keyed-csv,KEYED JSON를 CSV로 | KEYED JSON CSV 변환 | KEYED JSON에서 CSV,데이터 변환 | 표 변환 | 데이터·표 | json-keyed-csv | KEYED JSON | CSV | 쉼표 데이터 | 표 데이터,
tsv-json-columns,tsv-json-columns,platform,file,TSV → 열 기반 JSON,data,tsv-json-columns,TSV,JSON COLUMNS,published,true,,,,,false,false,0,?tool=tsv-json-columns,?category=data&convert=tsv-json-columns,tsv-json-columns,TSV를 JSON COLUMNS로 | TSV JSON COLUMNS 변환 | TSV에서 JSON COLUMNS,데이터 변환 | 표 변환 | 데이터·표 | tsv-json-columns | TSV | 탭 데이터 | 표 데이터 | JSON COLUMNS,
json-columns-tsv,json-columns-tsv,platform,file,열 기반 JSON → TSV,data,json-columns-tsv,JSON COLUMNS,TSV,published,true,,,,,false,false,0,?tool=json-columns-tsv,?category=data&convert=json-columns-tsv,json-columns-tsv,JSON COLUMNS를 TSV로 | JSON COLUMNS TSV 변환 | JSON COLUMNS에서 TSV,데이터 변환 | 표 변환 | 데이터·표 | json-columns-tsv | JSON COLUMNS | TSV | 탭 데이터 | 표 데이터,
csv-json-values,csv-json-values,platform,file,CSV → 2차원 JSON 배열,data,csv-json-values,CSV,JSON VALUES,published,true,,,,,false,false,0,?tool=csv-json-values,?category=data&convert=csv-json-values,csv-json-values,CSV를 JSON VALUES로 | CSV JSON VALUES 변환 | CSV에서 JSON VALUES,데이터 변환 | 표 변환 | 데이터·표 | csv-json-values | CSV | 쉼표 데이터 | 표 데이터 | JSON VALUES,
json-values-csv,json-values-csv,platform,file,2차원 JSON 배열 → CSV,data,json-values-csv,JSON VALUES,CSV,published,true,,,,,false,false,0,?tool=json-values-csv,?category=data&convert=json-values-csv,json-values-csv,JSON VALUES를 CSV로 | JSON VALUES CSV 변환 | JSON VALUES에서 CSV,데이터 변환 | 표 변환 | 데이터·표 | json-values-csv | JSON VALUES | CSV | 쉼표 데이터 | 표 데이터,
tsv-json-values,tsv-json-values,platform,file,TSV → 2차원 JSON 배열,data,tsv-json-values,TSV,JSON VALUES,published,true,,,,,false,false,0,?tool=tsv-json-values,?category=data&convert=tsv-json-values,tsv-json-values,TSV를 JSON VALUES로 | TSV JSON VALUES 변환 | TSV에서 JSON VALUES,데이터 변환 | 표 변환 | 데이터·표 | tsv-json-values | TSV | 탭 데이터 | 표 데이터 | JSON VALUES,
json-values-tsv,json-values-tsv,platform,file,2차원 JSON 배열 → TSV,data,json-values-tsv,JSON VALUES,TSV,published,true,,,,,false,false,0,?tool=json-values-tsv,?category=data&convert=json-values-tsv,json-values-tsv,JSON VALUES를 TSV로 | JSON VALUES TSV 변환 | JSON VALUES에서 TSV,데이터 변환 | 표 변환 | 데이터·표 | json-values-tsv | JSON VALUES | TSV | 탭 데이터 | 표 데이터,
tsv-json,tsv-json,platform,file,TSV → JSON,data,tsv-json,TSV,JSON,published,true,,,,,false,false,0,?tool=tsv-json,?category=data&convert=tsv-json,tsv-json,TSV를 JSON로 | TSV JSON 변환 | TSV에서 JSON,데이터 변환 | 표 변환 | 데이터·표 | tsv-json | TSV | 탭 데이터 | 표 데이터 | JSON | 제이슨 | 데이터,
json-tsv,json-tsv,platform,file,JSON → TSV,data,json-tsv,JSON,TSV,published,true,,,,,false,false,0,?tool=json-tsv,?category=data&convert=json-tsv,json-tsv,JSON를 TSV로 | JSON TSV 변환 | JSON에서 TSV,데이터 변환 | 표 변환 | 데이터·표 | json-tsv | JSON | 제이슨 | 데이터 | TSV | 탭 데이터 | 표 데이터,
csv-yaml,csv-yaml,platform,file,CSV → YAML,data,csv-yaml,CSV,YAML,published,true,,,,,false,false,0,?tool=csv-yaml,?category=data&convert=csv-yaml,csv-yaml,CSV를 YAML로 | CSV YAML 변환 | CSV에서 YAML,데이터 변환 | 표 변환 | 데이터·표 | csv-yaml | CSV | 쉼표 데이터 | 표 데이터 | YAML | yml | 야믈 | 데이터,
yaml-csv,yaml-csv,platform,file,YAML → CSV,data,yaml-csv,YAML,CSV,published,true,,,,,false,false,0,?tool=yaml-csv,?category=data&convert=yaml-csv,yaml-csv,YAML를 CSV로 | YAML CSV 변환 | YAML에서 CSV,데이터 변환 | 표 변환 | 데이터·표 | yaml-csv | YAML | yml | 야믈 | 데이터 | CSV | 쉼표 데이터 | 표 데이터,
tsv-yaml,tsv-yaml,platform,file,TSV → YAML,data,tsv-yaml,TSV,YAML,published,true,,,,,false,false,0,?tool=tsv-yaml,?category=data&convert=tsv-yaml,tsv-yaml,TSV를 YAML로 | TSV YAML 변환 | TSV에서 YAML,데이터 변환 | 표 변환 | 데이터·표 | tsv-yaml | TSV | 탭 데이터 | 표 데이터 | YAML | yml | 야믈 | 데이터,
yaml-tsv,yaml-tsv,platform,file,YAML → TSV,data,yaml-tsv,YAML,TSV,published,true,,,,,false,false,0,?tool=yaml-tsv,?category=data&convert=yaml-tsv,yaml-tsv,YAML를 TSV로 | YAML TSV 변환 | YAML에서 TSV,데이터 변환 | 표 변환 | 데이터·표 | yaml-tsv | YAML | yml | 야믈 | 데이터 | TSV | 탭 데이터 | 표 데이터,
srt-vtt,srt-vtt,platform,file,SRT → VTT,subtitle,srt-vtt,SRT,VTT,published,true,,,,,false,false,0,?tool=srt-vtt,?category=subtitle&convert=srt-vtt,srt-vtt,SRT를 VTT로 | SRT VTT 변환 | SRT에서 VTT,자막 변환 | 자막 | srt-vtt | SRT | VTT | 웹 자막,
vtt-srt,vtt-srt,platform,file,VTT → SRT,subtitle,vtt-srt,VTT,SRT,published,true,,,,,false,false,0,?tool=vtt-srt,?category=subtitle&convert=vtt-srt,vtt-srt,VTT를 SRT로 | VTT SRT 변환 | VTT에서 SRT,자막 변환 | 자막 | vtt-srt | VTT | 웹 자막 | SRT,
ass-srt,ass-srt,platform,file,ASS → SRT,subtitle,ass-srt,ASS,SRT,published,true,,,,,false,false,0,?tool=ass-srt,?category=subtitle&convert=ass-srt,ass-srt,ASS를 SRT로 | ASS SRT 변환 | ASS에서 SRT,자막 변환 | 자막 | ass-srt | ASS | SRT,
ssa-srt,ssa-srt,platform,file,SSA → SRT,subtitle,ssa-srt,SSA,SRT,published,true,,,,,false,false,0,?tool=ssa-srt,?category=subtitle&convert=ssa-srt,ssa-srt,SSA를 SRT로 | SSA SRT 변환 | SSA에서 SRT,자막 변환 | 자막 | ssa-srt | SSA | SRT,
srt-ass,srt-ass,platform,file,SRT → ASS,subtitle,srt-ass,SRT,ASS,published,true,,,,,false,false,0,?tool=srt-ass,?category=subtitle&convert=srt-ass,srt-ass,SRT를 ASS로 | SRT ASS 변환 | SRT에서 ASS,자막 변환 | 자막 | srt-ass | SRT | ASS,
srt-ssa,srt-ssa,platform,file,SRT → SSA,subtitle,srt-ssa,SRT,SSA,published,true,,,,,false,false,0,?tool=srt-ssa,?category=subtitle&convert=srt-ssa,srt-ssa,SRT를 SSA로 | SRT SSA 변환 | SRT에서 SSA,자막 변환 | 자막 | srt-ssa | SRT | SSA,
sub-srt,sub-srt,platform,file,SUB → SRT,subtitle,sub-srt,SUB,SRT,published,true,,,,,false,false,0,?tool=sub-srt,?category=subtitle&convert=sub-srt,sub-srt,SUB를 SRT로 | SUB SRT 변환 | SUB에서 SRT,자막 변환 | 자막 | sub-srt | SUB | SRT,
srt-txt,srt-txt,platform,file,SRT → TXT,subtitle,srt-txt,SRT,TXT,published,true,,,,,false,false,0,?tool=srt-txt,?category=subtitle&convert=srt-txt,srt-txt,SRT를 TXT로 | SRT TXT 변환 | SRT에서 TXT,자막 변환 | 자막 | srt-txt | SRT | TXT | 텍스트 | 메모장,
txt-srt,txt-srt,platform,file,TXT → SRT,subtitle,txt-srt,TXT,SRT,published,true,,,,,false,false,0,?tool=txt-srt,?category=subtitle&convert=txt-srt,txt-srt,TXT를 SRT로 | TXT SRT 변환 | TXT에서 SRT,자막 변환 | 자막 | txt-srt | TXT | 텍스트 | 메모장 | SRT,
vtt-txt,vtt-txt,platform,file,VTT → TXT,subtitle,vtt-txt,VTT,TXT,published,true,,,,,false,false,0,?tool=vtt-txt,?category=subtitle&convert=vtt-txt,vtt-txt,VTT를 TXT로 | VTT TXT 변환 | VTT에서 TXT,자막 변환 | 자막 | vtt-txt | VTT | 웹 자막 | TXT | 텍스트 | 메모장,
epub-pdf,epub-pdf,platform,file,EPUB → PDF,ebook,ebook,EPUB,PDF,published,true,,,,,false,false,0,?tool=epub-pdf,?category=ebook&convert=epub-pdf,epub-pdf,EPUB를 PDF로 | EPUB PDF 변환 | EPUB에서 PDF,전자책 변환 | 전자책 | ebook | EPUB | PDF | 피디에프 | 문서,
pdf-epub,pdf-epub,platform,file,PDF → EPUB,ebook,pdf-epub-text,PDF,EPUB,published,true,,,,,false,false,0,?tool=pdf-epub,?category=ebook&convert=pdf-epub,pdf-epub,PDF를 EPUB로 | PDF EPUB 변환 | PDF에서 EPUB,전자책 변환 | 전자책 | pdf-epub-text | PDF | 피디에프 | 문서 | EPUB,
epub-mobi,epub-mobi,platform,file,EPUB → MOBI,ebook,server,EPUB,MOBI,coming,true,,,,,false,false,0,?tool=epub-mobi,?category=ebook&convert=epub-mobi,epub-mobi,EPUB를 MOBI로 | EPUB MOBI 변환 | EPUB에서 MOBI,전자책 변환 | 전자책 | server | EPUB | MOBI | 킨들,
mobi-epub,mobi-epub,platform,file,MOBI → EPUB,ebook,kindle-read,MOBI,EPUB,published,true,,,,,false,false,0,?tool=mobi-epub,?category=ebook&convert=mobi-epub,mobi-epub,MOBI를 EPUB로 | MOBI EPUB 변환 | MOBI에서 EPUB,전자책 변환 | 전자책 | kindle-read | MOBI | 킨들 | EPUB,
epub-azw3,epub-azw3,platform,file,EPUB → AZW3,ebook,server,EPUB,AZW3,coming,true,,,,,false,false,0,?tool=epub-azw3,?category=ebook&convert=epub-azw3,epub-azw3,EPUB를 AZW3로 | EPUB AZW3 변환 | EPUB에서 AZW3,전자책 변환 | 전자책 | server | EPUB | AZW3 | 킨들,
azw3-epub,azw3-epub,platform,file,AZW3 → EPUB,ebook,kindle-read,AZW3,EPUB,published,true,,,,,false,false,0,?tool=azw3-epub,?category=ebook&convert=azw3-epub,azw3-epub,AZW3를 EPUB로 | AZW3 EPUB 변환 | AZW3에서 EPUB,전자책 변환 | 전자책 | kindle-read | AZW3 | 킨들 | EPUB,
txt-epub,txt-epub,platform,file,TXT → EPUB,ebook,ebook,TXT,EPUB,published,true,,,,,false,false,0,?tool=txt-epub,?category=ebook&convert=txt-epub,txt-epub,TXT를 EPUB로 | TXT EPUB 변환 | TXT에서 EPUB,전자책 변환 | 전자책 | ebook | TXT | 텍스트 | 메모장 | EPUB,
html-epub,html-epub,platform,file,HTML → EPUB,ebook,ebook,HTML,EPUB,published,true,,,,,false,false,0,?tool=html-epub,?category=ebook&convert=html-epub,html-epub,HTML를 EPUB로 | HTML EPUB 변환 | HTML에서 EPUB,전자책 변환 | 전자책 | ebook | HTML | htm | 웹 문서 | EPUB,
docx-epub,docx-epub,platform,file,DOCX → EPUB,ebook,ebook,DOCX,EPUB,published,true,,,,,false,false,0,?tool=docx-epub,?category=ebook&convert=docx-epub,docx-epub,DOCX를 EPUB로 | DOCX EPUB 변환 | DOCX에서 EPUB,전자책 변환 | 전자책 | ebook | DOCX | word | 워드 | 워드 문서 | EPUB,
epub-txt,epub-txt,platform,file,EPUB → TXT,ebook,ebook,EPUB,TXT,published,true,,,,,false,false,0,?tool=epub-txt,?category=ebook&convert=epub-txt,epub-txt,EPUB를 TXT로 | EPUB TXT 변환 | EPUB에서 TXT,전자책 변환 | 전자책 | ebook | EPUB | TXT | 텍스트 | 메모장,
mobi-pdf,mobi-pdf,platform,file,MOBI → PDF,ebook,kindle-read,MOBI,PDF,published,true,,,,,false,false,0,?tool=mobi-pdf,?category=ebook&convert=mobi-pdf,mobi-pdf,MOBI를 PDF로 | MOBI PDF 변환 | MOBI에서 PDF,전자책 변환 | 전자책 | kindle-read | MOBI | 킨들 | PDF | 피디에프 | 문서,
azw3-pdf,azw3-pdf,platform,file,AZW3 → PDF,ebook,kindle-read,AZW3,PDF,published,true,,,,,false,false,0,?tool=azw3-pdf,?category=ebook&convert=azw3-pdf,azw3-pdf,AZW3를 PDF로 | AZW3 PDF 변환 | AZW3에서 PDF,전자책 변환 | 전자책 | kindle-read | AZW3 | 킨들 | PDF | 피디에프 | 문서,
zip-7z,zip-7z,platform,file,ZIP → 7Z,archive,zip-7z,ZIP,7Z,published,true,,,,,false,false,0,?tool=zip-7z,?category=archive&convert=zip-7z,zip-7z,ZIP를 7Z로 | ZIP 7Z 변환 | ZIP에서 7Z,압축 변환 | 압축·파일 | zip-7z | ZIP | 압축 | 압축 파일 | 7Z | 세븐집,
7z-zip,7z-zip,platform,file,7Z → ZIP,archive,7z-zip,7Z,ZIP,published,true,,,,,false,false,0,?tool=7z-zip,?category=archive&convert=7z-zip,7z-zip,7Z를 ZIP로 | 7Z ZIP 변환 | 7Z에서 ZIP,압축 변환 | 압축·파일 | 7z-zip | 7Z | 세븐집 | 압축 | ZIP | 압축 파일,
rar-zip,rar-zip,platform,file,RAR → ZIP,archive,rar-zip,RAR,ZIP,published,true,,,,,false,false,0,?tool=rar-zip,?category=archive&convert=rar-zip,rar-zip,RAR를 ZIP로 | RAR ZIP 변환 | RAR에서 ZIP,압축 변환 | 압축·파일 | rar-zip | RAR | 압축 | ZIP | 압축 파일,
zip-tar,zip-tar,platform,file,ZIP → TAR,archive,zip-tar,ZIP,TAR,published,true,,,,,false,false,0,?tool=zip-tar,?category=archive&convert=zip-tar,zip-tar,ZIP를 TAR로 | ZIP TAR 변환 | ZIP에서 TAR,압축 변환 | 압축·파일 | zip-tar | ZIP | 압축 | 압축 파일 | TAR,
tar-zip,tar-zip,platform,file,TAR → ZIP,archive,tar-zip,TAR,ZIP,published,true,,,,,false,false,0,?tool=tar-zip,?category=archive&convert=tar-zip,tar-zip,TAR를 ZIP로 | TAR ZIP 변환 | TAR에서 ZIP,압축 변환 | 압축·파일 | tar-zip | TAR | ZIP | 압축 | 압축 파일,
tar-gz,tar-gz,platform,file,TAR → GZ,archive,tar-gz,TAR,GZ,published,true,,,,,false,false,0,?tool=tar-gz,?category=archive&convert=tar-gz,tar-gz,TAR를 GZ로 | TAR GZ 변환 | TAR에서 GZ,압축 변환 | 압축·파일 | tar-gz | TAR | GZ,
gz-zip,gz-zip,platform,file,GZ → ZIP,archive,gz-zip,GZ,ZIP,published,true,,,,,false,false,0,?tool=gz-zip,?category=archive&convert=gz-zip,gz-zip,GZ를 ZIP로 | GZ ZIP 변환 | GZ에서 ZIP,압축 변환 | 압축·파일 | gz-zip | GZ | ZIP | 압축 | 압축 파일,
bz2-zip,bz2-zip,platform,file,BZ2 → ZIP,archive,bz2-zip,BZ2,ZIP,published,true,,,,,false,false,0,?tool=bz2-zip,?category=archive&convert=bz2-zip,bz2-zip,BZ2를 ZIP로 | BZ2 ZIP 변환 | BZ2에서 ZIP,압축 변환 | 압축·파일 | bz2-zip | BZ2 | ZIP | 압축 | 압축 파일,
xz-zip,xz-zip,platform,file,XZ → ZIP,archive,xz-zip,XZ,ZIP,published,true,,,,,false,false,0,?tool=xz-zip,?category=archive&convert=xz-zip,xz-zip,XZ를 ZIP로 | XZ ZIP 변환 | XZ에서 ZIP,압축 변환 | 압축·파일 | xz-zip | XZ | ZIP | 압축 | 압축 파일,
zip-gz,zip-gz,platform,file,ZIP → GZ,archive,zip-gz,ZIP,GZ,published,true,,,,,false,false,0,?tool=zip-gz,?category=archive&convert=zip-gz,zip-gz,ZIP를 GZ로 | ZIP GZ 변환 | ZIP에서 GZ,압축 변환 | 압축·파일 | zip-gz | ZIP | 압축 | 압축 파일 | GZ,
ttf-otf,ttf-otf,platform,file,TTF → OTF,font,font,TTF,OTF,published,true,,,,,false,false,0,?tool=ttf-otf,?category=font&convert=ttf-otf,ttf-otf,TTF를 OTF로 | TTF OTF 변환 | TTF에서 OTF,폰트 변환 | 글꼴 변환 | 폰트 | font | TTF | 글꼴 | OTF,
otf-ttf,otf-ttf,platform,file,OTF → TTF,font,font,OTF,TTF,published,true,,,,,false,false,0,?tool=otf-ttf,?category=font&convert=otf-ttf,otf-ttf,OTF를 TTF로 | OTF TTF 변환 | OTF에서 TTF,폰트 변환 | 글꼴 변환 | 폰트 | font | OTF | 글꼴 | TTF,
ttf-woff,ttf-woff,platform,file,TTF → WOFF,font,font,TTF,WOFF,published,true,,,,,false,false,0,?tool=ttf-woff,?category=font&convert=ttf-woff,ttf-woff,TTF를 WOFF로 | TTF WOFF 변환 | TTF에서 WOFF,폰트 변환 | 글꼴 변환 | 폰트 | font | TTF | 글꼴 | WOFF | 웹폰트,
ttf-woff2,ttf-woff2,platform,file,TTF → WOFF2,font,font,TTF,WOFF2,published,true,,,,,false,false,0,?tool=ttf-woff2,?category=font&convert=ttf-woff2,ttf-woff2,TTF를 WOFF2로 | TTF WOFF2 변환 | TTF에서 WOFF2,폰트 변환 | 글꼴 변환 | 폰트 | font | TTF | 글꼴 | WOFF2 | 웹폰트,
otf-woff,otf-woff,platform,file,OTF → WOFF,font,font,OTF,WOFF,published,true,,,,,false,false,0,?tool=otf-woff,?category=font&convert=otf-woff,otf-woff,OTF를 WOFF로 | OTF WOFF 변환 | OTF에서 WOFF,폰트 변환 | 글꼴 변환 | 폰트 | font | OTF | 글꼴 | WOFF | 웹폰트,
otf-woff2,otf-woff2,platform,file,OTF → WOFF2,font,font,OTF,WOFF2,published,true,,,,,false,false,0,?tool=otf-woff2,?category=font&convert=otf-woff2,otf-woff2,OTF를 WOFF2로 | OTF WOFF2 변환 | OTF에서 WOFF2,폰트 변환 | 글꼴 변환 | 폰트 | font | OTF | 글꼴 | WOFF2 | 웹폰트,
woff-woff2,woff-woff2,platform,file,WOFF → WOFF2,font,font,WOFF,WOFF2,published,true,,,,,false,false,0,?tool=woff-woff2,?category=font&convert=woff-woff2,woff-woff2,WOFF를 WOFF2로 | WOFF WOFF2 변환 | WOFF에서 WOFF2,폰트 변환 | 글꼴 변환 | 폰트 | font | WOFF | 웹폰트 | WOFF2,
woff2-woff,woff2-woff,platform,file,WOFF2 → WOFF,font,font,WOFF2,WOFF,published,true,,,,,false,false,0,?tool=woff2-woff,?category=font&convert=woff2-woff,woff2-woff,WOFF2를 WOFF로 | WOFF2 WOFF 변환 | WOFF2에서 WOFF,폰트 변환 | 글꼴 변환 | 폰트 | font | WOFF2 | 웹폰트 | WOFF,
eot-woff,eot-woff,platform,file,EOT → WOFF,font,font,EOT,WOFF,published,true,,,,,false,false,0,?tool=eot-woff,?category=font&convert=eot-woff,eot-woff,EOT를 WOFF로 | EOT WOFF 변환 | EOT에서 WOFF,폰트 변환 | 글꼴 변환 | 폰트 | font | EOT | WOFF | 웹폰트,
eot-ttf,eot-ttf,platform,file,EOT → TTF,font,font,EOT,TTF,published,true,,,,,false,false,0,?tool=eot-ttf,?category=font&convert=eot-ttf,eot-ttf,EOT를 TTF로 | EOT TTF 변환 | EOT에서 TTF,폰트 변환 | 글꼴 변환 | 폰트 | font | EOT | TTF | 글꼴,
text-base64,text-base64,platform,text,텍스트 → Base64,developer,text-base64,TEXT,BASE64,published,true,,,,,false,false,0,?tool=text-base64,?category=developer&convert=text-base64,text-base64,TEXT를 BASE64로 | TEXT BASE64 변환 | TEXT에서 BASE64,텍스트 변환 | 개발자 도구 | 코드 변환 | 개발자·텍스트 | text-base64 | TEXT | BASE64,
base64-text,base64-text,platform,text,Base64 → 텍스트,developer,base64-text,BASE64,TEXT,published,true,,,,,false,false,0,?tool=base64-text,?category=developer&convert=base64-text,base64-text,BASE64를 TEXT로 | BASE64 TEXT 변환 | BASE64에서 TEXT,텍스트 변환 | 개발자 도구 | 코드 변환 | 개발자·텍스트 | base64-text | BASE64 | TEXT,
url-encode,url-encode,platform,text,URL 인코딩,developer,url-encode,TEXT,URL ENCODE,published,true,,,,,false,false,0,?tool=url-encode,?category=developer&convert=url-encode,url-encode,TEXT를 URL ENCODE로 | TEXT URL ENCODE 변환 | TEXT에서 URL ENCODE,텍스트 변환 | 개발자 도구 | 코드 변환 | 개발자·텍스트 | url-encode | TEXT | URL ENCODE,
url-decode,url-decode,platform,text,URL 디코딩,developer,url-decode,URL ENCODE,TEXT,published,true,,,,,false,false,0,?tool=url-decode,?category=developer&convert=url-decode,url-decode,URL ENCODE를 TEXT로 | URL ENCODE TEXT 변환 | URL ENCODE에서 TEXT,텍스트 변환 | 개발자 도구 | 코드 변환 | 개발자·텍스트 | url-decode | URL ENCODE | TEXT,
html-escape,html-escape,platform,text,HTML 이스케이프,developer,html-escape,HTML,ESCAPED,published,true,,,,,false,false,0,?tool=html-escape,?category=developer&convert=html-escape,html-escape,HTML를 ESCAPED로 | HTML ESCAPED 변환 | HTML에서 ESCAPED,텍스트 변환 | 개발자 도구 | 코드 변환 | 개발자·텍스트 | html-escape | HTML | htm | 웹 문서 | ESCAPED,
html-unescape,html-unescape,platform,text,HTML 엔티티 복원,developer,html-unescape,ESCAPED,HTML,published,true,,,,,false,false,0,?tool=html-unescape,?category=developer&convert=html-unescape,html-unescape,ESCAPED를 HTML로 | ESCAPED HTML 변환 | ESCAPED에서 HTML,텍스트 변환 | 개발자 도구 | 코드 변환 | 개발자·텍스트 | html-unescape | ESCAPED | HTML | htm | 웹 문서,
json-pretty,json-pretty,platform,text,JSON 정리,developer,json-pretty,JSON,PRETTY JSON,published,true,,,,,false,false,0,?tool=json-pretty,?category=developer&convert=json-pretty,json-pretty,JSON를 PRETTY JSON로 | JSON PRETTY JSON 변환 | JSON에서 PRETTY JSON,텍스트 변환 | 개발자 도구 | 코드 변환 | 개발자·텍스트 | json-pretty | JSON | 제이슨 | 데이터 | PRETTY JSON,
json-minify,json-minify,platform,text,JSON 압축,developer,json-minify,JSON,MINIFIED JSON,published,true,,,,,false,false,0,?tool=json-minify,?category=developer&convert=json-minify,json-minify,JSON를 MINIFIED JSON로 | JSON MINIFIED JSON 변환 | JSON에서 MINIFIED JSON,텍스트 변환 | 개발자 도구 | 코드 변환 | 개발자·텍스트 | json-minify | JSON | 제이슨 | 데이터 | MINIFIED JSON,
upper-lower,upper-lower,platform,text,대문자 → 소문자,developer,upper-lower,UPPER,lower,published,true,,,,,false,false,0,?tool=upper-lower,?category=developer&convert=upper-lower,upper-lower,UPPER를 lower로 | UPPER lower 변환 | UPPER에서 lower,텍스트 변환 | 개발자 도구 | 코드 변환 | 개발자·텍스트 | upper-lower | UPPER | lower,
lower-upper,lower-upper,platform,text,소문자 → 대문자,developer,lower-upper,lower,UPPER,published,true,,,,,false,false,0,?tool=lower-upper,?category=developer&convert=lower-upper,lower-upper,lower를 UPPER로 | lower UPPER 변환 | lower에서 UPPER,텍스트 변환 | 개발자 도구 | 코드 변환 | 개발자·텍스트 | lower-upper | lower | UPPER,
space-hyphen,space-hyphen,platform,text,공백 → 하이픈,developer,space-hyphen,TEXT,slug-text,published,true,,,,,false,false,0,?tool=space-hyphen,?category=developer&convert=space-hyphen,space-hyphen,TEXT를 slug-text로 | TEXT slug-text 변환 | TEXT에서 slug-text,텍스트 변환 | 개발자 도구 | 코드 변환 | 개발자·텍스트 | space-hyphen | TEXT | slug-text,
line-comma,line-comma,platform,text,줄바꿈 → 쉼표,developer,line-comma,LINES,CSV LIST,published,true,,,,,false,false,0,?tool=line-comma,?category=developer&convert=line-comma,line-comma,LINES를 CSV LIST로 | LINES CSV LIST 변환 | LINES에서 CSV LIST,텍스트 변환 | 개발자 도구 | 코드 변환 | 개발자·텍스트 | line-comma | LINES | CSV LIST,
text-hex,text-hex,platform,text,텍스트 → HEX,developer,text-hex,TEXT,HEX,published,true,,,,,false,false,0,?tool=text-hex,?category=developer&convert=text-hex,text-hex,TEXT를 HEX로 | TEXT HEX 변환 | TEXT에서 HEX,텍스트 변환 | 개발자 도구 | 코드 변환 | 개발자·텍스트 | text-hex | TEXT | HEX,
hex-text,hex-text,platform,text,HEX → 텍스트,developer,hex-text,HEX,TEXT,published,true,,,,,false,false,0,?tool=hex-text,?category=developer&convert=hex-text,hex-text,HEX를 TEXT로 | HEX TEXT 변환 | HEX에서 TEXT,텍스트 변환 | 개발자 도구 | 코드 변환 | 개발자·텍스트 | hex-text | HEX | TEXT,
text-binary,text-binary,platform,text,텍스트 → 2진수,developer,text-binary,TEXT,BINARY,published,true,,,,,false,false,0,?tool=text-binary,?category=developer&convert=text-binary,text-binary,TEXT를 BINARY로 | TEXT BINARY 변환 | TEXT에서 BINARY,텍스트 변환 | 개발자 도구 | 코드 변환 | 개발자·텍스트 | text-binary | TEXT | BINARY,
binary-text,binary-text,platform,text,2진수 → 텍스트,developer,binary-text,BINARY,TEXT,published,true,,,,,false,false,0,?tool=binary-text,?category=developer&convert=binary-text,binary-text,BINARY를 TEXT로 | BINARY TEXT 변환 | BINARY에서 TEXT,텍스트 변환 | 개발자 도구 | 코드 변환 | 개발자·텍스트 | binary-text | BINARY | TEXT,
text-json-string,text-json-string,platform,text,텍스트 → JSON 문자열,developer,text-json-string,TEXT,JSON STRING,published,true,,,,,false,false,0,?tool=text-json-string,?category=developer&convert=text-json-string,text-json-string,TEXT를 JSON STRING로 | TEXT JSON STRING 변환 | TEXT에서 JSON STRING,텍스트 변환 | 개발자 도구 | 코드 변환 | 개발자·텍스트 | text-json-string | TEXT | JSON STRING,
json-string-text,json-string-text,platform,text,JSON 문자열 → 텍스트,developer,json-string-text,JSON STRING,TEXT,published,true,,,,,false,false,0,?tool=json-string-text,?category=developer&convert=json-string-text,json-string-text,JSON STRING를 TEXT로 | JSON STRING TEXT 변환 | JSON STRING에서 TEXT,텍스트 변환 | 개발자 도구 | 코드 변환 | 개발자·텍스트 | json-string-text | JSON STRING | TEXT,
line-json-array,line-json-array,platform,text,줄 목록 → JSON 배열,developer,line-json-array,LINES,JSON ARRAY,published,true,,,,,false,false,0,?tool=line-json-array,?category=developer&convert=line-json-array,line-json-array,LINES를 JSON ARRAY로 | LINES JSON ARRAY 변환 | LINES에서 JSON ARRAY,텍스트 변환 | 개발자 도구 | 코드 변환 | 개발자·텍스트 | line-json-array | LINES | JSON ARRAY,
json-array-line,json-array-line,platform,text,JSON 배열 → 줄 목록,developer,json-array-line,JSON ARRAY,LINES,published,true,,,,,false,false,0,?tool=json-array-line,?category=developer&convert=json-array-line,json-array-line,JSON ARRAY를 LINES로 | JSON ARRAY LINES 변환 | JSON ARRAY에서 LINES,텍스트 변환 | 개발자 도구 | 코드 변환 | 개발자·텍스트 | json-array-line | JSON ARRAY | LINES,
comma-line,comma-line,platform,text,쉼표 → 줄바꿈,developer,comma-line,COMMA,LINES,published,true,,,,,false,false,0,?tool=comma-line,?category=developer&convert=comma-line,comma-line,COMMA를 LINES로 | COMMA LINES 변환 | COMMA에서 LINES,텍스트 변환 | 개발자 도구 | 코드 변환 | 개발자·텍스트 | comma-line | COMMA | LINES,
semicolon-line,semicolon-line,platform,text,세미콜론 → 줄바꿈,developer,semicolon-line,SEMICOLON,LINES,published,true,,,,,false,false,0,?tool=semicolon-line,?category=developer&convert=semicolon-line,semicolon-line,SEMICOLON를 LINES로 | SEMICOLON LINES 변환 | SEMICOLON에서 LINES,텍스트 변환 | 개발자 도구 | 코드 변환 | 개발자·텍스트 | semicolon-line | SEMICOLON | LINES,
pipe-line,pipe-line,platform,text,파이프 → 줄바꿈,developer,pipe-line,PIPE,LINES,published,true,,,,,false,false,0,?tool=pipe-line,?category=developer&convert=pipe-line,pipe-line,PIPE를 LINES로 | PIPE LINES 변환 | PIPE에서 LINES,텍스트 변환 | 개발자 도구 | 코드 변환 | 개발자·텍스트 | pipe-line | PIPE | LINES,
line-semicolon,line-semicolon,platform,text,줄바꿈 → 세미콜론,developer,line-semicolon,LINES,SEMICOLON,published,true,,,,,false,false,0,?tool=line-semicolon,?category=developer&convert=line-semicolon,line-semicolon,LINES를 SEMICOLON로 | LINES SEMICOLON 변환 | LINES에서 SEMICOLON,텍스트 변환 | 개발자 도구 | 코드 변환 | 개발자·텍스트 | line-semicolon | LINES | SEMICOLON,
line-pipe,line-pipe,platform,text,줄바꿈 → 파이프,developer,line-pipe,LINES,PIPE,published,true,,,,,false,false,0,?tool=line-pipe,?category=developer&convert=line-pipe,line-pipe,LINES를 PIPE로 | LINES PIPE 변환 | LINES에서 PIPE,텍스트 변환 | 개발자 도구 | 코드 변환 | 개발자·텍스트 | line-pipe | LINES | PIPE,
line-sort-asc,line-sort-asc,platform,text,줄 목록 오름차순 정렬,developer,line-sort-asc,LINES,A-Z,published,true,,,,,false,false,0,?tool=line-sort-asc,?category=developer&convert=line-sort-asc,line-sort-asc,LINES를 A-Z로 | LINES A-Z 변환 | LINES에서 A-Z,텍스트 변환 | 개발자 도구 | 코드 변환 | 개발자·텍스트 | line-sort-asc | LINES | A-Z,
line-sort-desc,line-sort-desc,platform,text,줄 목록 내림차순 정렬,developer,line-sort-desc,LINES,Z-A,published,true,,,,,false,false,0,?tool=line-sort-desc,?category=developer&convert=line-sort-desc,line-sort-desc,LINES를 Z-A로 | LINES Z-A 변환 | LINES에서 Z-A,텍스트 변환 | 개발자 도구 | 코드 변환 | 개발자·텍스트 | line-sort-desc | LINES | Z-A,
line-reverse,line-reverse,platform,text,줄 순서 뒤집기,developer,line-reverse,LINES,REVERSED,published,true,,,,,false,false,0,?tool=line-reverse,?category=developer&convert=line-reverse,line-reverse,LINES를 REVERSED로 | LINES REVERSED 변환 | LINES에서 REVERSED,텍스트 변환 | 개발자 도구 | 코드 변환 | 개발자·텍스트 | line-reverse | LINES | REVERSED,
duplicate-line-remove,duplicate-line-remove,platform,text,중복 줄 제거,developer,duplicate-line-remove,LINES,UNIQUE,published,true,,,,,false,false,0,?tool=duplicate-line-remove,?category=developer&convert=duplicate-line-remove,duplicate-line-remove,LINES를 UNIQUE로 | LINES UNIQUE 변환 | LINES에서 UNIQUE,텍스트 변환 | 개발자 도구 | 코드 변환 | 개발자·텍스트 | duplicate-line-remove | LINES | UNIQUE,
whitespace-normalize,whitespace-normalize,platform,text,공백 정리,developer,whitespace-normalize,TEXT,CLEAN TEXT,published,true,,,,,false,false,0,?tool=whitespace-normalize,?category=developer&convert=whitespace-normalize,whitespace-normalize,TEXT를 CLEAN TEXT로 | TEXT CLEAN TEXT 변환 | TEXT에서 CLEAN TEXT,텍스트 변환 | 개발자 도구 | 코드 변환 | 개발자·텍스트 | whitespace-normalize | TEXT | CLEAN TEXT,
text-unicode-escape,text-unicode-escape,platform,text,텍스트 → 유니코드 이스케이프,developer,text-unicode-escape,TEXT,UNICODE ESCAPE,published,true,,,,,false,false,0,?tool=text-unicode-escape,?category=developer&convert=text-unicode-escape,text-unicode-escape,TEXT를 UNICODE ESCAPE로 | TEXT UNICODE ESCAPE 변환 | TEXT에서 UNICODE ESCAPE,텍스트 변환 | 개발자 도구 | 코드 변환 | 개발자·텍스트 | text-unicode-escape | TEXT | UNICODE ESCAPE,
unicode-escape-text,unicode-escape-text,platform,text,유니코드 이스케이프 → 텍스트,developer,unicode-escape-text,UNICODE ESCAPE,TEXT,published,true,,,,,false,false,0,?tool=unicode-escape-text,?category=developer&convert=unicode-escape-text,unicode-escape-text,UNICODE ESCAPE를 TEXT로 | UNICODE ESCAPE TEXT 변환 | UNICODE ESCAPE에서 TEXT,텍스트 변환 | 개발자 도구 | 코드 변환 | 개발자·텍스트 | unicode-escape-text | UNICODE ESCAPE | TEXT,
text-base64url,text-base64url,platform,text,텍스트 → Base64URL,developer,text-base64url,TEXT,BASE64URL,published,true,,,,,false,false,0,?tool=text-base64url,?category=developer&convert=text-base64url,text-base64url,TEXT를 BASE64URL로 | TEXT BASE64URL 변환 | TEXT에서 BASE64URL,텍스트 변환 | 개발자 도구 | 코드 변환 | 개발자·텍스트 | text-base64url | TEXT | BASE64URL,
base64url-text,base64url-text,platform,text,Base64URL → 텍스트,developer,base64url-text,BASE64URL,TEXT,published,true,,,,,false,false,0,?tool=base64url-text,?category=developer&convert=base64url-text,base64url-text,BASE64URL를 TEXT로 | BASE64URL TEXT 변환 | BASE64URL에서 TEXT,텍스트 변환 | 개발자 도구 | 코드 변환 | 개발자·텍스트 | base64url-text | BASE64URL | TEXT,
query-json,query-json,platform,text,쿼리스트링 → JSON,developer,query-json,QUERY,JSON,published,true,,,,,false,false,0,?tool=query-json,?category=developer&convert=query-json,query-json,QUERY를 JSON로 | QUERY JSON 변환 | QUERY에서 JSON,텍스트 변환 | 개발자 도구 | 코드 변환 | 개발자·텍스트 | query-json | QUERY | JSON | 제이슨 | 데이터,
json-query,json-query,platform,text,JSON → 쿼리스트링,developer,json-query,JSON,QUERY,published,true,,,,,false,false,0,?tool=json-query,?category=developer&convert=json-query,json-query,JSON를 QUERY로 | JSON QUERY 변환 | JSON에서 QUERY,텍스트 변환 | 개발자 도구 | 코드 변환 | 개발자·텍스트 | json-query | JSON | 제이슨 | 데이터 | QUERY,
jsonl-json-array,jsonl-json-array,platform,text,JSONL → JSON 배열,developer,jsonl-json-array,JSONL,JSON ARRAY,published,true,,,,,false,false,0,?tool=jsonl-json-array,?category=developer&convert=jsonl-json-array,jsonl-json-array,JSONL를 JSON ARRAY로 | JSONL JSON ARRAY 변환 | JSONL에서 JSON ARRAY,텍스트 변환 | 개발자 도구 | 코드 변환 | 개발자·텍스트 | jsonl-json-array | JSONL | JSON ARRAY,
json-array-jsonl,json-array-jsonl,platform,text,JSON 배열 → JSONL,developer,json-array-jsonl,JSON ARRAY,JSONL,published,true,,,,,false,false,0,?tool=json-array-jsonl,?category=developer&convert=json-array-jsonl,json-array-jsonl,JSON ARRAY를 JSONL로 | JSON ARRAY JSONL 변환 | JSON ARRAY에서 JSONL,텍스트 변환 | 개발자 도구 | 코드 변환 | 개발자·텍스트 | json-array-jsonl | JSON ARRAY | JSONL,
text-html-paragraph,text-html-paragraph,platform,text,텍스트 → HTML 문단,developer,text-html-paragraph,TEXT,HTML P,published,true,,,,,false,false,0,?tool=text-html-paragraph,?category=developer&convert=text-html-paragraph,text-html-paragraph,TEXT를 HTML P로 | TEXT HTML P 변환 | TEXT에서 HTML P,텍스트 변환 | 개발자 도구 | 코드 변환 | 개발자·텍스트 | text-html-paragraph | TEXT | HTML P,
html-paragraph-text,html-paragraph-text,platform,text,HTML 문단 → 텍스트,developer,html-paragraph-text,HTML P,TEXT,published,true,,,,,false,false,0,?tool=html-paragraph-text,?category=developer&convert=html-paragraph-text,html-paragraph-text,HTML P를 TEXT로 | HTML P TEXT 변환 | HTML P에서 TEXT,텍스트 변환 | 개발자 도구 | 코드 변환 | 개발자·텍스트 | html-paragraph-text | HTML P | TEXT,
text-br,text-br,platform,text,줄바꿈 텍스트 → HTML BR,developer,text-br,TEXT,HTML BR,published,true,,,,,false,false,0,?tool=text-br,?category=developer&convert=text-br,text-br,TEXT를 HTML BR로 | TEXT HTML BR 변환 | TEXT에서 HTML BR,텍스트 변환 | 개발자 도구 | 코드 변환 | 개발자·텍스트 | text-br | TEXT | HTML BR,
br-text,br-text,platform,text,HTML BR → 줄바꿈 텍스트,developer,br-text,HTML BR,TEXT,published,true,,,,,false,false,0,?tool=br-text,?category=developer&convert=br-text,br-text,HTML BR를 TEXT로 | HTML BR TEXT 변환 | HTML BR에서 TEXT,텍스트 변환 | 개발자 도구 | 코드 변환 | 개발자·텍스트 | br-text | HTML BR | TEXT,
html-text,html-text,platform,text,HTML → 일반 텍스트,developer,html-text,HTML,TEXT,published,true,,,,,false,false,0,?tool=html-text,?category=developer&convert=html-text,html-text,HTML를 TEXT로 | HTML TEXT 변환 | HTML에서 TEXT,텍스트 변환 | 개발자 도구 | 코드 변환 | 개발자·텍스트 | html-text | HTML | htm | 웹 문서 | TEXT,
markdown-text,markdown-text,platform,text,마크다운 → 일반 텍스트,developer,markdown-text,MARKDOWN,TEXT,published,true,,,,,false,false,0,?tool=markdown-text,?category=developer&convert=markdown-text,markdown-text,MARKDOWN를 TEXT로 | MARKDOWN TEXT 변환 | MARKDOWN에서 TEXT,텍스트 변환 | 개발자 도구 | 코드 변환 | 개발자·텍스트 | markdown-text | MARKDOWN | TEXT,
words-snake,words-snake,platform,text,단어 → snake_case,developer,words-snake,WORDS,SNAKE,published,true,,,,,false,false,0,?tool=words-snake,?category=developer&convert=words-snake,words-snake,WORDS를 SNAKE로 | WORDS SNAKE 변환 | WORDS에서 SNAKE,텍스트 변환 | 개발자 도구 | 코드 변환 | 개발자·텍스트 | words-snake | WORDS | SNAKE,
snake-words,snake-words,platform,text,snake_case → 단어,developer,snake-words,SNAKE,WORDS,published,true,,,,,false,false,0,?tool=snake-words,?category=developer&convert=snake-words,snake-words,SNAKE를 WORDS로 | SNAKE WORDS 변환 | SNAKE에서 WORDS,텍스트 변환 | 개발자 도구 | 코드 변환 | 개발자·텍스트 | snake-words | SNAKE | WORDS,
snake-camel,snake-camel,platform,text,snake_case → camelCase,developer,snake-camel,SNAKE,CAMEL,published,true,,,,,false,false,0,?tool=snake-camel,?category=developer&convert=snake-camel,snake-camel,SNAKE를 CAMEL로 | SNAKE CAMEL 변환 | SNAKE에서 CAMEL,텍스트 변환 | 개발자 도구 | 코드 변환 | 개발자·텍스트 | snake-camel | SNAKE | CAMEL,
camel-snake,camel-snake,platform,text,camelCase → snake_case,developer,camel-snake,CAMEL,SNAKE,published,true,,,,,false,false,0,?tool=camel-snake,?category=developer&convert=camel-snake,camel-snake,CAMEL를 SNAKE로 | CAMEL SNAKE 변환 | CAMEL에서 SNAKE,텍스트 변환 | 개발자 도구 | 코드 변환 | 개발자·텍스트 | camel-snake | CAMEL | SNAKE,
kebab-camel,kebab-camel,platform,text,kebab-case → camelCase,developer,kebab-camel,KEBAB,CAMEL,published,true,,,,,false,false,0,?tool=kebab-camel,?category=developer&convert=kebab-camel,kebab-camel,KEBAB를 CAMEL로 | KEBAB CAMEL 변환 | KEBAB에서 CAMEL,텍스트 변환 | 개발자 도구 | 코드 변환 | 개발자·텍스트 | kebab-camel | KEBAB | CAMEL,
camel-kebab,camel-kebab,platform,text,camelCase → kebab-case,developer,camel-kebab,CAMEL,KEBAB,published,true,,,,,false,false,0,?tool=camel-kebab,?category=developer&convert=camel-kebab,camel-kebab,CAMEL를 KEBAB로 | CAMEL KEBAB 변환 | CAMEL에서 KEBAB,텍스트 변환 | 개발자 도구 | 코드 변환 | 개발자·텍스트 | camel-kebab | CAMEL | KEBAB,
text-title-case,text-title-case,platform,text,영문 제목형 대소문자,developer,text-title-case,TEXT,TITLE CASE,published,true,,,,,false,false,0,?tool=text-title-case,?category=developer&convert=text-title-case,text-title-case,TEXT를 TITLE CASE로 | TEXT TITLE CASE 변환 | TEXT에서 TITLE CASE,텍스트 변환 | 개발자 도구 | 코드 변환 | 개발자·텍스트 | text-title-case | TEXT | TITLE CASE,
text-sentence-case,text-sentence-case,platform,text,영문 문장형 대소문자,developer,text-sentence-case,TEXT,SENTENCE CASE,published,true,,,,,false,false,0,?tool=text-sentence-case,?category=developer&convert=text-sentence-case,text-sentence-case,TEXT를 SENTENCE CASE로 | TEXT SENTENCE CASE 변환 | TEXT에서 SENTENCE CASE,텍스트 변환 | 개발자 도구 | 코드 변환 | 개발자·텍스트 | text-sentence-case | TEXT | SENTENCE CASE,
words-kebab,words-kebab,platform,text,단어 → kebab-case,developer,words-kebab,WORDS,KEBAB,published,true,,,,,false,false,0,?tool=words-kebab,?category=developer&convert=words-kebab,words-kebab,WORDS를 KEBAB로 | WORDS KEBAB 변환 | WORDS에서 KEBAB,텍스트 변환 | 개발자 도구 | 코드 변환 | 개발자·텍스트 | words-kebab | WORDS | KEBAB,
words-camel,words-camel,platform,text,단어 → camelCase,developer,words-camel,WORDS,CAMEL,published,true,,,,,false,false,0,?tool=words-camel,?category=developer&convert=words-camel,words-camel,WORDS를 CAMEL로 | WORDS CAMEL 변환 | WORDS에서 CAMEL,텍스트 변환 | 개발자 도구 | 코드 변환 | 개발자·텍스트 | words-camel | WORDS | CAMEL,
words-pascal,words-pascal,platform,text,단어 → PascalCase,developer,words-pascal,WORDS,PASCAL,published,true,,,,,false,false,0,?tool=words-pascal,?category=developer&convert=words-pascal,words-pascal,WORDS를 PASCAL로 | WORDS PASCAL 변환 | WORDS에서 PASCAL,텍스트 변환 | 개발자 도구 | 코드 변환 | 개발자·텍스트 | words-pascal | WORDS | PASCAL,
words-constant,words-constant,platform,text,단어 → CONSTANT_CASE,developer,words-constant,WORDS,CONSTANT,published,true,,,,,false,false,0,?tool=words-constant,?category=developer&convert=words-constant,words-constant,WORDS를 CONSTANT로 | WORDS CONSTANT 변환 | WORDS에서 CONSTANT,텍스트 변환 | 개발자 도구 | 코드 변환 | 개발자·텍스트 | words-constant | WORDS | CONSTANT,
words-dot,words-dot,platform,text,단어 → dot.case,developer,words-dot,WORDS,DOT,published,true,,,,,false,false,0,?tool=words-dot,?category=developer&convert=words-dot,words-dot,WORDS를 DOT로 | WORDS DOT 변환 | WORDS에서 DOT,텍스트 변환 | 개발자 도구 | 코드 변환 | 개발자·텍스트 | words-dot | WORDS | DOT,
words-path,words-path,platform,text,단어 → path/case,developer,words-path,WORDS,PATH,published,true,,,,,false,false,0,?tool=words-path,?category=developer&convert=words-path,words-path,WORDS를 PATH로 | WORDS PATH 변환 | WORDS에서 PATH,텍스트 변환 | 개발자 도구 | 코드 변환 | 개발자·텍스트 | words-path | WORDS | PATH,
line-number-add,line-number-add,platform,text,줄 번호 추가,developer,line-number-add,LINES,NUMBERED LINES,published,true,,,,,false,false,0,?tool=line-number-add,?category=developer&convert=line-number-add,line-number-add,LINES를 NUMBERED LINES로 | LINES NUMBERED LINES 변환 | LINES에서 NUMBERED LINES,텍스트 변환 | 개발자 도구 | 코드 변환 | 개발자·텍스트 | line-number-add | LINES | NUMBERED LINES,
line-number-remove,line-number-remove,platform,text,줄 번호 제거,developer,line-number-remove,NUMBERED LINES,LINES,published,true,,,,,false,false,0,?tool=line-number-remove,?category=developer&convert=line-number-remove,line-number-remove,NUMBERED LINES를 LINES로 | NUMBERED LINES LINES 변환 | NUMBERED LINES에서 LINES,텍스트 변환 | 개발자 도구 | 코드 변환 | 개발자·텍스트 | line-number-remove | NUMBERED LINES | LINES,
line-trim,line-trim,platform,text,각 줄 앞뒤 공백 제거,developer,line-trim,LINES,TRIMMED LINES,published,true,,,,,false,false,0,?tool=line-trim,?category=developer&convert=line-trim,line-trim,LINES를 TRIMMED LINES로 | LINES TRIMMED LINES 변환 | LINES에서 TRIMMED LINES,텍스트 변환 | 개발자 도구 | 코드 변환 | 개발자·텍스트 | line-trim | LINES | TRIMMED LINES,
line-remove-empty,line-remove-empty,platform,text,빈 줄 제거,developer,line-remove-empty,LINES,COMPACT LINES,published,true,,,,,false,false,0,?tool=line-remove-empty,?category=developer&convert=line-remove-empty,line-remove-empty,LINES를 COMPACT LINES로 | LINES COMPACT LINES 변환 | LINES에서 COMPACT LINES,텍스트 변환 | 개발자 도구 | 코드 변환 | 개발자·텍스트 | line-remove-empty | LINES | COMPACT LINES,
duplicate-line-remove-ci,duplicate-line-remove-ci,platform,text,대소문자 무시 중복 줄 제거,developer,duplicate-line-remove-ci,LINES,UNIQUE LINES,published,true,,,,,false,false,0,?tool=duplicate-line-remove-ci,?category=developer&convert=duplicate-line-remove-ci,duplicate-line-remove-ci,LINES를 UNIQUE LINES로 | LINES UNIQUE LINES 변환 | LINES에서 UNIQUE LINES,텍스트 변환 | 개발자 도구 | 코드 변환 | 개발자·텍스트 | duplicate-line-remove-ci | LINES | UNIQUE LINES,
line-length-sort-asc,line-length-sort-asc,platform,text,짧은 줄부터 정렬,developer,line-length-sort-asc,LINES,SHORT TO LONG,published,true,,,,,false,false,0,?tool=line-length-sort-asc,?category=developer&convert=line-length-sort-asc,line-length-sort-asc,LINES를 SHORT TO LONG로 | LINES SHORT TO LONG 변환 | LINES에서 SHORT TO LONG,텍스트 변환 | 개발자 도구 | 코드 변환 | 개발자·텍스트 | line-length-sort-asc | LINES | SHORT TO LONG,
line-length-sort-desc,line-length-sort-desc,platform,text,긴 줄부터 정렬,developer,line-length-sort-desc,LINES,LONG TO SHORT,published,true,,,,,false,false,0,?tool=line-length-sort-desc,?category=developer&convert=line-length-sort-desc,line-length-sort-desc,LINES를 LONG TO SHORT로 | LINES LONG TO SHORT 변환 | LINES에서 LONG TO SHORT,텍스트 변환 | 개발자 도구 | 코드 변환 | 개발자·텍스트 | line-length-sort-desc | LINES | LONG TO SHORT,
comma-json-array,comma-json-array,platform,text,쉼표 목록 → JSON 배열,developer,comma-json-array,COMMA LIST,JSON ARRAY,published,true,,,,,false,false,0,?tool=comma-json-array,?category=developer&convert=comma-json-array,comma-json-array,COMMA LIST를 JSON ARRAY로 | COMMA LIST JSON ARRAY 변환 | COMMA LIST에서 JSON ARRAY,텍스트 변환 | 개발자 도구 | 코드 변환 | 개발자·텍스트 | comma-json-array | COMMA LIST | JSON ARRAY,
semicolon-json-array,semicolon-json-array,platform,text,세미콜론 목록 → JSON 배열,developer,semicolon-json-array,SEMICOLON LIST,JSON ARRAY,published,true,,,,,false,false,0,?tool=semicolon-json-array,?category=developer&convert=semicolon-json-array,semicolon-json-array,SEMICOLON LIST를 JSON ARRAY로 | SEMICOLON LIST JSON ARRAY 변환 | SEMICOLON LIST에서 JSON ARRAY,텍스트 변환 | 개발자 도구 | 코드 변환 | 개발자·텍스트 | semicolon-json-array | SEMICOLON LIST | JSON ARRAY,
pipe-json-array,pipe-json-array,platform,text,파이프 목록 → JSON 배열,developer,pipe-json-array,PIPE LIST,JSON ARRAY,published,true,,,,,false,false,0,?tool=pipe-json-array,?category=developer&convert=pipe-json-array,pipe-json-array,PIPE LIST를 JSON ARRAY로 | PIPE LIST JSON ARRAY 변환 | PIPE LIST에서 JSON ARRAY,텍스트 변환 | 개발자 도구 | 코드 변환 | 개발자·텍스트 | pipe-json-array | PIPE LIST | JSON ARRAY,
json-array-comma,json-array-comma,platform,text,JSON 배열 → 쉼표 목록,developer,json-array-comma,JSON ARRAY,COMMA LIST,published,true,,,,,false,false,0,?tool=json-array-comma,?category=developer&convert=json-array-comma,json-array-comma,JSON ARRAY를 COMMA LIST로 | JSON ARRAY COMMA LIST 변환 | JSON ARRAY에서 COMMA LIST,텍스트 변환 | 개발자 도구 | 코드 변환 | 개발자·텍스트 | json-array-comma | JSON ARRAY | COMMA LIST,
json-array-semicolon,json-array-semicolon,platform,text,JSON 배열 → 세미콜론 목록,developer,json-array-semicolon,JSON ARRAY,SEMICOLON LIST,published,true,,,,,false,false,0,?tool=json-array-semicolon,?category=developer&convert=json-array-semicolon,json-array-semicolon,JSON ARRAY를 SEMICOLON LIST로 | JSON ARRAY SEMICOLON LIST 변환 | JSON ARRAY에서 SEMICOLON LIST,텍스트 변환 | 개발자 도구 | 코드 변환 | 개발자·텍스트 | json-array-semicolon | JSON ARRAY | SEMICOLON LIST,
json-array-pipe,json-array-pipe,platform,text,JSON 배열 → 파이프 목록,developer,json-array-pipe,JSON ARRAY,PIPE LIST,published,true,,,,,false,false,0,?tool=json-array-pipe,?category=developer&convert=json-array-pipe,json-array-pipe,JSON ARRAY를 PIPE LIST로 | JSON ARRAY PIPE LIST 변환 | JSON ARRAY에서 PIPE LIST,텍스트 변환 | 개발자 도구 | 코드 변환 | 개발자·텍스트 | json-array-pipe | JSON ARRAY | PIPE LIST,
text-slug,text-slug,platform,text,텍스트 → URL 슬러그,developer,text-slug,TEXT,SLUG,published,true,,,,,false,false,0,?tool=text-slug,?category=developer&convert=text-slug,text-slug,TEXT를 SLUG로 | TEXT SLUG 변환 | TEXT에서 SLUG,텍스트 변환 | 개발자 도구 | 코드 변환 | 개발자·텍스트 | text-slug | TEXT | SLUG,
text-reverse-chars,text-reverse-chars,platform,text,문자 순서 뒤집기,developer,text-reverse-chars,TEXT,REVERSED TEXT,published,true,,,,,false,false,0,?tool=text-reverse-chars,?category=developer&convert=text-reverse-chars,text-reverse-chars,TEXT를 REVERSED TEXT로 | TEXT REVERSED TEXT 변환 | TEXT에서 REVERSED TEXT,텍스트 변환 | 개발자 도구 | 코드 변환 | 개발자·텍스트 | text-reverse-chars | TEXT | REVERSED TEXT,
text-reverse-words,text-reverse-words,platform,text,단어 순서 뒤집기,developer,text-reverse-words,TEXT,REVERSED WORDS,published,true,,,,,false,false,0,?tool=text-reverse-words,?category=developer&convert=text-reverse-words,text-reverse-words,TEXT를 REVERSED WORDS로 | TEXT REVERSED WORDS 변환 | TEXT에서 REVERSED WORDS,텍스트 변환 | 개발자 도구 | 코드 변환 | 개발자·텍스트 | text-reverse-words | TEXT | REVERSED WORDS,
text-single-line,text-single-line,platform,text,여러 줄 → 한 줄,developer,text-single-line,MULTILINE,SINGLE LINE,published,true,,,,,false,false,0,?tool=text-single-line,?category=developer&convert=text-single-line,text-single-line,MULTILINE를 SINGLE LINE로 | MULTILINE SINGLE LINE 변환 | MULTILINE에서 SINGLE LINE,텍스트 변환 | 개발자 도구 | 코드 변환 | 개발자·텍스트 | text-single-line | MULTILINE | SINGLE LINE,
text-indent-2,text-indent-2,platform,text,텍스트 2칸 들여쓰기,developer,text-indent-2,TEXT,INDENT 2,published,true,,,,,false,false,0,?tool=text-indent-2,?category=developer&convert=text-indent-2,text-indent-2,TEXT를 INDENT 2로 | TEXT INDENT 2 변환 | TEXT에서 INDENT 2,텍스트 변환 | 개발자 도구 | 코드 변환 | 개발자·텍스트 | text-indent-2 | TEXT | INDENT 2,
text-indent-4,text-indent-4,platform,text,텍스트 4칸 들여쓰기,developer,text-indent-4,TEXT,INDENT 4,published,true,,,,,false,false,0,?tool=text-indent-4,?category=developer&convert=text-indent-4,text-indent-4,TEXT를 INDENT 4로 | TEXT INDENT 4 변환 | TEXT에서 INDENT 4,텍스트 변환 | 개발자 도구 | 코드 변환 | 개발자·텍스트 | text-indent-4 | TEXT | INDENT 4,
text-unindent,text-unindent,platform,text,공통 들여쓰기 제거,developer,text-unindent,INDENTED TEXT,TEXT,published,true,,,,,false,false,0,?tool=text-unindent,?category=developer&convert=text-unindent,text-unindent,INDENTED TEXT를 TEXT로 | INDENTED TEXT TEXT 변환 | INDENTED TEXT에서 TEXT,텍스트 변환 | 개발자 도구 | 코드 변환 | 개발자·텍스트 | text-unindent | INDENTED TEXT | TEXT,
tabs-spaces-2,tabs-spaces-2,platform,text,탭 → 공백 2칸,developer,tabs-spaces-2,TABS,SPACES 2,published,true,,,,,false,false,0,?tool=tabs-spaces-2,?category=developer&convert=tabs-spaces-2,tabs-spaces-2,TABS를 SPACES 2로 | TABS SPACES 2 변환 | TABS에서 SPACES 2,텍스트 변환 | 개발자 도구 | 코드 변환 | 개발자·텍스트 | tabs-spaces-2 | TABS | SPACES 2,
tabs-spaces-4,tabs-spaces-4,platform,text,탭 → 공백 4칸,developer,tabs-spaces-4,TABS,SPACES 4,published,true,,,,,false,false,0,?tool=tabs-spaces-4,?category=developer&convert=tabs-spaces-4,tabs-spaces-4,TABS를 SPACES 4로 | TABS SPACES 4 변환 | TABS에서 SPACES 4,텍스트 변환 | 개발자 도구 | 코드 변환 | 개발자·텍스트 | tabs-spaces-4 | TABS | SPACES 4,
line-bullet-add,line-bullet-add,platform,text,줄 앞에 글머리표 추가,developer,line-bullet-add,LINES,BULLET LIST,published,true,,,,,false,false,0,?tool=line-bullet-add,?category=developer&convert=line-bullet-add,line-bullet-add,LINES를 BULLET LIST로 | LINES BULLET LIST 변환 | LINES에서 BULLET LIST,텍스트 변환 | 개발자 도구 | 코드 변환 | 개발자·텍스트 | line-bullet-add | LINES | BULLET LIST,
line-bullet-remove,line-bullet-remove,platform,text,글머리표 제거,developer,line-bullet-remove,BULLET LIST,LINES,published,true,,,,,false,false,0,?tool=line-bullet-remove,?category=developer&convert=line-bullet-remove,line-bullet-remove,BULLET LIST를 LINES로 | BULLET LIST LINES 변환 | BULLET LIST에서 LINES,텍스트 변환 | 개발자 도구 | 코드 변환 | 개발자·텍스트 | line-bullet-remove | BULLET LIST | LINES,
line-quote-add,line-quote-add,platform,text,줄 앞에 인용 기호 추가,developer,line-quote-add,LINES,BLOCKQUOTE,published,true,,,,,false,false,0,?tool=line-quote-add,?category=developer&convert=line-quote-add,line-quote-add,LINES를 BLOCKQUOTE로 | LINES BLOCKQUOTE 변환 | LINES에서 BLOCKQUOTE,텍스트 변환 | 개발자 도구 | 코드 변환 | 개발자·텍스트 | line-quote-add | LINES | BLOCKQUOTE,
line-quote-remove,line-quote-remove,platform,text,마크다운 인용 기호 제거,developer,line-quote-remove,BLOCKQUOTE,LINES,published,true,,,,,false,false,0,?tool=line-quote-remove,?category=developer&convert=line-quote-remove,line-quote-remove,BLOCKQUOTE를 LINES로 | BLOCKQUOTE LINES 변환 | BLOCKQUOTE에서 LINES,텍스트 변환 | 개발자 도구 | 코드 변환 | 개발자·텍스트 | line-quote-remove | BLOCKQUOTE | LINES,
markdown-checkbox-add,markdown-checkbox-add,platform,text,줄 목록 → 마크다운 체크박스,developer,markdown-checkbox-add,LINES,CHECKLIST,published,true,,,,,false,false,0,?tool=markdown-checkbox-add,?category=developer&convert=markdown-checkbox-add,markdown-checkbox-add,LINES를 CHECKLIST로 | LINES CHECKLIST 변환 | LINES에서 CHECKLIST,텍스트 변환 | 개발자 도구 | 코드 변환 | 개발자·텍스트 | markdown-checkbox-add | LINES | CHECKLIST,
markdown-checkbox-remove,markdown-checkbox-remove,platform,text,마크다운 체크박스 → 줄 목록,developer,markdown-checkbox-remove,CHECKLIST,LINES,published,true,,,,,false,false,0,?tool=markdown-checkbox-remove,?category=developer&convert=markdown-checkbox-remove,markdown-checkbox-remove,CHECKLIST를 LINES로 | CHECKLIST LINES 변환 | CHECKLIST에서 LINES,텍스트 변환 | 개발자 도구 | 코드 변환 | 개발자·텍스트 | markdown-checkbox-remove | CHECKLIST | LINES,
line-comma-suffix,line-comma-suffix,platform,text,각 줄 끝에 쉼표 추가,developer,line-comma-suffix,LINES,COMMA SUFFIX,published,true,,,,,false,false,0,?tool=line-comma-suffix,?category=developer&convert=line-comma-suffix,line-comma-suffix,LINES를 COMMA SUFFIX로 | LINES COMMA SUFFIX 변환 | LINES에서 COMMA SUFFIX,텍스트 변환 | 개발자 도구 | 코드 변환 | 개발자·텍스트 | line-comma-suffix | LINES | COMMA SUFFIX,
line-comma-suffix-remove,line-comma-suffix-remove,platform,text,각 줄 끝 쉼표 제거,developer,line-comma-suffix-remove,COMMA SUFFIX,LINES,published,true,,,,,false,false,0,?tool=line-comma-suffix-remove,?category=developer&convert=line-comma-suffix-remove,line-comma-suffix-remove,COMMA SUFFIX를 LINES로 | COMMA SUFFIX LINES 변환 | COMMA SUFFIX에서 LINES,텍스트 변환 | 개발자 도구 | 코드 변환 | 개발자·텍스트 | line-comma-suffix-remove | COMMA SUFFIX | LINES,
line-semicolon-suffix,line-semicolon-suffix,platform,text,각 줄 끝에 세미콜론 추가,developer,line-semicolon-suffix,LINES,SEMICOLON SUFFIX,published,true,,,,,false,false,0,?tool=line-semicolon-suffix,?category=developer&convert=line-semicolon-suffix,line-semicolon-suffix,LINES를 SEMICOLON SUFFIX로 | LINES SEMICOLON SUFFIX 변환 | LINES에서 SEMICOLON SUFFIX,텍스트 변환 | 개발자 도구 | 코드 변환 | 개발자·텍스트 | line-semicolon-suffix | LINES | SEMICOLON SUFFIX,
line-semicolon-suffix-remove,line-semicolon-suffix-remove,platform,text,각 줄 끝 세미콜론 제거,developer,line-semicolon-suffix-remove,SEMICOLON SUFFIX,LINES,published,true,,,,,false,false,0,?tool=line-semicolon-suffix-remove,?category=developer&convert=line-semicolon-suffix-remove,line-semicolon-suffix-remove,SEMICOLON SUFFIX를 LINES로 | SEMICOLON SUFFIX LINES 변환 | SEMICOLON SUFFIX에서 LINES,텍스트 변환 | 개발자 도구 | 코드 변환 | 개발자·텍스트 | line-semicolon-suffix-remove | SEMICOLON SUFFIX | LINES,
text-trim,text-trim,platform,text,텍스트 바깥 공백 제거,developer,text-trim,TEXT,TRIMMED TEXT,published,true,,,,,false,false,0,?tool=text-trim,?category=developer&convert=text-trim,text-trim,TEXT를 TRIMMED TEXT로 | TEXT TRIMMED TEXT 변환 | TEXT에서 TRIMMED TEXT,텍스트 변환 | 개발자 도구 | 코드 변환 | 개발자·텍스트 | text-trim | TEXT | TRIMMED TEXT,
text-collapse-blank-lines,text-collapse-blank-lines,platform,text,연속 빈 줄 정리,developer,text-collapse-blank-lines,TEXT,CLEAN TEXT,published,true,,,,,false,false,0,?tool=text-collapse-blank-lines,?category=developer&convert=text-collapse-blank-lines,text-collapse-blank-lines,TEXT를 CLEAN TEXT로 | TEXT CLEAN TEXT 변환 | TEXT에서 CLEAN TEXT,텍스트 변환 | 개발자 도구 | 코드 변환 | 개발자·텍스트 | text-collapse-blank-lines | TEXT | CLEAN TEXT,
text-normalize-nfc,text-normalize-nfc,platform,text,유니코드 NFC 정규화,developer,text-normalize-nfc,TEXT,NFC,published,true,,,,,false,false,0,?tool=text-normalize-nfc,?category=developer&convert=text-normalize-nfc,text-normalize-nfc,TEXT를 NFC로 | TEXT NFC 변환 | TEXT에서 NFC,텍스트 변환 | 개발자 도구 | 코드 변환 | 개발자·텍스트 | text-normalize-nfc | TEXT | NFC,
text-normalize-nfd,text-normalize-nfd,platform,text,유니코드 NFD 정규화,developer,text-normalize-nfd,TEXT,NFD,published,true,,,,,false,false,0,?tool=text-normalize-nfd,?category=developer&convert=text-normalize-nfd,text-normalize-nfd,TEXT를 NFD로 | TEXT NFD 변환 | TEXT에서 NFD,텍스트 변환 | 개발자 도구 | 코드 변환 | 개발자·텍스트 | text-normalize-nfd | TEXT | NFD,
text-normalize-nfkc,text-normalize-nfkc,platform,text,유니코드 NFKC 정규화,developer,text-normalize-nfkc,TEXT,NFKC,published,true,,,,,false,false,0,?tool=text-normalize-nfkc,?category=developer&convert=text-normalize-nfkc,text-normalize-nfkc,TEXT를 NFKC로 | TEXT NFKC 변환 | TEXT에서 NFKC,텍스트 변환 | 개발자 도구 | 코드 변환 | 개발자·텍스트 | text-normalize-nfkc | TEXT | NFKC,
text-normalize-nfkd,text-normalize-nfkd,platform,text,유니코드 NFKD 정규화,developer,text-normalize-nfkd,TEXT,NFKD,published,true,,,,,false,false,0,?tool=text-normalize-nfkd,?category=developer&convert=text-normalize-nfkd,text-normalize-nfkd,TEXT를 NFKD로 | TEXT NFKD 변환 | TEXT에서 NFKD,텍스트 변환 | 개발자 도구 | 코드 변환 | 개발자·텍스트 | text-normalize-nfkd | TEXT | NFKD,
text-remove-diacritics,text-remove-diacritics,platform,text,영문 발음 구별 기호 제거,developer,text-remove-diacritics,TEXT,PLAIN LATIN,published,true,,,,,false,false,0,?tool=text-remove-diacritics,?category=developer&convert=text-remove-diacritics,text-remove-diacritics,TEXT를 PLAIN LATIN로 | TEXT PLAIN LATIN 변환 | TEXT에서 PLAIN LATIN,텍스트 변환 | 개발자 도구 | 코드 변환 | 개발자·텍스트 | text-remove-diacritics | TEXT | PLAIN LATIN,
text-remove-control-chars,text-remove-control-chars,platform,text,제어 문자 제거,developer,text-remove-control-chars,TEXT,CLEAN TEXT,published,true,,,,,false,false,0,?tool=text-remove-control-chars,?category=developer&convert=text-remove-control-chars,text-remove-control-chars,TEXT를 CLEAN TEXT로 | TEXT CLEAN TEXT 변환 | TEXT에서 CLEAN TEXT,텍스트 변환 | 개발자 도구 | 코드 변환 | 개발자·텍스트 | text-remove-control-chars | TEXT | CLEAN TEXT,
html-remove-comments,html-remove-comments,platform,text,HTML 주석 제거,developer,html-remove-comments,HTML,HTML,published,true,,,,,false,false,0,?tool=html-remove-comments,?category=developer&convert=html-remove-comments,html-remove-comments,HTML를 HTML로 | HTML HTML 변환 | HTML에서 HTML,텍스트 변환 | 개발자 도구 | 코드 변환 | 개발자·텍스트 | html-remove-comments | HTML | htm | 웹 문서,
html-minify-basic,html-minify-basic,platform,text,HTML 기본 압축,developer,html-minify-basic,HTML,MINIFIED HTML,published,true,,,,,false,false,0,?tool=html-minify-basic,?category=developer&convert=html-minify-basic,html-minify-basic,HTML를 MINIFIED HTML로 | HTML MINIFIED HTML 변환 | HTML에서 MINIFIED HTML,텍스트 변환 | 개발자 도구 | 코드 변환 | 개발자·텍스트 | html-minify-basic | HTML | htm | 웹 문서 | MINIFIED HTML,
css-minify-basic,css-minify-basic,platform,text,CSS 기본 압축,developer,css-minify-basic,CSS,MINIFIED CSS,published,true,,,,,false,false,0,?tool=css-minify-basic,?category=developer&convert=css-minify-basic,css-minify-basic,CSS를 MINIFIED CSS로 | CSS MINIFIED CSS 변환 | CSS에서 MINIFIED CSS,텍스트 변환 | 개발자 도구 | 코드 변환 | 개발자·텍스트 | css-minify-basic | CSS | MINIFIED CSS,
json-sort-keys-deep,json-sort-keys-deep,platform,text,JSON 키 재귀 정렬,developer,json-sort-keys-deep,JSON,SORTED JSON,published,true,,,,,false,false,0,?tool=json-sort-keys-deep,?category=developer&convert=json-sort-keys-deep,json-sort-keys-deep,JSON를 SORTED JSON로 | JSON SORTED JSON 변환 | JSON에서 SORTED JSON,텍스트 변환 | 개발자 도구 | 코드 변환 | 개발자·텍스트 | json-sort-keys-deep | JSON | 제이슨 | 데이터 | SORTED JSON,
json-array-unique,json-array-unique,platform,text,JSON 배열 중복 제거,developer,json-array-unique,JSON ARRAY,UNIQUE JSON,published,true,,,,,false,false,0,?tool=json-array-unique,?category=developer&convert=json-array-unique,json-array-unique,JSON ARRAY를 UNIQUE JSON로 | JSON ARRAY UNIQUE JSON 변환 | JSON ARRAY에서 UNIQUE JSON,텍스트 변환 | 개발자 도구 | 코드 변환 | 개발자·텍스트 | json-array-unique | JSON ARRAY | UNIQUE JSON,
json-array-sort-asc,json-array-sort-asc,platform,text,JSON 배열 오름차순 정렬,developer,json-array-sort-asc,JSON ARRAY,SORTED JSON,published,true,,,,,false,false,0,?tool=json-array-sort-asc,?category=developer&convert=json-array-sort-asc,json-array-sort-asc,JSON ARRAY를 SORTED JSON로 | JSON ARRAY SORTED JSON 변환 | JSON ARRAY에서 SORTED JSON,텍스트 변환 | 개발자 도구 | 코드 변환 | 개발자·텍스트 | json-array-sort-asc | JSON ARRAY | SORTED JSON,
json-array-sort-desc,json-array-sort-desc,platform,text,JSON 배열 내림차순 정렬,developer,json-array-sort-desc,JSON ARRAY,SORTED JSON,published,true,,,,,false,false,0,?tool=json-array-sort-desc,?category=developer&convert=json-array-sort-desc,json-array-sort-desc,JSON ARRAY를 SORTED JSON로 | JSON ARRAY SORTED JSON 변환 | JSON ARRAY에서 SORTED JSON,텍스트 변환 | 개발자 도구 | 코드 변환 | 개발자·텍스트 | json-array-sort-desc | JSON ARRAY | SORTED JSON,
json-array-reverse,json-array-reverse,platform,text,JSON 배열 순서 뒤집기,developer,json-array-reverse,JSON ARRAY,REVERSED JSON,published,true,,,,,false,false,0,?tool=json-array-reverse,?category=developer&convert=json-array-reverse,json-array-reverse,JSON ARRAY를 REVERSED JSON로 | JSON ARRAY REVERSED JSON 변환 | JSON ARRAY에서 REVERSED JSON,텍스트 변환 | 개발자 도구 | 코드 변환 | 개발자·텍스트 | json-array-reverse | JSON ARRAY | REVERSED JSON,
env-json,env-json,platform,text,.env → JSON,developer,env-json,ENV,JSON,published,true,,,,,false,false,0,?tool=env-json,?category=developer&convert=env-json,env-json,ENV를 JSON로 | ENV JSON 변환 | ENV에서 JSON,텍스트 변환 | 개발자 도구 | 코드 변환 | 개발자·텍스트 | env-json | ENV | JSON | 제이슨 | 데이터,
json-env,json-env,platform,text,JSON → .env,developer,json-env,JSON,ENV,published,true,,,,,false,false,0,?tool=json-env,?category=developer&convert=json-env,json-env,JSON를 ENV로 | JSON ENV 변환 | JSON에서 ENV,텍스트 변환 | 개발자 도구 | 코드 변환 | 개발자·텍스트 | json-env | JSON | 제이슨 | 데이터 | ENV,
properties-json,properties-json,platform,text,properties → JSON,developer,properties-json,PROPERTIES,JSON,published,true,,,,,false,false,0,?tool=properties-json,?category=developer&convert=properties-json,properties-json,PROPERTIES를 JSON로 | PROPERTIES JSON 변환 | PROPERTIES에서 JSON,텍스트 변환 | 개발자 도구 | 코드 변환 | 개발자·텍스트 | properties-json | PROPERTIES | JSON | 제이슨 | 데이터,
json-properties,json-properties,platform,text,JSON → properties,developer,json-properties,JSON,PROPERTIES,published,true,,,,,false,false,0,?tool=json-properties,?category=developer&convert=json-properties,json-properties,JSON를 PROPERTIES로 | JSON PROPERTIES 변환 | JSON에서 PROPERTIES,텍스트 변환 | 개발자 도구 | 코드 변환 | 개발자·텍스트 | json-properties | JSON | 제이슨 | 데이터 | PROPERTIES,
text-rot13,text-rot13,platform,text,텍스트 → ROT13,developer,text-rot13,TEXT,ROT13,published,true,,,,,false,false,0,?tool=text-rot13,?category=developer&convert=text-rot13,text-rot13,TEXT를 ROT13로 | TEXT ROT13 변환 | TEXT에서 ROT13,텍스트 변환 | 개발자 도구 | 코드 변환 | 개발자·텍스트 | text-rot13 | TEXT | ROT13,
text-atbash,text-atbash,platform,text,텍스트 → Atbash,developer,text-atbash,TEXT,ATBASH,published,true,,,,,false,false,0,?tool=text-atbash,?category=developer&convert=text-atbash,text-atbash,TEXT를 ATBASH로 | TEXT ATBASH 변환 | TEXT에서 ATBASH,텍스트 변환 | 개발자 도구 | 코드 변환 | 개발자·텍스트 | text-atbash | TEXT | ATBASH,
text-morse,text-morse,platform,text,영문·숫자 → 모스부호,developer,text-morse,TEXT,MORSE,published,true,,,,,false,false,0,?tool=text-morse,?category=developer&convert=text-morse,text-morse,TEXT를 MORSE로 | TEXT MORSE 변환 | TEXT에서 MORSE,텍스트 변환 | 개발자 도구 | 코드 변환 | 개발자·텍스트 | text-morse | TEXT | MORSE,
morse-text,morse-text,platform,text,모스부호 → 영문·숫자,developer,morse-text,MORSE,TEXT,published,true,,,,,false,false,0,?tool=morse-text,?category=developer&convert=morse-text,morse-text,MORSE를 TEXT로 | MORSE TEXT 변환 | MORSE에서 TEXT,텍스트 변환 | 개발자 도구 | 코드 변환 | 개발자·텍스트 | morse-text | MORSE | TEXT,
text-utf16-codes,text-utf16-codes,platform,text,텍스트 → UTF-16 코드,developer,text-utf16-codes,TEXT,UTF-16,published,true,,,,,false,false,0,?tool=text-utf16-codes,?category=developer&convert=text-utf16-codes,text-utf16-codes,TEXT를 UTF-16로 | TEXT UTF-16 변환 | TEXT에서 UTF-16,텍스트 변환 | 개발자 도구 | 코드 변환 | 개발자·텍스트 | text-utf16-codes | TEXT | UTF-16,
utf16-codes-text,utf16-codes-text,platform,text,UTF-16 코드 → 텍스트,developer,utf16-codes-text,UTF-16,TEXT,published,true,,,,,false,false,0,?tool=utf16-codes-text,?category=developer&convert=utf16-codes-text,utf16-codes-text,UTF-16를 TEXT로 | UTF-16 TEXT 변환 | UTF-16에서 TEXT,텍스트 변환 | 개발자 도구 | 코드 변환 | 개발자·텍스트 | utf16-codes-text | UTF-16 | TEXT,
text-code-points,text-code-points,platform,text,텍스트 → 유니코드 코드포인트,developer,text-code-points,TEXT,U+CODE,published,true,,,,,false,false,0,?tool=text-code-points,?category=developer&convert=text-code-points,text-code-points,TEXT를 U+CODE로 | TEXT U+CODE 변환 | TEXT에서 U+CODE,텍스트 변환 | 개발자 도구 | 코드 변환 | 개발자·텍스트 | text-code-points | TEXT | U+CODE,
code-points-text,code-points-text,platform,text,유니코드 코드포인트 → 텍스트,developer,code-points-text,U+CODE,TEXT,published,true,,,,,false,false,0,?tool=code-points-text,?category=developer&convert=code-points-text,code-points-text,U+CODE를 TEXT로 | U+CODE TEXT 변환 | U+CODE에서 TEXT,텍스트 변환 | 개발자 도구 | 코드 변환 | 개발자·텍스트 | code-points-text | U+CODE | TEXT,
text-decimal-codes,text-decimal-codes,platform,text,텍스트 → 10진 코드포인트,developer,text-decimal-codes,TEXT,DECIMAL CODE,published,true,,,,,false,false,0,?tool=text-decimal-codes,?category=developer&convert=text-decimal-codes,text-decimal-codes,TEXT를 DECIMAL CODE로 | TEXT DECIMAL CODE 변환 | TEXT에서 DECIMAL CODE,텍스트 변환 | 개발자 도구 | 코드 변환 | 개발자·텍스트 | text-decimal-codes | TEXT | DECIMAL CODE,
decimal-codes-text,decimal-codes-text,platform,text,10진 코드포인트 → 텍스트,developer,decimal-codes-text,DECIMAL CODE,TEXT,published,true,,,,,false,false,0,?tool=decimal-codes-text,?category=developer&convert=decimal-codes-text,decimal-codes-text,DECIMAL CODE를 TEXT로 | DECIMAL CODE TEXT 변환 | DECIMAL CODE에서 TEXT,텍스트 변환 | 개발자 도구 | 코드 변환 | 개발자·텍스트 | decimal-codes-text | DECIMAL CODE | TEXT,
text-hex-entities,text-hex-entities,platform,text,텍스트 → 16진 HTML 엔티티,developer,text-hex-entities,TEXT,HEX ENTITIES,published,true,,,,,false,false,0,?tool=text-hex-entities,?category=developer&convert=text-hex-entities,text-hex-entities,TEXT를 HEX ENTITIES로 | TEXT HEX ENTITIES 변환 | TEXT에서 HEX ENTITIES,텍스트 변환 | 개발자 도구 | 코드 변환 | 개발자·텍스트 | text-hex-entities | TEXT | HEX ENTITIES,
hex-entities-text,hex-entities-text,platform,text,16진 HTML 엔티티 → 텍스트,developer,hex-entities-text,HEX ENTITIES,TEXT,published,true,,,,,false,false,0,?tool=hex-entities-text,?category=developer&convert=hex-entities-text,hex-entities-text,HEX ENTITIES를 TEXT로 | HEX ENTITIES TEXT 변환 | HEX ENTITIES에서 TEXT,텍스트 변환 | 개발자 도구 | 코드 변환 | 개발자·텍스트 | hex-entities-text | HEX ENTITIES | TEXT,
xml-pretty,xml-pretty,platform,text,XML 보기 좋게 정리,developer,xml-pretty,XML,PRETTY XML,published,true,,,,,false,false,0,?tool=xml-pretty,?category=developer&convert=xml-pretty,xml-pretty,XML를 PRETTY XML로 | XML PRETTY XML 변환 | XML에서 PRETTY XML,텍스트 변환 | 개발자 도구 | 코드 변환 | 개발자·텍스트 | xml-pretty | XML | 엑스엠엘 | 데이터 | PRETTY XML,
xml-minify,xml-minify,platform,text,XML 기본 압축,developer,xml-minify,XML,MINIFIED XML,published,true,,,,,false,false,0,?tool=xml-minify,?category=developer&convert=xml-minify,xml-minify,XML를 MINIFIED XML로 | XML MINIFIED XML 변환 | XML에서 MINIFIED XML,텍스트 변환 | 개발자 도구 | 코드 변환 | 개발자·텍스트 | xml-minify | XML | 엑스엠엘 | 데이터 | MINIFIED XML,
xml-remove-comments,xml-remove-comments,platform,text,XML 주석 제거,developer,xml-remove-comments,XML,XML,published,true,,,,,false,false,0,?tool=xml-remove-comments,?category=developer&convert=xml-remove-comments,xml-remove-comments,XML를 XML로 | XML XML 변환 | XML에서 XML,텍스트 변환 | 개발자 도구 | 코드 변환 | 개발자·텍스트 | xml-remove-comments | XML | 엑스엠엘 | 데이터,
sql-keywords-upper,sql-keywords-upper,platform,text,SQL 키워드 대문자 변환,developer,sql-keywords-upper,SQL,UPPER SQL,published,true,,,,,false,false,0,?tool=sql-keywords-upper,?category=developer&convert=sql-keywords-upper,sql-keywords-upper,SQL를 UPPER SQL로 | SQL UPPER SQL 변환 | SQL에서 UPPER SQL,텍스트 변환 | 개발자 도구 | 코드 변환 | 개발자·텍스트 | sql-keywords-upper | SQL | UPPER SQL,
sql-keywords-lower,sql-keywords-lower,platform,text,SQL 키워드 소문자 변환,developer,sql-keywords-lower,SQL,lower sql,published,true,,,,,false,false,0,?tool=sql-keywords-lower,?category=developer&convert=sql-keywords-lower,sql-keywords-lower,SQL를 lower sql로 | SQL lower sql 변환 | SQL에서 lower sql,텍스트 변환 | 개발자 도구 | 코드 변환 | 개발자·텍스트 | sql-keywords-lower | SQL | lower sql,
sql-minify-basic,sql-minify-basic,platform,text,SQL 기본 압축,developer,sql-minify-basic,SQL,MINIFIED SQL,published,true,,,,,false,false,0,?tool=sql-minify-basic,?category=developer&convert=sql-minify-basic,sql-minify-basic,SQL를 MINIFIED SQL로 | SQL MINIFIED SQL 변환 | SQL에서 MINIFIED SQL,텍스트 변환 | 개발자 도구 | 코드 변환 | 개발자·텍스트 | sql-minify-basic | SQL | MINIFIED SQL,
markdown-heading-add,markdown-heading-add,platform,text,줄 목록 → 마크다운 제목,developer,markdown-heading-add,LINES,H2 HEADINGS,published,true,,,,,false,false,0,?tool=markdown-heading-add,?category=developer&convert=markdown-heading-add,markdown-heading-add,LINES를 H2 HEADINGS로 | LINES H2 HEADINGS 변환 | LINES에서 H2 HEADINGS,텍스트 변환 | 개발자 도구 | 코드 변환 | 개발자·텍스트 | markdown-heading-add | LINES | H2 HEADINGS,
markdown-heading-remove,markdown-heading-remove,platform,text,마크다운 제목 → 줄 목록,developer,markdown-heading-remove,HEADINGS,LINES,published,true,,,,,false,false,0,?tool=markdown-heading-remove,?category=developer&convert=markdown-heading-remove,markdown-heading-remove,HEADINGS를 LINES로 | HEADINGS LINES 변환 | HEADINGS에서 LINES,텍스트 변환 | 개발자 도구 | 코드 변환 | 개발자·텍스트 | markdown-heading-remove | HEADINGS | LINES,
markdown-bold-add,markdown-bold-add,platform,text,텍스트 → 마크다운 굵게,developer,markdown-bold-add,TEXT,BOLD MARKDOWN,published,true,,,,,false,false,0,?tool=markdown-bold-add,?category=developer&convert=markdown-bold-add,markdown-bold-add,TEXT를 BOLD MARKDOWN로 | TEXT BOLD MARKDOWN 변환 | TEXT에서 BOLD MARKDOWN,텍스트 변환 | 개발자 도구 | 코드 변환 | 개발자·텍스트 | markdown-bold-add | TEXT | BOLD MARKDOWN,
markdown-bold-remove,markdown-bold-remove,platform,text,마크다운 굵게 제거,developer,markdown-bold-remove,BOLD MARKDOWN,TEXT,published,true,,,,,false,false,0,?tool=markdown-bold-remove,?category=developer&convert=markdown-bold-remove,markdown-bold-remove,BOLD MARKDOWN를 TEXT로 | BOLD MARKDOWN TEXT 변환 | BOLD MARKDOWN에서 TEXT,텍스트 변환 | 개발자 도구 | 코드 변환 | 개발자·텍스트 | markdown-bold-remove | BOLD MARKDOWN | TEXT,
markdown-italic-add,markdown-italic-add,platform,text,텍스트 → 마크다운 기울임,developer,markdown-italic-add,TEXT,ITALIC MARKDOWN,published,true,,,,,false,false,0,?tool=markdown-italic-add,?category=developer&convert=markdown-italic-add,markdown-italic-add,TEXT를 ITALIC MARKDOWN로 | TEXT ITALIC MARKDOWN 변환 | TEXT에서 ITALIC MARKDOWN,텍스트 변환 | 개발자 도구 | 코드 변환 | 개발자·텍스트 | markdown-italic-add | TEXT | ITALIC MARKDOWN,
markdown-italic-remove,markdown-italic-remove,platform,text,마크다운 기울임 제거,developer,markdown-italic-remove,ITALIC MARKDOWN,TEXT,published,true,,,,,false,false,0,?tool=markdown-italic-remove,?category=developer&convert=markdown-italic-remove,markdown-italic-remove,ITALIC MARKDOWN를 TEXT로 | ITALIC MARKDOWN TEXT 변환 | ITALIC MARKDOWN에서 TEXT,텍스트 변환 | 개발자 도구 | 코드 변환 | 개발자·텍스트 | markdown-italic-remove | ITALIC MARKDOWN | TEXT,
url-lines-domain,url-lines-domain,platform,text,URL 목록 → 도메인 목록,developer,url-lines-domain,URL LINES,DOMAINS,published,true,,,,,false,false,0,?tool=url-lines-domain,?category=developer&convert=url-lines-domain,url-lines-domain,URL LINES를 DOMAINS로 | URL LINES DOMAINS 변환 | URL LINES에서 DOMAINS,텍스트 변환 | 개발자 도구 | 코드 변환 | 개발자·텍스트 | url-lines-domain | URL LINES | DOMAINS,
url-lines-origin,url-lines-origin,platform,text,URL 목록 → 오리진 목록,developer,url-lines-origin,URL LINES,ORIGINS,published,true,,,,,false,false,0,?tool=url-lines-origin,?category=developer&convert=url-lines-origin,url-lines-origin,URL LINES를 ORIGINS로 | URL LINES ORIGINS 변환 | URL LINES에서 ORIGINS,텍스트 변환 | 개발자 도구 | 코드 변환 | 개발자·텍스트 | url-lines-origin | URL LINES | ORIGINS,
url-lines-path,url-lines-path,platform,text,URL 목록 → 경로 목록,developer,url-lines-path,URL LINES,PATHS,published,true,,,,,false,false,0,?tool=url-lines-path,?category=developer&convert=url-lines-path,url-lines-path,URL LINES를 PATHS로 | URL LINES PATHS 변환 | URL LINES에서 PATHS,텍스트 변환 | 개발자 도구 | 코드 변환 | 개발자·텍스트 | url-lines-path | URL LINES | PATHS,
url-lines-normalize,url-lines-normalize,platform,text,URL 목록 정규화·중복 제거,developer,url-lines-normalize,URL LINES,NORMALIZED URLS,published,true,,,,,false,false,0,?tool=url-lines-normalize,?category=developer&convert=url-lines-normalize,url-lines-normalize,URL LINES를 NORMALIZED URLS로 | URL LINES NORMALIZED URLS 변환 | URL LINES에서 NORMALIZED URLS,텍스트 변환 | 개발자 도구 | 코드 변환 | 개발자·텍스트 | url-lines-normalize | URL LINES | NORMALIZED URLS,
key-value-json,key-value-json,platform,text,key=value 목록 → JSON,developer,key-value-json,KEY=VALUE,JSON,published,true,,,,,false,false,0,?tool=key-value-json,?category=developer&convert=key-value-json,key-value-json,KEY=VALUE를 JSON로 | KEY=VALUE JSON 변환 | KEY=VALUE에서 JSON,텍스트 변환 | 개발자 도구 | 코드 변환 | 개발자·텍스트 | key-value-json | KEY=VALUE | JSON | 제이슨 | 데이터,
json-key-value,json-key-value,platform,text,JSON → key=value 목록,developer,json-key-value,JSON,KEY=VALUE,published,true,,,,,false,false,0,?tool=json-key-value,?category=developer&convert=json-key-value,json-key-value,JSON를 KEY=VALUE로 | JSON KEY=VALUE 변환 | JSON에서 KEY=VALUE,텍스트 변환 | 개발자 도구 | 코드 변환 | 개발자·텍스트 | json-key-value | JSON | 제이슨 | 데이터 | KEY=VALUE,
text-base32,text-base32,platform,text,텍스트 → Base32,developer,text-base32,TEXT,BASE32,published,true,,,,,false,false,0,?tool=text-base32,?category=developer&convert=text-base32,text-base32,TEXT를 BASE32로 | TEXT BASE32 변환 | TEXT에서 BASE32,텍스트 변환 | 개발자 도구 | 코드 변환 | 개발자·텍스트 | text-base32 | TEXT | BASE32,
base32-text,base32-text,platform,text,Base32 → 텍스트,developer,base32-text,BASE32,TEXT,published,true,,,,,false,false,0,?tool=base32-text,?category=developer&convert=base32-text,base32-text,BASE32를 TEXT로 | BASE32 TEXT 변환 | BASE32에서 TEXT,텍스트 변환 | 개발자 도구 | 코드 변환 | 개발자·텍스트 | base32-text | BASE32 | TEXT,
text-base58,text-base58,platform,text,텍스트 → Base58,developer,text-base58,TEXT,BASE58,published,true,,,,,false,false,0,?tool=text-base58,?category=developer&convert=text-base58,text-base58,TEXT를 BASE58로 | TEXT BASE58 변환 | TEXT에서 BASE58,텍스트 변환 | 개발자 도구 | 코드 변환 | 개발자·텍스트 | text-base58 | TEXT | BASE58,
base58-text,base58-text,platform,text,Base58 → 텍스트,developer,base58-text,BASE58,TEXT,published,true,,,,,false,false,0,?tool=base58-text,?category=developer&convert=base58-text,base58-text,BASE58를 TEXT로 | BASE58 TEXT 변환 | BASE58에서 TEXT,텍스트 변환 | 개발자 도구 | 코드 변환 | 개발자·텍스트 | base58-text | BASE58 | TEXT,
text-ascii85,text-ascii85,platform,text,텍스트 → ASCII85,developer,text-ascii85,TEXT,ASCII85,published,true,,,,,false,false,0,?tool=text-ascii85,?category=developer&convert=text-ascii85,text-ascii85,TEXT를 ASCII85로 | TEXT ASCII85 변환 | TEXT에서 ASCII85,텍스트 변환 | 개발자 도구 | 코드 변환 | 개발자·텍스트 | text-ascii85 | TEXT | ASCII85,
ascii85-text,ascii85-text,platform,text,ASCII85 → 텍스트,developer,ascii85-text,ASCII85,TEXT,published,true,,,,,false,false,0,?tool=ascii85-text,?category=developer&convert=ascii85-text,ascii85-text,ASCII85를 TEXT로 | ASCII85 TEXT 변환 | ASCII85에서 TEXT,텍스트 변환 | 개발자 도구 | 코드 변환 | 개발자·텍스트 | ascii85-text | ASCII85 | TEXT,
text-octal-bytes,text-octal-bytes,platform,text,텍스트 → 8진 바이트,developer,text-octal-bytes,TEXT,OCTAL BYTES,published,true,,,,,false,false,0,?tool=text-octal-bytes,?category=developer&convert=text-octal-bytes,text-octal-bytes,TEXT를 OCTAL BYTES로 | TEXT OCTAL BYTES 변환 | TEXT에서 OCTAL BYTES,텍스트 변환 | 개발자 도구 | 코드 변환 | 개발자·텍스트 | text-octal-bytes | TEXT | OCTAL BYTES,
octal-bytes-text,octal-bytes-text,platform,text,8진 바이트 → 텍스트,developer,octal-bytes-text,OCTAL BYTES,TEXT,published,true,,,,,false,false,0,?tool=octal-bytes-text,?category=developer&convert=octal-bytes-text,octal-bytes-text,OCTAL BYTES를 TEXT로 | OCTAL BYTES TEXT 변환 | OCTAL BYTES에서 TEXT,텍스트 변환 | 개발자 도구 | 코드 변환 | 개발자·텍스트 | octal-bytes-text | OCTAL BYTES | TEXT,
text-decimal-bytes,text-decimal-bytes,platform,text,텍스트 → 10진 바이트,developer,text-decimal-bytes,TEXT,DECIMAL BYTES,published,true,,,,,false,false,0,?tool=text-decimal-bytes,?category=developer&convert=text-decimal-bytes,text-decimal-bytes,TEXT를 DECIMAL BYTES로 | TEXT DECIMAL BYTES 변환 | TEXT에서 DECIMAL BYTES,텍스트 변환 | 개발자 도구 | 코드 변환 | 개발자·텍스트 | text-decimal-bytes | TEXT | DECIMAL BYTES,
decimal-bytes-text,decimal-bytes-text,platform,text,10진 바이트 → 텍스트,developer,decimal-bytes-text,DECIMAL BYTES,TEXT,published,true,,,,,false,false,0,?tool=decimal-bytes-text,?category=developer&convert=decimal-bytes-text,decimal-bytes-text,DECIMAL BYTES를 TEXT로 | DECIMAL BYTES TEXT 변환 | DECIMAL BYTES에서 TEXT,텍스트 변환 | 개발자 도구 | 코드 변환 | 개발자·텍스트 | decimal-bytes-text | DECIMAL BYTES | TEXT,
text-quoted-printable,text-quoted-printable,platform,text,텍스트 → Quoted-Printable,developer,text-quoted-printable,TEXT,QUOTED-PRINTABLE,published,true,,,,,false,false,0,?tool=text-quoted-printable,?category=developer&convert=text-quoted-printable,text-quoted-printable,TEXT를 QUOTED-PRINTABLE로 | TEXT QUOTED-PRINTABLE 변환 | TEXT에서 QUOTED-PRINTABLE,텍스트 변환 | 개발자 도구 | 코드 변환 | 개발자·텍스트 | text-quoted-printable | TEXT | QUOTED-PRINTABLE,
quoted-printable-text,quoted-printable-text,platform,text,Quoted-Printable → 텍스트,developer,quoted-printable-text,QUOTED-PRINTABLE,TEXT,published,true,,,,,false,false,0,?tool=quoted-printable-text,?category=developer&convert=quoted-printable-text,quoted-printable-text,QUOTED-PRINTABLE를 TEXT로 | QUOTED-PRINTABLE TEXT 변환 | QUOTED-PRINTABLE에서 TEXT,텍스트 변환 | 개발자 도구 | 코드 변환 | 개발자·텍스트 | quoted-printable-text | QUOTED-PRINTABLE | TEXT,
text-nato-phonetic,text-nato-phonetic,platform,text,영문·숫자 → NATO 음성기호,developer,text-nato-phonetic,TEXT,NATO PHONETIC,published,true,,,,,false,false,0,?tool=text-nato-phonetic,?category=developer&convert=text-nato-phonetic,text-nato-phonetic,TEXT를 NATO PHONETIC로 | TEXT NATO PHONETIC 변환 | TEXT에서 NATO PHONETIC,텍스트 변환 | 개발자 도구 | 코드 변환 | 개발자·텍스트 | text-nato-phonetic | TEXT | NATO PHONETIC,
nato-phonetic-text,nato-phonetic-text,platform,text,NATO 음성기호 → 영문·숫자,developer,nato-phonetic-text,NATO PHONETIC,TEXT,published,true,,,,,false,false,0,?tool=nato-phonetic-text,?category=developer&convert=nato-phonetic-text,nato-phonetic-text,NATO PHONETIC를 TEXT로 | NATO PHONETIC TEXT 변환 | NATO PHONETIC에서 TEXT,텍스트 변환 | 개발자 도구 | 코드 변환 | 개발자·텍스트 | nato-phonetic-text | NATO PHONETIC | TEXT,
url-lines-query-json,url-lines-query-json,platform,text,URL 목록 → 쿼리 JSON,developer,url-lines-query-json,URL LINES,QUERY JSON,published,true,,,,,false,false,0,?tool=url-lines-query-json,?category=developer&convert=url-lines-query-json,url-lines-query-json,URL LINES를 QUERY JSON로 | URL LINES QUERY JSON 변환 | URL LINES에서 QUERY JSON,텍스트 변환 | 개발자 도구 | 코드 변환 | 개발자·텍스트 | url-lines-query-json | URL LINES | QUERY JSON,
url-lines-remove-query,url-lines-remove-query,platform,text,URL 목록 쿼리 제거,developer,url-lines-remove-query,URL LINES,URLS,published,true,,,,,false,false,0,?tool=url-lines-remove-query,?category=developer&convert=url-lines-remove-query,url-lines-remove-query,URL LINES를 URLS로 | URL LINES URLS 변환 | URL LINES에서 URLS,텍스트 변환 | 개발자 도구 | 코드 변환 | 개발자·텍스트 | url-lines-remove-query | URL LINES | URLS,
url-lines-remove-hash,url-lines-remove-hash,platform,text,URL 목록 해시 제거,developer,url-lines-remove-hash,URL LINES,URLS,published,true,,,,,false,false,0,?tool=url-lines-remove-hash,?category=developer&convert=url-lines-remove-hash,url-lines-remove-hash,URL LINES를 URLS로 | URL LINES URLS 변환 | URL LINES에서 URLS,텍스트 변환 | 개발자 도구 | 코드 변환 | 개발자·텍스트 | url-lines-remove-hash | URL LINES | URLS,
url-lines-force-https,url-lines-force-https,platform,text,URL 목록 HTTPS 통일,developer,url-lines-force-https,URL LINES,HTTPS URLS,published,true,,,,,false,false,0,?tool=url-lines-force-https,?category=developer&convert=url-lines-force-https,url-lines-force-https,URL LINES를 HTTPS URLS로 | URL LINES HTTPS URLS 변환 | URL LINES에서 HTTPS URLS,텍스트 변환 | 개발자 도구 | 코드 변환 | 개발자·텍스트 | url-lines-force-https | URL LINES | HTTPS URLS,
domain-lines-add-https,domain-lines-add-https,platform,text,도메인 목록 → HTTPS URL,developer,domain-lines-add-https,DOMAIN LINES,HTTPS URLS,published,true,,,,,false,false,0,?tool=domain-lines-add-https,?category=developer&convert=domain-lines-add-https,domain-lines-add-https,DOMAIN LINES를 HTTPS URLS로 | DOMAIN LINES HTTPS URLS 변환 | DOMAIN LINES에서 HTTPS URLS,텍스트 변환 | 개발자 도구 | 코드 변환 | 개발자·텍스트 | domain-lines-add-https | DOMAIN LINES | HTTPS URLS,
html-links-extract,html-links-extract,platform,text,HTML → 링크 주소 목록,developer,html-links-extract,HTML,LINK URLS,published,true,,,,,false,false,0,?tool=html-links-extract,?category=developer&convert=html-links-extract,html-links-extract,HTML를 LINK URLS로 | HTML LINK URLS 변환 | HTML에서 LINK URLS,텍스트 변환 | 개발자 도구 | 코드 변환 | 개발자·텍스트 | html-links-extract | HTML | htm | 웹 문서 | LINK URLS,
html-images-extract,html-images-extract,platform,text,HTML → 이미지 주소 목록,developer,html-images-extract,HTML,IMAGE URLS,published,true,,,,,false,false,0,?tool=html-images-extract,?category=developer&convert=html-images-extract,html-images-extract,HTML를 IMAGE URLS로 | HTML IMAGE URLS 변환 | HTML에서 IMAGE URLS,텍스트 변환 | 개발자 도구 | 코드 변환 | 개발자·텍스트 | html-images-extract | HTML | htm | 웹 문서 | IMAGE URLS,
html-headings-extract,html-headings-extract,platform,text,HTML → 제목 목록,developer,html-headings-extract,HTML,HEADINGS,published,true,,,,,false,false,0,?tool=html-headings-extract,?category=developer&convert=html-headings-extract,html-headings-extract,HTML를 HEADINGS로 | HTML HEADINGS 변환 | HTML에서 HEADINGS,텍스트 변환 | 개발자 도구 | 코드 변환 | 개발자·텍스트 | html-headings-extract | HTML | htm | 웹 문서 | HEADINGS,
markdown-links-extract,markdown-links-extract,platform,text,마크다운 → 링크 주소 목록,developer,markdown-links-extract,MARKDOWN,LINK URLS,published,true,,,,,false,false,0,?tool=markdown-links-extract,?category=developer&convert=markdown-links-extract,markdown-links-extract,MARKDOWN를 LINK URLS로 | MARKDOWN LINK URLS 변환 | MARKDOWN에서 LINK URLS,텍스트 변환 | 개발자 도구 | 코드 변환 | 개발자·텍스트 | markdown-links-extract | MARKDOWN | LINK URLS,
markdown-images-extract,markdown-images-extract,platform,text,마크다운 → 이미지 주소 목록,developer,markdown-images-extract,MARKDOWN,IMAGE URLS,published,true,,,,,false,false,0,?tool=markdown-images-extract,?category=developer&convert=markdown-images-extract,markdown-images-extract,MARKDOWN를 IMAGE URLS로 | MARKDOWN IMAGE URLS 변환 | MARKDOWN에서 IMAGE URLS,텍스트 변환 | 개발자 도구 | 코드 변환 | 개발자·텍스트 | markdown-images-extract | MARKDOWN | IMAGE URLS,
url-lines-html-links,url-lines-html-links,platform,text,URL 목록 → HTML 링크,developer,url-lines-html-links,URL LINES,HTML LINKS,published,true,,,,,false,false,0,?tool=url-lines-html-links,?category=developer&convert=url-lines-html-links,url-lines-html-links,URL LINES를 HTML LINKS로 | URL LINES HTML LINKS 변환 | URL LINES에서 HTML LINKS,텍스트 변환 | 개발자 도구 | 코드 변환 | 개발자·텍스트 | url-lines-html-links | URL LINES | HTML LINKS,
url-lines-markdown-links,url-lines-markdown-links,platform,text,URL 목록 → 마크다운 링크,developer,url-lines-markdown-links,URL LINES,MARKDOWN LINKS,published,true,,,,,false,false,0,?tool=url-lines-markdown-links,?category=developer&convert=url-lines-markdown-links,url-lines-markdown-links,URL LINES를 MARKDOWN LINKS로 | URL LINES MARKDOWN LINKS 변환 | URL LINES에서 MARKDOWN LINKS,텍스트 변환 | 개발자 도구 | 코드 변환 | 개발자·텍스트 | url-lines-markdown-links | URL LINES | MARKDOWN LINKS,
line-sql-quoted-list,line-sql-quoted-list,platform,text,줄 목록 → SQL 문자열 목록,developer,line-sql-quoted-list,LINES,SQL VALUES,published,true,,,,,false,false,0,?tool=line-sql-quoted-list,?category=developer&convert=line-sql-quoted-list,line-sql-quoted-list,LINES를 SQL VALUES로 | LINES SQL VALUES 변환 | LINES에서 SQL VALUES,텍스트 변환 | 개발자 도구 | 코드 변환 | 개발자·텍스트 | line-sql-quoted-list | LINES | SQL VALUES,
line-sql-in-clause,line-sql-in-clause,platform,text,줄 목록 → SQL IN 절,developer,line-sql-in-clause,LINES,SQL IN,published,true,,,,,false,false,0,?tool=line-sql-in-clause,?category=developer&convert=line-sql-in-clause,line-sql-in-clause,LINES를 SQL IN로 | LINES SQL IN 변환 | LINES에서 SQL IN,텍스트 변환 | 개발자 도구 | 코드 변환 | 개발자·텍스트 | line-sql-in-clause | LINES | SQL IN,
text-cdata-wrap,text-cdata-wrap,platform,text,텍스트 → XML CDATA,developer,text-cdata-wrap,TEXT,CDATA,published,true,,,,,false,false,0,?tool=text-cdata-wrap,?category=developer&convert=text-cdata-wrap,text-cdata-wrap,TEXT를 CDATA로 | TEXT CDATA 변환 | TEXT에서 CDATA,텍스트 변환 | 개발자 도구 | 코드 변환 | 개발자·텍스트 | text-cdata-wrap | TEXT | CDATA,
cdata-text,cdata-text,platform,text,XML CDATA → 텍스트,developer,cdata-text,CDATA,TEXT,published,true,,,,,false,false,0,?tool=cdata-text,?category=developer&convert=cdata-text,cdata-text,CDATA를 TEXT로 | CDATA TEXT 변환 | CDATA에서 TEXT,텍스트 변환 | 개발자 도구 | 코드 변환 | 개발자·텍스트 | cdata-text | CDATA | TEXT,
hex-rgb,hex-rgb,platform,special,HEX → RGB,color,hex-rgb,HEX,RGB,published,true,,,,,false,false,0,?tool=hex-rgb,?category=color&convert=hex-rgb,hex-rgb,HEX를 RGB로 | HEX RGB 변환 | HEX에서 RGB,색상 코드 변환 | 컬러 변환 | 색상·코드 | hex-rgb | HEX | RGB,
rgb-hex,rgb-hex,platform,special,RGB → HEX,color,rgb-hex,RGB,HEX,published,true,,,,,false,false,0,?tool=rgb-hex,?category=color&convert=rgb-hex,rgb-hex,RGB를 HEX로 | RGB HEX 변환 | RGB에서 HEX,색상 코드 변환 | 컬러 변환 | 색상·코드 | rgb-hex | RGB | HEX,
hex-hsl,hex-hsl,platform,special,HEX → HSL,color,hex-hsl,HEX,HSL,published,true,,,,,false,false,0,?tool=hex-hsl,?category=color&convert=hex-hsl,hex-hsl,HEX를 HSL로 | HEX HSL 변환 | HEX에서 HSL,색상 코드 변환 | 컬러 변환 | 색상·코드 | hex-hsl | HEX | HSL,
hsl-hex,hsl-hex,platform,special,HSL → HEX,color,hsl-hex,HSL,HEX,published,true,,,,,false,false,0,?tool=hsl-hex,?category=color&convert=hsl-hex,hsl-hex,HSL를 HEX로 | HSL HEX 변환 | HSL에서 HEX,색상 코드 변환 | 컬러 변환 | 색상·코드 | hsl-hex | HSL | HEX,
rgb-hsl,rgb-hsl,platform,special,RGB → HSL,color,rgb-hsl,RGB,HSL,published,true,,,,,false,false,0,?tool=rgb-hsl,?category=color&convert=rgb-hsl,rgb-hsl,RGB를 HSL로 | RGB HSL 변환 | RGB에서 HSL,색상 코드 변환 | 컬러 변환 | 색상·코드 | rgb-hsl | RGB | HSL,
hsl-rgb,hsl-rgb,platform,special,HSL → RGB,color,hsl-rgb,HSL,RGB,published,true,,,,,false,false,0,?tool=hsl-rgb,?category=color&convert=hsl-rgb,hsl-rgb,HSL를 RGB로 | HSL RGB 변환 | HSL에서 RGB,색상 코드 변환 | 컬러 변환 | 색상·코드 | hsl-rgb | HSL | RGB,
rgb-cmyk,rgb-cmyk,platform,special,RGB → CMYK,color,rgb-cmyk,RGB,CMYK,published,true,,,,,false,false,0,?tool=rgb-cmyk,?category=color&convert=rgb-cmyk,rgb-cmyk,RGB를 CMYK로 | RGB CMYK 변환 | RGB에서 CMYK,색상 코드 변환 | 컬러 변환 | 색상·코드 | rgb-cmyk | RGB | CMYK,
cmyk-rgb,cmyk-rgb,platform,special,CMYK → RGB,color,cmyk-rgb,CMYK,RGB,published,true,,,,,false,false,0,?tool=cmyk-rgb,?category=color&convert=cmyk-rgb,cmyk-rgb,CMYK를 RGB로 | CMYK RGB 변환 | CMYK에서 RGB,색상 코드 변환 | 컬러 변환 | 색상·코드 | cmyk-rgb | CMYK | RGB,
hex-cmyk,hex-cmyk,platform,special,HEX → CMYK,color,hex-cmyk,HEX,CMYK,published,true,,,,,false,false,0,?tool=hex-cmyk,?category=color&convert=hex-cmyk,hex-cmyk,HEX를 CMYK로 | HEX CMYK 변환 | HEX에서 CMYK,색상 코드 변환 | 컬러 변환 | 색상·코드 | hex-cmyk | HEX | CMYK,
cmyk-hex,cmyk-hex,platform,special,CMYK → HEX,color,cmyk-hex,CMYK,HEX,published,true,,,,,false,false,0,?tool=cmyk-hex,?category=color&convert=cmyk-hex,cmyk-hex,CMYK를 HEX로 | CMYK HEX 변환 | CMYK에서 HEX,색상 코드 변환 | 컬러 변환 | 색상·코드 | cmyk-hex | CMYK | HEX,
rgb-hsv,rgb-hsv,platform,special,RGB → HSV,color,rgb-hsv,RGB,HSV,published,true,,,,,false,false,0,?tool=rgb-hsv,?category=color&convert=rgb-hsv,rgb-hsv,RGB를 HSV로 | RGB HSV 변환 | RGB에서 HSV,색상 코드 변환 | 컬러 변환 | 색상·코드 | rgb-hsv | RGB | HSV,
hsv-rgb,hsv-rgb,platform,special,HSV → RGB,color,hsv-rgb,HSV,RGB,published,true,,,,,false,false,0,?tool=hsv-rgb,?category=color&convert=hsv-rgb,hsv-rgb,HSV를 RGB로 | HSV RGB 변환 | HSV에서 RGB,색상 코드 변환 | 컬러 변환 | 색상·코드 | hsv-rgb | HSV | RGB,
unix-date,unix-date,platform,special,Unix Timestamp → 날짜,other,unix-date,UNIX,DATE,published,true,,,,,false,false,0,?tool=unix-date,?category=other&convert=unix-date,unix-date,UNIX를 DATE로 | UNIX DATE 변환 | UNIX에서 DATE,기타 변환 | unix-date | UNIX | DATE,
date-unix,date-unix,platform,special,날짜 → Unix Timestamp,other,date-unix,DATE,UNIX,published,true,,,,,false,false,0,?tool=date-unix,?category=other&convert=date-unix,date-unix,DATE를 UNIX로 | DATE UNIX 변환 | DATE에서 UNIX,기타 변환 | date-unix | DATE | UNIX,
dec-bin,dec-bin,platform,special,10진수 → 2진수,other,base-number,DEC,BIN,published,true,,,,,false,false,0,?tool=dec-bin,?category=other&convert=dec-bin,dec-bin,DEC를 BIN로 | DEC BIN 변환 | DEC에서 BIN,기타 변환 | base-number | DEC | BIN,
bin-dec,bin-dec,platform,special,2진수 → 10진수,other,base-number,BIN,DEC,published,true,,,,,false,false,0,?tool=bin-dec,?category=other&convert=bin-dec,bin-dec,BIN를 DEC로 | BIN DEC 변환 | BIN에서 DEC,기타 변환 | base-number | BIN | DEC,
dec-hex,dec-hex,platform,special,10진수 → 16진수,other,base-number,DEC,HEX,published,true,,,,,false,false,0,?tool=dec-hex,?category=other&convert=dec-hex,dec-hex,DEC를 HEX로 | DEC HEX 변환 | DEC에서 HEX,기타 변환 | base-number | DEC | HEX,
hex-dec,hex-dec,platform,special,16진수 → 10진수,other,base-number,HEX,DEC,published,true,,,,,false,false,0,?tool=hex-dec,?category=other&convert=hex-dec,hex-dec,HEX를 DEC로 | HEX DEC 변환 | HEX에서 DEC,기타 변환 | base-number | HEX | DEC,
roman-number,roman-number,platform,special,로마 숫자 ↔ 숫자,other,roman,ROMAN,NUMBER,published,true,,,,,false,false,0,?tool=roman-number,?category=other&convert=roman-number,roman-number,ROMAN를 NUMBER로 | ROMAN NUMBER 변환 | ROMAN에서 NUMBER,기타 변환 | roman | NUMBER,
dec-oct,dec-oct,platform,special,10진수 → 8진수,other,base-number,DEC,OCT,published,true,,,,,false,false,0,?tool=dec-oct,?category=other&convert=dec-oct,dec-oct,DEC를 OCT로 | DEC OCT 변환 | DEC에서 OCT,기타 변환 | base-number | DEC | OCT,
oct-dec,oct-dec,platform,special,8진수 → 10진수,other,base-number,OCT,DEC,published,true,,,,,false,false,0,?tool=oct-dec,?category=other&convert=oct-dec,oct-dec,OCT를 DEC로 | OCT DEC 변환 | OCT에서 DEC,기타 변환 | base-number | OCT | DEC,
bin-hex,bin-hex,platform,special,2진수 → 16진수,other,base-number,BIN,HEX,published,true,,,,,false,false,0,?tool=bin-hex,?category=other&convert=bin-hex,bin-hex,BIN를 HEX로 | BIN HEX 변환 | BIN에서 HEX,기타 변환 | base-number | BIN | HEX,
hex-bin,hex-bin,platform,special,16진수 → 2진수,other,base-number,HEX,BIN,published,true,,,,,false,false,0,?tool=hex-bin,?category=other&convert=hex-bin,hex-bin,HEX를 BIN로 | HEX BIN 변환 | HEX에서 BIN,기타 변환 | base-number | HEX | BIN,
bin-oct,bin-oct,platform,special,2진수 → 8진수,other,base-number,BIN,OCT,published,true,,,,,false,false,0,?tool=bin-oct,?category=other&convert=bin-oct,bin-oct,BIN를 OCT로 | BIN OCT 변환 | BIN에서 OCT,기타 변환 | base-number | BIN | OCT,
oct-bin,oct-bin,platform,special,8진수 → 2진수,other,base-number,OCT,BIN,published,true,,,,,false,false,0,?tool=oct-bin,?category=other&convert=oct-bin,oct-bin,OCT를 BIN로 | OCT BIN 변환 | OCT에서 BIN,기타 변환 | base-number | OCT | BIN,
text-base36,text-base36,platform,text,텍스트 → Base36,developer,text-base36,TEXT,BASE36,published,true,,,,,false,false,0,?tool=text-base36,?category=developer&convert=text-base36,text-base36,TEXT를 BASE36로 | TEXT BASE36 변환 | TEXT에서 BASE36,텍스트 변환 | 개발자 도구 | 코드 변환 | 개발자·텍스트 | text-base36 | TEXT | BASE36,
base36-text,base36-text,platform,text,Base36 → 텍스트,developer,base36-text,BASE36,TEXT,published,true,,,,,false,false,0,?tool=base36-text,?category=developer&convert=base36-text,base36-text,BASE36를 TEXT로 | BASE36 TEXT 변환 | BASE36에서 TEXT,텍스트 변환 | 개발자 도구 | 코드 변환 | 개발자·텍스트 | base36-text | BASE36 | TEXT,
text-base62,text-base62,platform,text,텍스트 → Base62,developer,text-base62,TEXT,BASE62,published,true,,,,,false,false,0,?tool=text-base62,?category=developer&convert=text-base62,text-base62,TEXT를 BASE62로 | TEXT BASE62 변환 | TEXT에서 BASE62,텍스트 변환 | 개발자 도구 | 코드 변환 | 개발자·텍스트 | text-base62 | TEXT | BASE62,
base62-text,base62-text,platform,text,Base62 → 텍스트,developer,base62-text,BASE62,TEXT,published,true,,,,,false,false,0,?tool=base62-text,?category=developer&convert=base62-text,base62-text,BASE62를 TEXT로 | BASE62 TEXT 변환 | BASE62에서 TEXT,텍스트 변환 | 개발자 도구 | 코드 변환 | 개발자·텍스트 | base62-text | BASE62 | TEXT,
text-decimal-entities,text-decimal-entities,platform,text,텍스트 → 10진 HTML 엔티티,developer,text-decimal-entities,TEXT,HTML ENTITY,published,true,,,,,false,false,0,?tool=text-decimal-entities,?category=developer&convert=text-decimal-entities,text-decimal-entities,TEXT를 HTML ENTITY로 | TEXT HTML ENTITY 변환 | TEXT에서 HTML ENTITY,텍스트 변환 | 개발자 도구 | 코드 변환 | 개발자·텍스트 | text-decimal-entities | TEXT | HTML ENTITY,
decimal-entities-text,decimal-entities-text,platform,text,10진 HTML 엔티티 → 텍스트,developer,decimal-entities-text,HTML ENTITY,TEXT,published,true,,,,,false,false,0,?tool=decimal-entities-text,?category=developer&convert=decimal-entities-text,decimal-entities-text,HTML ENTITY를 TEXT로 | HTML ENTITY TEXT 변환 | HTML ENTITY에서 TEXT,텍스트 변환 | 개발자 도구 | 코드 변환 | 개발자·텍스트 | decimal-entities-text | HTML ENTITY | TEXT,
ascii-fullwidth,ascii-fullwidth,platform,text,반각 ASCII → 전각 문자,developer,ascii-fullwidth,ASCII,FULLWIDTH,published,true,,,,,false,false,0,?tool=ascii-fullwidth,?category=developer&convert=ascii-fullwidth,ascii-fullwidth,ASCII를 FULLWIDTH로 | ASCII FULLWIDTH 변환 | ASCII에서 FULLWIDTH,텍스트 변환 | 개발자 도구 | 코드 변환 | 개발자·텍스트 | ascii-fullwidth | ASCII | FULLWIDTH,
fullwidth-ascii,fullwidth-ascii,platform,text,전각 문자 → 반각 ASCII,developer,fullwidth-ascii,FULLWIDTH,ASCII,published,true,,,,,false,false,0,?tool=fullwidth-ascii,?category=developer&convert=fullwidth-ascii,fullwidth-ascii,FULLWIDTH를 ASCII로 | FULLWIDTH ASCII 변환 | FULLWIDTH에서 ASCII,텍스트 변환 | 개발자 도구 | 코드 변환 | 개발자·텍스트 | fullwidth-ascii | FULLWIDTH | ASCII,
smart-quotes-straight,smart-quotes-straight,platform,text,스마트 따옴표 → 일반 따옴표,developer,smart-quotes-straight,SMART QUOTES,STRAIGHT,published,true,,,,,false,false,0,?tool=smart-quotes-straight,?category=developer&convert=smart-quotes-straight,smart-quotes-straight,SMART QUOTES를 STRAIGHT로 | SMART QUOTES STRAIGHT 변환 | SMART QUOTES에서 STRAIGHT,텍스트 변환 | 개발자 도구 | 코드 변환 | 개발자·텍스트 | smart-quotes-straight | SMART QUOTES | STRAIGHT,
straight-quotes-smart,straight-quotes-smart,platform,text,일반 따옴표 → 스마트 따옴표,developer,straight-quotes-smart,STRAIGHT,SMART QUOTES,published,true,,,,,false,false,0,?tool=straight-quotes-smart,?category=developer&convert=straight-quotes-smart,straight-quotes-smart,STRAIGHT를 SMART QUOTES로 | STRAIGHT SMART QUOTES 변환 | STRAIGHT에서 SMART QUOTES,텍스트 변환 | 개발자 도구 | 코드 변환 | 개발자·텍스트 | straight-quotes-smart | STRAIGHT | SMART QUOTES,
text-regex-escape,text-regex-escape,platform,text,텍스트 → 정규식 이스케이프,developer,text-regex-escape,TEXT,REGEX,published,true,,,,,false,false,0,?tool=text-regex-escape,?category=developer&convert=text-regex-escape,text-regex-escape,TEXT를 REGEX로 | TEXT REGEX 변환 | TEXT에서 REGEX,텍스트 변환 | 개발자 도구 | 코드 변환 | 개발자·텍스트 | text-regex-escape | TEXT | REGEX,
regex-escape-text,regex-escape-text,platform,text,정규식 이스케이프 → 텍스트,developer,regex-escape-text,REGEX,TEXT,published,true,,,,,false,false,0,?tool=regex-escape-text,?category=developer&convert=regex-escape-text,regex-escape-text,REGEX를 TEXT로 | REGEX TEXT 변환 | REGEX에서 TEXT,텍스트 변환 | 개발자 도구 | 코드 변환 | 개발자·텍스트 | regex-escape-text | REGEX | TEXT,
markdown-codeblock-add,markdown-codeblock-add,platform,text,텍스트 → 마크다운 코드블록,developer,markdown-codeblock-add,TEXT,MARKDOWN,published,true,,,,,false,false,0,?tool=markdown-codeblock-add,?category=developer&convert=markdown-codeblock-add,markdown-codeblock-add,TEXT를 MARKDOWN로 | TEXT MARKDOWN 변환 | TEXT에서 MARKDOWN,텍스트 변환 | 개발자 도구 | 코드 변환 | 개발자·텍스트 | markdown-codeblock-add | TEXT | MARKDOWN,
markdown-codeblock-remove,markdown-codeblock-remove,platform,text,마크다운 코드블록 → 텍스트,developer,markdown-codeblock-remove,MARKDOWN,TEXT,published,true,,,,,false,false,0,?tool=markdown-codeblock-remove,?category=developer&convert=markdown-codeblock-remove,markdown-codeblock-remove,MARKDOWN를 TEXT로 | MARKDOWN TEXT 변환 | MARKDOWN에서 TEXT,텍스트 변환 | 개발자 도구 | 코드 변환 | 개발자·텍스트 | markdown-codeblock-remove | MARKDOWN | TEXT,
markdown-inline-code-add,markdown-inline-code-add,platform,text,텍스트 → 마크다운 인라인 코드,developer,markdown-inline-code-add,TEXT,MARKDOWN,published,true,,,,,false,false,0,?tool=markdown-inline-code-add,?category=developer&convert=markdown-inline-code-add,markdown-inline-code-add,TEXT를 MARKDOWN로 | TEXT MARKDOWN 변환 | TEXT에서 MARKDOWN,텍스트 변환 | 개발자 도구 | 코드 변환 | 개발자·텍스트 | markdown-inline-code-add | TEXT | MARKDOWN,
markdown-inline-code-remove,markdown-inline-code-remove,platform,text,마크다운 인라인 코드 → 텍스트,developer,markdown-inline-code-remove,MARKDOWN,TEXT,published,true,,,,,false,false,0,?tool=markdown-inline-code-remove,?category=developer&convert=markdown-inline-code-remove,markdown-inline-code-remove,MARKDOWN를 TEXT로 | MARKDOWN TEXT 변환 | MARKDOWN에서 TEXT,텍스트 변환 | 개발자 도구 | 코드 변환 | 개발자·텍스트 | markdown-inline-code-remove | MARKDOWN | TEXT,
line-ordered-list-add,line-ordered-list-add,platform,text,줄 목록 → 마크다운 번호 목록,developer,line-ordered-list-add,LINES,MARKDOWN,published,true,,,,,false,false,0,?tool=line-ordered-list-add,?category=developer&convert=line-ordered-list-add,line-ordered-list-add,LINES를 MARKDOWN로 | LINES MARKDOWN 변환 | LINES에서 MARKDOWN,텍스트 변환 | 개발자 도구 | 코드 변환 | 개발자·텍스트 | line-ordered-list-add | LINES | MARKDOWN,
line-ordered-list-remove,line-ordered-list-remove,platform,text,마크다운 번호 목록 → 줄 목록,developer,line-ordered-list-remove,MARKDOWN,LINES,published,true,,,,,false,false,0,?tool=line-ordered-list-remove,?category=developer&convert=line-ordered-list-remove,line-ordered-list-remove,MARKDOWN를 LINES로 | MARKDOWN LINES 변환 | MARKDOWN에서 LINES,텍스트 변환 | 개발자 도구 | 코드 변환 | 개발자·텍스트 | line-ordered-list-remove | MARKDOWN | LINES,
line-html-list,line-html-list,platform,text,줄 목록 → HTML 목록,developer,line-html-list,LINES,HTML,published,true,,,,,false,false,0,?tool=line-html-list,?category=developer&convert=line-html-list,line-html-list,LINES를 HTML로 | LINES HTML 변환 | LINES에서 HTML,텍스트 변환 | 개발자 도구 | 코드 변환 | 개발자·텍스트 | line-html-list | LINES | HTML | htm | 웹 문서,
html-list-line,html-list-line,platform,text,HTML 목록 → 줄 목록,developer,html-list-line,HTML,LINES,published,true,,,,,false,false,0,?tool=html-list-line,?category=developer&convert=html-list-line,html-list-line,HTML를 LINES로 | HTML LINES 변환 | HTML에서 LINES,텍스트 변환 | 개발자 도구 | 코드 변환 | 개발자·텍스트 | html-list-line | HTML | htm | 웹 문서 | LINES,
line-html-options,line-html-options,platform,text,줄 목록 → HTML option,developer,line-html-options,LINES,HTML,published,true,,,,,false,false,0,?tool=line-html-options,?category=developer&convert=line-html-options,line-html-options,LINES를 HTML로 | LINES HTML 변환 | LINES에서 HTML,텍스트 변환 | 개발자 도구 | 코드 변환 | 개발자·텍스트 | line-html-options | LINES | HTML | htm | 웹 문서,
html-options-line,html-options-line,platform,text,HTML option → 줄 목록,developer,html-options-line,HTML,LINES,published,true,,,,,false,false,0,?tool=html-options-line,?category=developer&convert=html-options-line,html-options-line,HTML를 LINES로 | HTML LINES 변환 | HTML에서 LINES,텍스트 변환 | 개발자 도구 | 코드 변환 | 개발자·텍스트 | html-options-line | HTML | htm | 웹 문서 | LINES,
text-emails-extract,text-emails-extract,platform,text,텍스트 → 이메일 주소 추출,developer,text-emails-extract,TEXT,EMAILS,published,true,,,,,false,false,0,?tool=text-emails-extract,?category=developer&convert=text-emails-extract,text-emails-extract,TEXT를 EMAILS로 | TEXT EMAILS 변환 | TEXT에서 EMAILS,텍스트 변환 | 개발자 도구 | 코드 변환 | 개발자·텍스트 | text-emails-extract | TEXT | EMAILS,
email-lines-normalize,email-lines-normalize,platform,text,이메일 목록 정규화,developer,email-lines-normalize,EMAILS,EMAILS,published,true,,,,,false,false,0,?tool=email-lines-normalize,?category=developer&convert=email-lines-normalize,email-lines-normalize,EMAILS를 EMAILS로 | EMAILS EMAILS 변환 | EMAILS에서 EMAILS,텍스트 변환 | 개발자 도구 | 코드 변환 | 개발자·텍스트 | email-lines-normalize | EMAILS,
email-lines-mailto,email-lines-mailto,platform,text,이메일 목록 → mailto 링크,developer,email-lines-mailto,EMAILS,HTML,published,true,,,,,false,false,0,?tool=email-lines-mailto,?category=developer&convert=email-lines-mailto,email-lines-mailto,EMAILS를 HTML로 | EMAILS HTML 변환 | EMAILS에서 HTML,텍스트 변환 | 개발자 도구 | 코드 변환 | 개발자·텍스트 | email-lines-mailto | EMAILS | HTML | htm | 웹 문서,
url-lines-add-trailing-slash,url-lines-add-trailing-slash,platform,text,URL 목록 → 끝 슬래시 추가,developer,url-lines-add-trailing-slash,URLS,URLS,published,true,,,,,false,false,0,?tool=url-lines-add-trailing-slash,?category=developer&convert=url-lines-add-trailing-slash,url-lines-add-trailing-slash,URLS를 URLS로 | URLS URLS 변환 | URLS에서 URLS,텍스트 변환 | 개발자 도구 | 코드 변환 | 개발자·텍스트 | url-lines-add-trailing-slash | URLS,
url-lines-remove-trailing-slash,url-lines-remove-trailing-slash,platform,text,URL 목록 → 끝 슬래시 제거,developer,url-lines-remove-trailing-slash,URLS,URLS,published,true,,,,,false,false,0,?tool=url-lines-remove-trailing-slash,?category=developer&convert=url-lines-remove-trailing-slash,url-lines-remove-trailing-slash,URLS를 URLS로 | URLS URLS 변환 | URLS에서 URLS,텍스트 변환 | 개발자 도구 | 코드 변환 | 개발자·텍스트 | url-lines-remove-trailing-slash | URLS,
json-flatten-dot,json-flatten-dot,platform,text,JSON → 점 경로 평탄화,developer,json-flatten-dot,JSON,JSON,published,true,,,,,false,false,0,?tool=json-flatten-dot,?category=developer&convert=json-flatten-dot,json-flatten-dot,JSON를 JSON로 | JSON JSON 변환 | JSON에서 JSON,텍스트 변환 | 개발자 도구 | 코드 변환 | 개발자·텍스트 | json-flatten-dot | JSON | 제이슨 | 데이터,
json-unflatten-dot,json-unflatten-dot,platform,text,점 경로 JSON → 중첩 JSON,developer,json-unflatten-dot,JSON,JSON,published,true,,,,,false,false,0,?tool=json-unflatten-dot,?category=developer&convert=json-unflatten-dot,json-unflatten-dot,JSON를 JSON로 | JSON JSON 변환 | JSON에서 JSON,텍스트 변환 | 개발자 도구 | 코드 변환 | 개발자·텍스트 | json-unflatten-dot | JSON | 제이슨 | 데이터,
json-remove-null,json-remove-null,platform,text,JSON null 값 제거,developer,json-remove-null,JSON,JSON,published,true,,,,,false,false,0,?tool=json-remove-null,?category=developer&convert=json-remove-null,json-remove-null,JSON를 JSON로 | JSON JSON 변환 | JSON에서 JSON,텍스트 변환 | 개발자 도구 | 코드 변환 | 개발자·텍스트 | json-remove-null | JSON | 제이슨 | 데이터,
text-urls-extract,text-urls-extract,platform,text,텍스트 → URL 추출,developer,text-urls-extract,TEXT,URLS,published,true,,,,,false,false,0,?tool=text-urls-extract,?category=developer&convert=text-urls-extract,text-urls-extract,TEXT를 URLS로 | TEXT URLS 변환 | TEXT에서 URLS,텍스트 변환 | 개발자 도구 | 코드 변환 | 개발자·텍스트 | text-urls-extract | TEXT | URLS,
text-numbers-extract,text-numbers-extract,platform,text,텍스트 → 숫자 토큰 추출,developer,text-numbers-extract,TEXT,NUMBERS,published,true,,,,,false,false,0,?tool=text-numbers-extract,?category=developer&convert=text-numbers-extract,text-numbers-extract,TEXT를 NUMBERS로 | TEXT NUMBERS 변환 | TEXT에서 NUMBERS,텍스트 변환 | 개발자 도구 | 코드 변환 | 개발자·텍스트 | text-numbers-extract | TEXT | NUMBERS,
text-integers-extract,text-integers-extract,platform,text,텍스트 → 정수 추출,developer,text-integers-extract,TEXT,INTEGERS,published,true,,,,,false,false,0,?tool=text-integers-extract,?category=developer&convert=text-integers-extract,text-integers-extract,TEXT를 INTEGERS로 | TEXT INTEGERS 변환 | TEXT에서 INTEGERS,텍스트 변환 | 개발자 도구 | 코드 변환 | 개발자·텍스트 | text-integers-extract | TEXT | INTEGERS,
text-decimals-extract,text-decimals-extract,platform,text,텍스트 → 소수 추출,developer,text-decimals-extract,TEXT,DECIMALS,published,true,,,,,false,false,0,?tool=text-decimals-extract,?category=developer&convert=text-decimals-extract,text-decimals-extract,TEXT를 DECIMALS로 | TEXT DECIMALS 변환 | TEXT에서 DECIMALS,텍스트 변환 | 개발자 도구 | 코드 변환 | 개발자·텍스트 | text-decimals-extract | TEXT | DECIMALS,
text-hashtags-extract,text-hashtags-extract,platform,text,텍스트 → 해시태그 추출,developer,text-hashtags-extract,TEXT,HASHTAGS,published,true,,,,,false,false,0,?tool=text-hashtags-extract,?category=developer&convert=text-hashtags-extract,text-hashtags-extract,TEXT를 HASHTAGS로 | TEXT HASHTAGS 변환 | TEXT에서 HASHTAGS,텍스트 변환 | 개발자 도구 | 코드 변환 | 개발자·텍스트 | text-hashtags-extract | TEXT | HASHTAGS,
text-mentions-extract,text-mentions-extract,platform,text,텍스트 → 멘션 추출,developer,text-mentions-extract,TEXT,MENTIONS,published,true,,,,,false,false,0,?tool=text-mentions-extract,?category=developer&convert=text-mentions-extract,text-mentions-extract,TEXT를 MENTIONS로 | TEXT MENTIONS 변환 | TEXT에서 MENTIONS,텍스트 변환 | 개발자 도구 | 코드 변환 | 개발자·텍스트 | text-mentions-extract | TEXT | MENTIONS,
text-unique-words,text-unique-words,platform,text,텍스트 → 고유 단어 목록,developer,text-unique-words,TEXT,WORDS,published,true,,,,,false,false,0,?tool=text-unique-words,?category=developer&convert=text-unique-words,text-unique-words,TEXT를 WORDS로 | TEXT WORDS 변환 | TEXT에서 WORDS,텍스트 변환 | 개발자 도구 | 코드 변환 | 개발자·텍스트 | text-unique-words | TEXT | WORDS,
text-word-frequency-json,text-word-frequency-json,platform,text,텍스트 → 단어 빈도 JSON,developer,text-word-frequency-json,TEXT,JSON,published,true,,,,,false,false,0,?tool=text-word-frequency-json,?category=developer&convert=text-word-frequency-json,text-word-frequency-json,TEXT를 JSON로 | TEXT JSON 변환 | TEXT에서 JSON,텍스트 변환 | 개발자 도구 | 코드 변환 | 개발자·텍스트 | text-word-frequency-json | TEXT | JSON | 제이슨 | 데이터,
text-character-frequency-json,text-character-frequency-json,platform,text,텍스트 → 문자 빈도 JSON,developer,text-character-frequency-json,TEXT,JSON,published,true,,,,,false,false,0,?tool=text-character-frequency-json,?category=developer&convert=text-character-frequency-json,text-character-frequency-json,TEXT를 JSON로 | TEXT JSON 변환 | TEXT에서 JSON,텍스트 변환 | 개발자 도구 | 코드 변환 | 개발자·텍스트 | text-character-frequency-json | TEXT | JSON | 제이슨 | 데이터,
text-remove-urls,text-remove-urls,platform,text,텍스트에서 URL 제거,developer,text-remove-urls,TEXT,TEXT,published,true,,,,,false,false,0,?tool=text-remove-urls,?category=developer&convert=text-remove-urls,text-remove-urls,TEXT를 TEXT로 | TEXT TEXT 변환 | TEXT에서 TEXT,텍스트 변환 | 개발자 도구 | 코드 변환 | 개발자·텍스트 | text-remove-urls | TEXT,
text-remove-emails,text-remove-emails,platform,text,텍스트에서 이메일 제거,developer,text-remove-emails,TEXT,TEXT,published,true,,,,,false,false,0,?tool=text-remove-emails,?category=developer&convert=text-remove-emails,text-remove-emails,TEXT를 TEXT로 | TEXT TEXT 변환 | TEXT에서 TEXT,텍스트 변환 | 개발자 도구 | 코드 변환 | 개발자·텍스트 | text-remove-emails | TEXT,
text-remove-numbers,text-remove-numbers,platform,text,텍스트에서 숫자 제거,developer,text-remove-numbers,TEXT,TEXT,published,true,,,,,false,false,0,?tool=text-remove-numbers,?category=developer&convert=text-remove-numbers,text-remove-numbers,TEXT를 TEXT로 | TEXT TEXT 변환 | TEXT에서 TEXT,텍스트 변환 | 개발자 도구 | 코드 변환 | 개발자·텍스트 | text-remove-numbers | TEXT,
ini-json,ini-json,platform,text,INI → JSON,developer,ini-json,INI,JSON,published,true,,,,,false,false,0,?tool=ini-json,?category=developer&convert=ini-json,ini-json,INI를 JSON로 | INI JSON 변환 | INI에서 JSON,텍스트 변환 | 개발자 도구 | 코드 변환 | 개발자·텍스트 | ini-json | INI | JSON | 제이슨 | 데이터,
json-ini,json-ini,platform,text,JSON → INI,developer,json-ini,JSON,INI,published,true,,,,,false,false,0,?tool=json-ini,?category=developer&convert=json-ini,json-ini,JSON를 INI로 | JSON INI 변환 | JSON에서 INI,텍스트 변환 | 개발자 도구 | 코드 변환 | 개발자·텍스트 | json-ini | JSON | 제이슨 | 데이터 | INI,
http-headers-json,http-headers-json,platform,text,HTTP 헤더 → JSON,developer,http-headers-json,HTTP HEADERS,JSON,published,true,,,,,false,false,0,?tool=http-headers-json,?category=developer&convert=http-headers-json,http-headers-json,HTTP HEADERS를 JSON로 | HTTP HEADERS JSON 변환 | HTTP HEADERS에서 JSON,텍스트 변환 | 개발자 도구 | 코드 변환 | 개발자·텍스트 | http-headers-json | HTTP HEADERS | JSON | 제이슨 | 데이터,
json-http-headers,json-http-headers,platform,text,JSON → HTTP 헤더,developer,json-http-headers,JSON,HTTP HEADERS,published,true,,,,,false,false,0,?tool=json-http-headers,?category=developer&convert=json-http-headers,json-http-headers,JSON를 HTTP HEADERS로 | JSON HTTP HEADERS 변환 | JSON에서 HTTP HEADERS,텍스트 변환 | 개발자 도구 | 코드 변환 | 개발자·텍스트 | json-http-headers | JSON | 제이슨 | 데이터 | HTTP HEADERS,
cookie-json,cookie-json,platform,text,Cookie 문자열 → JSON,developer,cookie-json,COOKIE,JSON,published,true,,,,,false,false,0,?tool=cookie-json,?category=developer&convert=cookie-json,cookie-json,COOKIE를 JSON로 | COOKIE JSON 변환 | COOKIE에서 JSON,텍스트 변환 | 개발자 도구 | 코드 변환 | 개발자·텍스트 | cookie-json | COOKIE | JSON | 제이슨 | 데이터,
json-cookie,json-cookie,platform,text,JSON → Cookie 문자열,developer,json-cookie,JSON,COOKIE,published,true,,,,,false,false,0,?tool=json-cookie,?category=developer&convert=json-cookie,json-cookie,JSON를 COOKIE로 | JSON COOKIE 변환 | JSON에서 COOKIE,텍스트 변환 | 개발자 도구 | 코드 변환 | 개발자·텍스트 | json-cookie | JSON | 제이슨 | 데이터 | COOKIE,
css-vars-json,css-vars-json,platform,text,CSS 변수 → JSON,developer,css-vars-json,CSS VARIABLES,JSON,published,true,,,,,false,false,0,?tool=css-vars-json,?category=developer&convert=css-vars-json,css-vars-json,CSS VARIABLES를 JSON로 | CSS VARIABLES JSON 변환 | CSS VARIABLES에서 JSON,텍스트 변환 | 개발자 도구 | 코드 변환 | 개발자·텍스트 | css-vars-json | CSS VARIABLES | JSON | 제이슨 | 데이터,
json-css-vars,json-css-vars,platform,text,JSON → CSS 변수,developer,json-css-vars,JSON,CSS VARIABLES,published,true,,,,,false,false,0,?tool=json-css-vars,?category=developer&convert=json-css-vars,json-css-vars,JSON를 CSS VARIABLES로 | JSON CSS VARIABLES 변환 | JSON에서 CSS VARIABLES,텍스트 변환 | 개발자 도구 | 코드 변환 | 개발자·텍스트 | json-css-vars | JSON | 제이슨 | 데이터 | CSS VARIABLES,
uuid-remove-hyphens,uuid-remove-hyphens,platform,text,UUID → 하이픈 제거,developer,uuid-remove-hyphens,UUID,HEX,published,true,,,,,false,false,0,?tool=uuid-remove-hyphens,?category=developer&convert=uuid-remove-hyphens,uuid-remove-hyphens,UUID를 HEX로 | UUID HEX 변환 | UUID에서 HEX,텍스트 변환 | 개발자 도구 | 코드 변환 | 개발자·텍스트 | uuid-remove-hyphens | UUID | HEX,
uuid-add-hyphens,uuid-add-hyphens,platform,text,32자리 HEX → UUID,developer,uuid-add-hyphens,HEX,UUID,published,true,,,,,false,false,0,?tool=uuid-add-hyphens,?category=developer&convert=uuid-add-hyphens,uuid-add-hyphens,HEX를 UUID로 | HEX UUID 변환 | HEX에서 UUID,텍스트 변환 | 개발자 도구 | 코드 변환 | 개발자·텍스트 | uuid-add-hyphens | HEX | UUID,
unix-seconds-iso,unix-seconds-iso,platform,text,Unix 초 → ISO 날짜,developer,unix-seconds-iso,UNIX SECONDS,ISO 8601,published,true,,,,,false,false,0,?tool=unix-seconds-iso,?category=developer&convert=unix-seconds-iso,unix-seconds-iso,UNIX SECONDS를 ISO 8601로 | UNIX SECONDS ISO 8601 변환 | UNIX SECONDS에서 ISO 8601,텍스트 변환 | 개발자 도구 | 코드 변환 | 개발자·텍스트 | unix-seconds-iso | UNIX SECONDS | ISO 8601,
iso-unix-seconds,iso-unix-seconds,platform,text,ISO 날짜 → Unix 초,developer,iso-unix-seconds,ISO 8601,UNIX SECONDS,published,true,,,,,false,false,0,?tool=iso-unix-seconds,?category=developer&convert=iso-unix-seconds,iso-unix-seconds,ISO 8601를 UNIX SECONDS로 | ISO 8601 UNIX SECONDS 변환 | ISO 8601에서 UNIX SECONDS,텍스트 변환 | 개발자 도구 | 코드 변환 | 개발자·텍스트 | iso-unix-seconds | ISO 8601 | UNIX SECONDS,
unix-milliseconds-iso,unix-milliseconds-iso,platform,text,Unix 밀리초 → ISO 날짜,developer,unix-milliseconds-iso,UNIX MILLISECONDS,ISO 8601,published,true,,,,,false,false,0,?tool=unix-milliseconds-iso,?category=developer&convert=unix-milliseconds-iso,unix-milliseconds-iso,UNIX MILLISECONDS를 ISO 8601로 | UNIX MILLISECONDS ISO 8601 변환 | UNIX MILLISECONDS에서 ISO 8601,텍스트 변환 | 개발자 도구 | 코드 변환 | 개발자·텍스트 | unix-milliseconds-iso | UNIX MILLISECONDS | ISO 8601,
iso-unix-milliseconds,iso-unix-milliseconds,platform,text,ISO 날짜 → Unix 밀리초,developer,iso-unix-milliseconds,ISO 8601,UNIX MILLISECONDS,published,true,,,,,false,false,0,?tool=iso-unix-milliseconds,?category=developer&convert=iso-unix-milliseconds,iso-unix-milliseconds,ISO 8601를 UNIX MILLISECONDS로 | ISO 8601 UNIX MILLISECONDS 변환 | ISO 8601에서 UNIX MILLISECONDS,텍스트 변환 | 개발자 도구 | 코드 변환 | 개발자·텍스트 | iso-unix-milliseconds | ISO 8601 | UNIX MILLISECONDS,
ipv4-decimal,ipv4-decimal,platform,text,IPv4 → 10진 정수,developer,ipv4-decimal,IPv4,DECIMAL,published,true,,,,,false,false,0,?tool=ipv4-decimal,?category=developer&convert=ipv4-decimal,ipv4-decimal,IPv4를 DECIMAL로 | IPv4 DECIMAL 변환 | IPv4에서 DECIMAL,텍스트 변환 | 개발자 도구 | 코드 변환 | 개발자·텍스트 | ipv4-decimal | IPv4 | DECIMAL,
decimal-ipv4,decimal-ipv4,platform,text,10진 정수 → IPv4,developer,decimal-ipv4,DECIMAL,IPv4,published,true,,,,,false,false,0,?tool=decimal-ipv4,?category=developer&convert=decimal-ipv4,decimal-ipv4,DECIMAL를 IPv4로 | DECIMAL IPv4 변환 | DECIMAL에서 IPv4,텍스트 변환 | 개발자 도구 | 코드 변환 | 개발자·텍스트 | decimal-ipv4 | DECIMAL | IPv4,
ipv4-hex,ipv4-hex,platform,text,IPv4 → 16진수,developer,ipv4-hex,IPv4,HEX,published,true,,,,,false,false,0,?tool=ipv4-hex,?category=developer&convert=ipv4-hex,ipv4-hex,IPv4를 HEX로 | IPv4 HEX 변환 | IPv4에서 HEX,텍스트 변환 | 개발자 도구 | 코드 변환 | 개발자·텍스트 | ipv4-hex | IPv4 | HEX,
hex-ipv4,hex-ipv4,platform,text,16진수 → IPv4,developer,hex-ipv4,HEX,IPv4,published,true,,,,,false,false,0,?tool=hex-ipv4,?category=developer&convert=hex-ipv4,hex-ipv4,HEX를 IPv4로 | HEX IPv4 변환 | HEX에서 IPv4,텍스트 변환 | 개발자 도구 | 코드 변환 | 개발자·텍스트 | hex-ipv4 | HEX | IPv4,
decimal-binary-number,decimal-binary-number,platform,text,10진수 → 2진수,developer,decimal-binary-number,DECIMAL,BINARY,published,false,dec-bin,,,,false,false,0,?tool=decimal-binary-number,?category=developer&convert=decimal-binary-number,decimal-binary-number,DECIMAL를 BINARY로 | DECIMAL BINARY 변환 | DECIMAL에서 BINARY,텍스트 변환 | 개발자 도구 | 코드 변환 | 개발자·텍스트 | decimal-binary-number | DECIMAL | BINARY,
binary-decimal-number,binary-decimal-number,platform,text,2진수 → 10진수,developer,binary-decimal-number,BINARY,DECIMAL,published,false,bin-dec,,,,false,false,0,?tool=binary-decimal-number,?category=developer&convert=binary-decimal-number,binary-decimal-number,BINARY를 DECIMAL로 | BINARY DECIMAL 변환 | BINARY에서 DECIMAL,텍스트 변환 | 개발자 도구 | 코드 변환 | 개발자·텍스트 | binary-decimal-number | BINARY | DECIMAL,
decimal-hex-number,decimal-hex-number,platform,text,10진수 → 16진수,developer,decimal-hex-number,DECIMAL,HEX,published,false,dec-hex,,,,false,false,0,?tool=decimal-hex-number,?category=developer&convert=decimal-hex-number,decimal-hex-number,DECIMAL를 HEX로 | DECIMAL HEX 변환 | DECIMAL에서 HEX,텍스트 변환 | 개발자 도구 | 코드 변환 | 개발자·텍스트 | decimal-hex-number | DECIMAL | HEX,
hex-decimal-number,hex-decimal-number,platform,text,16진수 → 10진수,developer,hex-decimal-number,HEX,DECIMAL,published,false,hex-dec,,,,false,false,0,?tool=hex-decimal-number,?category=developer&convert=hex-decimal-number,hex-decimal-number,HEX를 DECIMAL로 | HEX DECIMAL 변환 | HEX에서 DECIMAL,텍스트 변환 | 개발자 도구 | 코드 변환 | 개발자·텍스트 | hex-decimal-number | HEX | DECIMAL,
decimal-octal-number,decimal-octal-number,platform,text,10진수 → 8진수,developer,decimal-octal-number,DECIMAL,OCTAL,published,false,dec-oct,,,,false,false,0,?tool=decimal-octal-number,?category=developer&convert=decimal-octal-number,decimal-octal-number,DECIMAL를 OCTAL로 | DECIMAL OCTAL 변환 | DECIMAL에서 OCTAL,텍스트 변환 | 개발자 도구 | 코드 변환 | 개발자·텍스트 | decimal-octal-number | DECIMAL | OCTAL,
octal-decimal-number,octal-decimal-number,platform,text,8진수 → 10진수,developer,octal-decimal-number,OCTAL,DECIMAL,published,false,oct-dec,,,,false,false,0,?tool=octal-decimal-number,?category=developer&convert=octal-decimal-number,octal-decimal-number,OCTAL를 DECIMAL로 | OCTAL DECIMAL 변환 | OCTAL에서 DECIMAL,텍스트 변환 | 개발자 도구 | 코드 변환 | 개발자·텍스트 | octal-decimal-number | OCTAL | DECIMAL,
binary-hex-number,binary-hex-number,platform,text,2진수 → 16진수,developer,binary-hex-number,BINARY,HEX,published,false,bin-hex,,,,false,false,0,?tool=binary-hex-number,?category=developer&convert=binary-hex-number,binary-hex-number,BINARY를 HEX로 | BINARY HEX 변환 | BINARY에서 HEX,텍스트 변환 | 개발자 도구 | 코드 변환 | 개발자·텍스트 | binary-hex-number | BINARY | HEX,
hex-binary-number,hex-binary-number,platform,text,16진수 → 2진수,developer,hex-binary-number,HEX,BINARY,published,false,hex-bin,,,,false,false,0,?tool=hex-binary-number,?category=developer&convert=hex-binary-number,hex-binary-number,HEX를 BINARY로 | HEX BINARY 변환 | HEX에서 BINARY,텍스트 변환 | 개발자 도구 | 코드 변환 | 개발자·텍스트 | hex-binary-number | HEX | BINARY,
binary-octal-number,binary-octal-number,platform,text,2진수 → 8진수,developer,binary-octal-number,BINARY,OCTAL,published,false,bin-oct,,,,false,false,0,?tool=binary-octal-number,?category=developer&convert=binary-octal-number,binary-octal-number,BINARY를 OCTAL로 | BINARY OCTAL 변환 | BINARY에서 OCTAL,텍스트 변환 | 개발자 도구 | 코드 변환 | 개발자·텍스트 | binary-octal-number | BINARY | OCTAL,
octal-binary-number,octal-binary-number,platform,text,8진수 → 2진수,developer,octal-binary-number,OCTAL,BINARY,published,false,oct-bin,,,,false,false,0,?tool=octal-binary-number,?category=developer&convert=octal-binary-number,octal-binary-number,OCTAL를 BINARY로 | OCTAL BINARY 변환 | OCTAL에서 BINARY,텍스트 변환 | 개발자 도구 | 코드 변환 | 개발자·텍스트 | octal-binary-number | OCTAL | BINARY,
hex-octal-number,hex-octal-number,platform,text,16진수 → 8진수,developer,hex-octal-number,HEX,OCTAL,published,true,,,,,false,false,0,?tool=hex-octal-number,?category=developer&convert=hex-octal-number,hex-octal-number,HEX를 OCTAL로 | HEX OCTAL 변환 | HEX에서 OCTAL,텍스트 변환 | 개발자 도구 | 코드 변환 | 개발자·텍스트 | hex-octal-number | HEX | OCTAL,
octal-hex-number,octal-hex-number,platform,text,8진수 → 16진수,developer,octal-hex-number,OCTAL,HEX,published,true,,,,,false,false,0,?tool=octal-hex-number,?category=developer&convert=octal-hex-number,octal-hex-number,OCTAL를 HEX로 | OCTAL HEX 변환 | OCTAL에서 HEX,텍스트 변환 | 개발자 도구 | 코드 변환 | 개발자·텍스트 | octal-hex-number | OCTAL | HEX,
text-crc32,text-crc32,platform,text,텍스트 → CRC32,developer,text-crc32,TEXT,CRC32,published,true,,,,,false,false,0,?tool=text-crc32,?category=developer&convert=text-crc32,text-crc32,TEXT를 CRC32로 | TEXT CRC32 변환 | TEXT에서 CRC32,텍스트 변환 | 개발자 도구 | 코드 변환 | 개발자·텍스트 | text-crc32 | TEXT | CRC32,
text-adler32,text-adler32,platform,text,텍스트 → Adler-32,developer,text-adler32,TEXT,ADLER32,published,true,,,,,false,false,0,?tool=text-adler32,?category=developer&convert=text-adler32,text-adler32,TEXT를 ADLER32로 | TEXT ADLER32 변환 | TEXT에서 ADLER32,텍스트 변환 | 개발자 도구 | 코드 변환 | 개발자·텍스트 | text-adler32 | TEXT | ADLER32,
text-fnv1a32,text-fnv1a32,platform,text,텍스트 → FNV-1a 32,developer,text-fnv1a32,TEXT,FNV-1A,published,true,,,,,false,false,0,?tool=text-fnv1a32,?category=developer&convert=text-fnv1a32,text-fnv1a32,TEXT를 FNV-1A로 | TEXT FNV-1A 변환 | TEXT에서 FNV-1A,텍스트 변환 | 개발자 도구 | 코드 변환 | 개발자·텍스트 | text-fnv1a32 | TEXT | FNV-1A,
text-djb2,text-djb2,platform,text,텍스트 → DJB2,developer,text-djb2,TEXT,DJB2,published,true,,,,,false,false,0,?tool=text-djb2,?category=developer&convert=text-djb2,text-djb2,TEXT를 DJB2로 | TEXT DJB2 변환 | TEXT에서 DJB2,텍스트 변환 | 개발자 도구 | 코드 변환 | 개발자·텍스트 | text-djb2 | TEXT | DJB2,
hex-color-rgb,hex-color-rgb,platform,text,HEX 색상 → RGB,developer,hex-color-rgb,HEX COLOR,RGB,published,true,,,,,false,false,0,?tool=hex-color-rgb,?category=developer&convert=hex-color-rgb,hex-color-rgb,HEX COLOR를 RGB로 | HEX COLOR RGB 변환 | HEX COLOR에서 RGB,텍스트 변환 | 개발자 도구 | 코드 변환 | 개발자·텍스트 | hex-color-rgb | HEX COLOR | RGB,
rgb-color-hex,rgb-color-hex,platform,text,RGB 색상 → HEX,developer,rgb-color-hex,RGB,HEX COLOR,published,true,,,,,false,false,0,?tool=rgb-color-hex,?category=developer&convert=rgb-color-hex,rgb-color-hex,RGB를 HEX COLOR로 | RGB HEX COLOR 변환 | RGB에서 HEX COLOR,텍스트 변환 | 개발자 도구 | 코드 변환 | 개발자·텍스트 | rgb-color-hex | RGB | HEX COLOR,
hex-color-hsl,hex-color-hsl,platform,text,HEX 색상 → HSL,developer,hex-color-hsl,HEX COLOR,HSL,published,true,,,,,false,false,0,?tool=hex-color-hsl,?category=developer&convert=hex-color-hsl,hex-color-hsl,HEX COLOR를 HSL로 | HEX COLOR HSL 변환 | HEX COLOR에서 HSL,텍스트 변환 | 개발자 도구 | 코드 변환 | 개발자·텍스트 | hex-color-hsl | HEX COLOR | HSL,
hsl-color-hex,hsl-color-hex,platform,text,HSL 색상 → HEX,developer,hsl-color-hex,HSL,HEX COLOR,published,true,,,,,false,false,0,?tool=hsl-color-hex,?category=developer&convert=hsl-color-hex,hsl-color-hex,HSL를 HEX COLOR로 | HSL HEX COLOR 변환 | HSL에서 HEX COLOR,텍스트 변환 | 개발자 도구 | 코드 변환 | 개발자·텍스트 | hsl-color-hex | HSL | HEX COLOR,
rgb-color-hsl,rgb-color-hsl,platform,text,RGB 색상 → HSL,developer,rgb-color-hsl,RGB,HSL,published,true,,,,,false,false,0,?tool=rgb-color-hsl,?category=developer&convert=rgb-color-hsl,rgb-color-hsl,RGB를 HSL로 | RGB HSL 변환 | RGB에서 HSL,텍스트 변환 | 개발자 도구 | 코드 변환 | 개발자·텍스트 | rgb-color-hsl | RGB | HSL,
hsl-color-rgb,hsl-color-rgb,platform,text,HSL 색상 → RGB,developer,hsl-color-rgb,HSL,RGB,published,true,,,,,false,false,0,?tool=hsl-color-rgb,?category=developer&convert=hsl-color-rgb,hsl-color-rgb,HSL를 RGB로 | HSL RGB 변환 | HSL에서 RGB,텍스트 변환 | 개발자 도구 | 코드 변환 | 개발자·텍스트 | hsl-color-rgb | HSL | RGB,
line-natural-sort-asc,line-natural-sort-asc,platform,text,줄 목록 자연 정렬,developer,line-natural-sort-asc,LINES,SORTED LINES,published,true,,,,,false,false,0,?tool=line-natural-sort-asc,?category=developer&convert=line-natural-sort-asc,line-natural-sort-asc,LINES를 SORTED LINES로 | LINES SORTED LINES 변환 | LINES에서 SORTED LINES,텍스트 변환 | 개발자 도구 | 코드 변환 | 개발자·텍스트 | line-natural-sort-asc | LINES | SORTED LINES,
line-natural-sort-desc,line-natural-sort-desc,platform,text,줄 목록 자연 역정렬,developer,line-natural-sort-desc,LINES,SORTED LINES,published,true,,,,,false,false,0,?tool=line-natural-sort-desc,?category=developer&convert=line-natural-sort-desc,line-natural-sort-desc,LINES를 SORTED LINES로 | LINES SORTED LINES 변환 | LINES에서 SORTED LINES,텍스트 변환 | 개발자 도구 | 코드 변환 | 개발자·텍스트 | line-natural-sort-desc | LINES | SORTED LINES,
line-frequency-json,line-frequency-json,platform,text,줄 목록 → 빈도 JSON,developer,line-frequency-json,LINES,JSON,published,true,,,,,false,false,0,?tool=line-frequency-json,?category=developer&convert=line-frequency-json,line-frequency-json,LINES를 JSON로 | LINES JSON 변환 | LINES에서 JSON,텍스트 변환 | 개발자 도구 | 코드 변환 | 개발자·텍스트 | line-frequency-json | LINES | JSON | 제이슨 | 데이터,
line-frequency-csv,line-frequency-csv,platform,text,줄 목록 → 빈도 CSV,developer,line-frequency-csv,LINES,CSV,published,true,,,,,false,false,0,?tool=line-frequency-csv,?category=developer&convert=line-frequency-csv,line-frequency-csv,LINES를 CSV로 | LINES CSV 변환 | LINES에서 CSV,텍스트 변환 | 개발자 도구 | 코드 변환 | 개발자·텍스트 | line-frequency-csv | LINES | CSV | 쉼표 데이터 | 표 데이터,
text-stats-json,text-stats-json,platform,text,텍스트 → 통계 JSON,developer,text-stats-json,TEXT,JSON,published,true,,,,,false,false,0,?tool=text-stats-json,?category=developer&convert=text-stats-json,text-stats-json,TEXT를 JSON로 | TEXT JSON 변환 | TEXT에서 JSON,텍스트 변환 | 개발자 도구 | 코드 변환 | 개발자·텍스트 | text-stats-json | TEXT | JSON | 제이슨 | 데이터,
text-sentences-lines,text-sentences-lines,platform,text,문장 → 줄 목록,developer,text-sentences-lines,TEXT,SENTENCES,published,true,,,,,false,false,0,?tool=text-sentences-lines,?category=developer&convert=text-sentences-lines,text-sentences-lines,TEXT를 SENTENCES로 | TEXT SENTENCES 변환 | TEXT에서 SENTENCES,텍스트 변환 | 개발자 도구 | 코드 변환 | 개발자·텍스트 | text-sentences-lines | TEXT | SENTENCES,
text-wrap-80,text-wrap-80,platform,text,텍스트 80자 줄바꿈,developer,text-wrap-80,TEXT,WRAPPED TEXT,published,true,,,,,false,false,0,?tool=text-wrap-80,?category=developer&convert=text-wrap-80,text-wrap-80,TEXT를 WRAPPED TEXT로 | TEXT WRAPPED TEXT 변환 | TEXT에서 WRAPPED TEXT,텍스트 변환 | 개발자 도구 | 코드 변환 | 개발자·텍스트 | text-wrap-80 | TEXT | WRAPPED TEXT,
text-wrap-100,text-wrap-100,platform,text,텍스트 100자 줄바꿈,developer,text-wrap-100,TEXT,WRAPPED TEXT,published,true,,,,,false,false,0,?tool=text-wrap-100,?category=developer&convert=text-wrap-100,text-wrap-100,TEXT를 WRAPPED TEXT로 | TEXT WRAPPED TEXT 변환 | TEXT에서 WRAPPED TEXT,텍스트 변환 | 개발자 도구 | 코드 변환 | 개발자·텍스트 | text-wrap-100 | TEXT | WRAPPED TEXT,
iso-kst-datetime,iso-kst-datetime,platform,text,ISO 날짜 → 한국 표준시,developer,iso-kst-datetime,ISO 8601,KST,published,true,,,,,false,false,0,?tool=iso-kst-datetime,?category=developer&convert=iso-kst-datetime,iso-kst-datetime,ISO 8601를 KST로 | ISO 8601 KST 변환 | ISO 8601에서 KST,텍스트 변환 | 개발자 도구 | 코드 변환 | 개발자·텍스트 | iso-kst-datetime | ISO 8601 | KST,
kst-datetime-iso,kst-datetime-iso,platform,text,한국 표준시 → ISO 날짜,developer,kst-datetime-iso,KST,ISO 8601,published,true,,,,,false,false,0,?tool=kst-datetime-iso,?category=developer&convert=kst-datetime-iso,kst-datetime-iso,KST를 ISO 8601로 | KST ISO 8601 변환 | KST에서 ISO 8601,텍스트 변환 | 개발자 도구 | 코드 변환 | 개발자·텍스트 | kst-datetime-iso | KST | ISO 8601,
iso-rfc2822-date,iso-rfc2822-date,platform,text,ISO 날짜 → RFC 2822,developer,iso-rfc2822-date,ISO 8601,RFC 2822,published,true,,,,,false,false,0,?tool=iso-rfc2822-date,?category=developer&convert=iso-rfc2822-date,iso-rfc2822-date,ISO 8601를 RFC 2822로 | ISO 8601 RFC 2822 변환 | ISO 8601에서 RFC 2822,텍스트 변환 | 개발자 도구 | 코드 변환 | 개발자·텍스트 | iso-rfc2822-date | ISO 8601 | RFC 2822,
rfc2822-iso-date,rfc2822-iso-date,platform,text,RFC 2822 → ISO 날짜,developer,rfc2822-iso-date,RFC 2822,ISO 8601,published,true,,,,,false,false,0,?tool=rfc2822-iso-date,?category=developer&convert=rfc2822-iso-date,rfc2822-iso-date,RFC 2822를 ISO 8601로 | RFC 2822 ISO 8601 변환 | RFC 2822에서 ISO 8601,텍스트 변환 | 개발자 도구 | 코드 변환 | 개발자·텍스트 | rfc2822-iso-date | RFC 2822 | ISO 8601,
iso-http-date,iso-http-date,platform,text,ISO 날짜 → HTTP 날짜,developer,iso-http-date,ISO 8601,HTTP DATE,published,true,,,,,false,false,0,?tool=iso-http-date,?category=developer&convert=iso-http-date,iso-http-date,ISO 8601를 HTTP DATE로 | ISO 8601 HTTP DATE 변환 | ISO 8601에서 HTTP DATE,텍스트 변환 | 개발자 도구 | 코드 변환 | 개발자·텍스트 | iso-http-date | ISO 8601 | HTTP DATE,
http-date-iso,http-date-iso,platform,text,HTTP 날짜 → ISO 날짜,developer,http-date-iso,HTTP DATE,ISO 8601,published,true,,,,,false,false,0,?tool=http-date-iso,?category=developer&convert=http-date-iso,http-date-iso,HTTP DATE를 ISO 8601로 | HTTP DATE ISO 8601 변환 | HTTP DATE에서 ISO 8601,텍스트 변환 | 개발자 도구 | 코드 변환 | 개발자·텍스트 | http-date-iso | HTTP DATE | ISO 8601,
iso-date-only,iso-date-only,platform,text,ISO 날짜 → 날짜만 추출,developer,iso-date-only,ISO 8601,YYYY-MM-DD,published,true,,,,,false,false,0,?tool=iso-date-only,?category=developer&convert=iso-date-only,iso-date-only,ISO 8601를 YYYY-MM-DD로 | ISO 8601 YYYY-MM-DD 변환 | ISO 8601에서 YYYY-MM-DD,텍스트 변환 | 개발자 도구 | 코드 변환 | 개발자·텍스트 | iso-date-only | ISO 8601 | YYYY-MM-DD,
date-compact,date-compact,platform,text,날짜 → YYYYMMDD,developer,date-compact,YYYY-MM-DD,YYYYMMDD,published,true,,,,,false,false,0,?tool=date-compact,?category=developer&convert=date-compact,date-compact,YYYY-MM-DD를 YYYYMMDD로 | YYYY-MM-DD YYYYMMDD 변환 | YYYY-MM-DD에서 YYYYMMDD,텍스트 변환 | 개발자 도구 | 코드 변환 | 개발자·텍스트 | date-compact | YYYY-MM-DD | YYYYMMDD,
compact-date,compact-date,platform,text,YYYYMMDD → 날짜,developer,compact-date,YYYYMMDD,YYYY-MM-DD,published,true,,,,,false,false,0,?tool=compact-date,?category=developer&convert=compact-date,compact-date,YYYYMMDD를 YYYY-MM-DD로 | YYYYMMDD YYYY-MM-DD 변환 | YYYYMMDD에서 YYYY-MM-DD,텍스트 변환 | 개발자 도구 | 코드 변환 | 개발자·텍스트 | compact-date | YYYYMMDD | YYYY-MM-DD,
date-korean,date-korean,platform,text,날짜 → 한글 날짜,developer,date-korean,YYYY-MM-DD,한글 날짜,published,true,,,,,false,false,0,?tool=date-korean,?category=developer&convert=date-korean,date-korean,YYYY-MM-DD를 한글 날짜로 | YYYY-MM-DD 한글 날짜 변환 | YYYY-MM-DD에서 한글 날짜,텍스트 변환 | 개발자 도구 | 코드 변환 | 개발자·텍스트 | date-korean | YYYY-MM-DD | 한글 날짜,
korean-date,korean-date,platform,text,한글 날짜 → 표준 날짜,developer,korean-date,한글 날짜,YYYY-MM-DD,published,true,,,,,false,false,0,?tool=korean-date,?category=developer&convert=korean-date,korean-date,한글 날짜를 YYYY-MM-DD로 | 한글 날짜 YYYY-MM-DD 변환 | 한글 날짜에서 YYYY-MM-DD,텍스트 변환 | 개발자 도구 | 코드 변환 | 개발자·텍스트 | korean-date | 한글 날짜 | YYYY-MM-DD,
date-weekday-ko,date-weekday-ko,platform,text,날짜 → 요일,developer,date-weekday-ko,DATE,요일,published,true,,,,,false,false,0,?tool=date-weekday-ko,?category=developer&convert=date-weekday-ko,date-weekday-ko,DATE를 요일로 | DATE 요일 변환 | DATE에서 요일,텍스트 변환 | 개발자 도구 | 코드 변환 | 개발자·텍스트 | date-weekday-ko | DATE | 요일,
date-day-of-year,date-day-of-year,platform,text,날짜 → 연중 일수,developer,date-day-of-year,DATE,DAY OF YEAR,published,true,,,,,false,false,0,?tool=date-day-of-year,?category=developer&convert=date-day-of-year,date-day-of-year,DATE를 DAY OF YEAR로 | DATE DAY OF YEAR 변환 | DATE에서 DAY OF YEAR,텍스트 변환 | 개발자 도구 | 코드 변환 | 개발자·텍스트 | date-day-of-year | DATE | DAY OF YEAR,
date-iso-week,date-iso-week,platform,text,날짜 → ISO 주차,developer,date-iso-week,DATE,ISO WEEK,published,true,,,,,false,false,0,?tool=date-iso-week,?category=developer&convert=date-iso-week,date-iso-week,DATE를 ISO WEEK로 | DATE ISO WEEK 변환 | DATE에서 ISO WEEK,텍스트 변환 | 개발자 도구 | 코드 변환 | 개발자·텍스트 | date-iso-week | DATE | ISO WEEK,
date-quarter,date-quarter,platform,text,날짜 → 분기,developer,date-quarter,DATE,QUARTER,published,true,,,,,false,false,0,?tool=date-quarter,?category=developer&convert=date-quarter,date-quarter,DATE를 QUARTER로 | DATE QUARTER 변환 | DATE에서 QUARTER,텍스트 변환 | 개발자 도구 | 코드 변환 | 개발자·텍스트 | date-quarter | DATE | QUARTER,
date-month-start,date-month-start,platform,text,날짜 → 월 첫날,developer,date-month-start,DATE,YYYY-MM-DD,published,true,,,,,false,false,0,?tool=date-month-start,?category=developer&convert=date-month-start,date-month-start,DATE를 YYYY-MM-DD로 | DATE YYYY-MM-DD 변환 | DATE에서 YYYY-MM-DD,텍스트 변환 | 개발자 도구 | 코드 변환 | 개발자·텍스트 | date-month-start | DATE | YYYY-MM-DD,
date-month-end,date-month-end,platform,text,날짜 → 월 마지막 날,developer,date-month-end,DATE,YYYY-MM-DD,published,true,,,,,false,false,0,?tool=date-month-end,?category=developer&convert=date-month-end,date-month-end,DATE를 YYYY-MM-DD로 | DATE YYYY-MM-DD 변환 | DATE에서 YYYY-MM-DD,텍스트 변환 | 개발자 도구 | 코드 변환 | 개발자·텍스트 | date-month-end | DATE | YYYY-MM-DD,
date-lines-sort-asc,date-lines-sort-asc,platform,text,날짜 목록 오름차순 정렬,developer,date-lines-sort-asc,DATE LINES,SORTED DATES,published,true,,,,,false,false,0,?tool=date-lines-sort-asc,?category=developer&convert=date-lines-sort-asc,date-lines-sort-asc,DATE LINES를 SORTED DATES로 | DATE LINES SORTED DATES 변환 | DATE LINES에서 SORTED DATES,텍스트 변환 | 개발자 도구 | 코드 변환 | 개발자·텍스트 | date-lines-sort-asc | DATE LINES | SORTED DATES,
date-lines-sort-desc,date-lines-sort-desc,platform,text,날짜 목록 내림차순 정렬,developer,date-lines-sort-desc,DATE LINES,SORTED DATES,published,true,,,,,false,false,0,?tool=date-lines-sort-desc,?category=developer&convert=date-lines-sort-desc,date-lines-sort-desc,DATE LINES를 SORTED DATES로 | DATE LINES SORTED DATES 변환 | DATE LINES에서 SORTED DATES,텍스트 변환 | 개발자 도구 | 코드 변환 | 개발자·텍스트 | date-lines-sort-desc | DATE LINES | SORTED DATES,
seconds-hms,seconds-hms,platform,text,초 → 시:분:초,developer,seconds-hms,SECONDS,HH:MM:SS,published,true,,,,,false,false,0,?tool=seconds-hms,?category=developer&convert=seconds-hms,seconds-hms,SECONDS를 HH:MM:SS로 | SECONDS HH:MM:SS 변환 | SECONDS에서 HH:MM:SS,텍스트 변환 | 개발자 도구 | 코드 변환 | 개발자·텍스트 | seconds-hms | SECONDS | HH:MM:SS,
hms-seconds,hms-seconds,platform,text,시:분:초 → 초,developer,hms-seconds,HH:MM:SS,SECONDS,published,true,,,,,false,false,0,?tool=hms-seconds,?category=developer&convert=hms-seconds,hms-seconds,HH:MM:SS를 SECONDS로 | HH:MM:SS SECONDS 변환 | HH:MM:SS에서 SECONDS,텍스트 변환 | 개발자 도구 | 코드 변환 | 개발자·텍스트 | hms-seconds | HH:MM:SS | SECONDS,
milliseconds-hms,milliseconds-hms,platform,text,밀리초 → 시:분:초.밀리초,developer,milliseconds-hms,MILLISECONDS,HH:MM:SS.MMM,published,true,,,,,false,false,0,?tool=milliseconds-hms,?category=developer&convert=milliseconds-hms,milliseconds-hms,MILLISECONDS를 HH:MM:SS.MMM로 | MILLISECONDS HH:MM:SS.MMM 변환 | MILLISECONDS에서 HH:MM:SS.MMM,텍스트 변환 | 개발자 도구 | 코드 변환 | 개발자·텍스트 | milliseconds-hms | MILLISECONDS | HH:MM:SS.MMM,
hms-milliseconds,hms-milliseconds,platform,text,시:분:초.밀리초 → 밀리초,developer,hms-milliseconds,HH:MM:SS.MMM,MILLISECONDS,published,true,,,,,false,false,0,?tool=hms-milliseconds,?category=developer&convert=hms-milliseconds,hms-milliseconds,HH:MM:SS.MMM를 MILLISECONDS로 | HH:MM:SS.MMM MILLISECONDS 변환 | HH:MM:SS.MMM에서 MILLISECONDS,텍스트 변환 | 개발자 도구 | 코드 변환 | 개발자·텍스트 | hms-milliseconds | HH:MM:SS.MMM | MILLISECONDS,
seconds-iso-duration,seconds-iso-duration,platform,text,초 → ISO 8601 기간,developer,seconds-iso-duration,SECONDS,ISO DURATION,published,true,,,,,false,false,0,?tool=seconds-iso-duration,?category=developer&convert=seconds-iso-duration,seconds-iso-duration,SECONDS를 ISO DURATION로 | SECONDS ISO DURATION 변환 | SECONDS에서 ISO DURATION,텍스트 변환 | 개발자 도구 | 코드 변환 | 개발자·텍스트 | seconds-iso-duration | SECONDS | ISO DURATION,
iso-duration-seconds,iso-duration-seconds,platform,text,ISO 8601 기간 → 초,developer,iso-duration-seconds,ISO DURATION,SECONDS,published,true,,,,,false,false,0,?tool=iso-duration-seconds,?category=developer&convert=iso-duration-seconds,iso-duration-seconds,ISO DURATION를 SECONDS로 | ISO DURATION SECONDS 변환 | ISO DURATION에서 SECONDS,텍스트 변환 | 개발자 도구 | 코드 변환 | 개발자·텍스트 | iso-duration-seconds | ISO DURATION | SECONDS,
timezone-offset-minutes,timezone-offset-minutes,platform,text,시간대 오프셋 → 분,developer,timezone-offset-minutes,UTC OFFSET,MINUTES,published,true,,,,,false,false,0,?tool=timezone-offset-minutes,?category=developer&convert=timezone-offset-minutes,timezone-offset-minutes,UTC OFFSET를 MINUTES로 | UTC OFFSET MINUTES 변환 | UTC OFFSET에서 MINUTES,텍스트 변환 | 개발자 도구 | 코드 변환 | 개발자·텍스트 | timezone-offset-minutes | UTC OFFSET | MINUTES,
minutes-timezone-offset,minutes-timezone-offset,platform,text,분 → 시간대 오프셋,developer,minutes-timezone-offset,MINUTES,UTC OFFSET,published,true,,,,,false,false,0,?tool=minutes-timezone-offset,?category=developer&convert=minutes-timezone-offset,minutes-timezone-offset,MINUTES를 UTC OFFSET로 | MINUTES UTC OFFSET 변환 | MINUTES에서 UTC OFFSET,텍스트 변환 | 개발자 도구 | 코드 변환 | 개발자·텍스트 | minutes-timezone-offset | MINUTES | UTC OFFSET,
json-toml,json-toml,platform,text,JSON → TOML,developer,json-toml,JSON,TOML,published,true,,,,,false,false,0,?tool=json-toml,?category=developer&convert=json-toml,json-toml,JSON를 TOML로 | JSON TOML 변환 | JSON에서 TOML,텍스트 변환 | 개발자 도구 | 코드 변환 | 개발자·텍스트 | json-toml | JSON | 제이슨 | 데이터 | TOML,
toml-json,toml-json,platform,text,TOML → JSON,developer,toml-json,TOML,JSON,published,true,,,,,false,false,0,?tool=toml-json,?category=developer&convert=toml-json,toml-json,TOML를 JSON로 | TOML JSON 변환 | TOML에서 JSON,텍스트 변환 | 개발자 도구 | 코드 변환 | 개발자·텍스트 | toml-json | TOML | JSON | 제이슨 | 데이터,
jsonc-json,jsonc-json,platform,text,JSONC → JSON,developer,jsonc-json,JSONC,JSON,published,true,,,,,false,false,0,?tool=jsonc-json,?category=developer&convert=jsonc-json,jsonc-json,JSONC를 JSON로 | JSONC JSON 변환 | JSONC에서 JSON,텍스트 변환 | 개발자 도구 | 코드 변환 | 개발자·텍스트 | jsonc-json | JSONC | JSON | 제이슨 | 데이터,
url-components-json,url-components-json,platform,text,URL → 구성요소 JSON,developer,url-components-json,URL,JSON,published,true,,,,,false,false,0,?tool=url-components-json,?category=developer&convert=url-components-json,url-components-json,URL를 JSON로 | URL JSON 변환 | URL에서 JSON,텍스트 변환 | 개발자 도구 | 코드 변환 | 개발자·텍스트 | url-components-json | URL | JSON | 제이슨 | 데이터,
json-url-components,json-url-components,platform,text,구성요소 JSON → URL,developer,json-url-components,JSON,URL,published,true,,,,,false,false,0,?tool=json-url-components,?category=developer&convert=json-url-components,json-url-components,JSON를 URL로 | JSON URL 변환 | JSON에서 URL,텍스트 변환 | 개발자 도구 | 코드 변환 | 개발자·텍스트 | json-url-components | JSON | 제이슨 | 데이터 | URL,
url-filename-extract,url-filename-extract,platform,text,URL → 파일명 추출,developer,url-filename-extract,URL,FILENAME,published,true,,,,,false,false,0,?tool=url-filename-extract,?category=developer&convert=url-filename-extract,url-filename-extract,URL를 FILENAME로 | URL FILENAME 변환 | URL에서 FILENAME,텍스트 변환 | 개발자 도구 | 코드 변환 | 개발자·텍스트 | url-filename-extract | URL | FILENAME,
url-extension-extract,url-extension-extract,platform,text,URL → 확장자 추출,developer,url-extension-extract,URL,EXTENSION,published,true,,,,,false,false,0,?tool=url-extension-extract,?category=developer&convert=url-extension-extract,url-extension-extract,URL를 EXTENSION로 | URL EXTENSION 변환 | URL에서 EXTENSION,텍스트 변환 | 개발자 도구 | 코드 변환 | 개발자·텍스트 | url-extension-extract | URL | EXTENSION,
url-parent-path,url-parent-path,platform,text,URL → 상위 경로,developer,url-parent-path,URL,PARENT URL,published,true,,,,,false,false,0,?tool=url-parent-path,?category=developer&convert=url-parent-path,url-parent-path,URL를 PARENT URL로 | URL PARENT URL 변환 | URL에서 PARENT URL,텍스트 변환 | 개발자 도구 | 코드 변환 | 개발자·텍스트 | url-parent-path | URL | PARENT URL,
url-query-keys,url-query-keys,platform,text,URL → 쿼리 키 목록,developer,url-query-keys,URL,KEY LINES,published,true,,,,,false,false,0,?tool=url-query-keys,?category=developer&convert=url-query-keys,url-query-keys,URL를 KEY LINES로 | URL KEY LINES 변환 | URL에서 KEY LINES,텍스트 변환 | 개발자 도구 | 코드 변환 | 개발자·텍스트 | url-query-keys | URL | KEY LINES,
url-sort-query,url-sort-query,platform,text,URL 쿼리 정렬,developer,url-sort-query,URL,URL,published,true,,,,,false,false,0,?tool=url-sort-query,?category=developer&convert=url-sort-query,url-sort-query,URL를 URL로 | URL URL 변환 | URL에서 URL,텍스트 변환 | 개발자 도구 | 코드 변환 | 개발자·텍스트 | url-sort-query | URL,
url-remove-tracking,url-remove-tracking,platform,text,URL 추적 파라미터 제거,developer,url-remove-tracking,URL,URL,published,true,,,,,false,false,0,?tool=url-remove-tracking,?category=developer&convert=url-remove-tracking,url-remove-tracking,URL를 URL로 | URL URL 변환 | URL에서 URL,텍스트 변환 | 개발자 도구 | 코드 변환 | 개발자·텍스트 | url-remove-tracking | URL,
url-canonicalize,url-canonicalize,platform,text,URL 기본 정규화,developer,url-canonicalize,URL,CANONICAL URL,published,true,,,,,false,false,0,?tool=url-canonicalize,?category=developer&convert=url-canonicalize,url-canonicalize,URL를 CANONICAL URL로 | URL CANONICAL URL 변환 | URL에서 CANONICAL URL,텍스트 변환 | 개발자 도구 | 코드 변환 | 개발자·텍스트 | url-canonicalize | URL | CANONICAL URL,
url-hostname-lowercase,url-hostname-lowercase,platform,text,URL 호스트 소문자 변환,developer,url-hostname-lowercase,URL,URL,published,true,,,,,false,false,0,?tool=url-hostname-lowercase,?category=developer&convert=url-hostname-lowercase,url-hostname-lowercase,URL를 URL로 | URL URL 변환 | URL에서 URL,텍스트 변환 | 개발자 도구 | 코드 변환 | 개발자·텍스트 | url-hostname-lowercase | URL,
url-remove-default-port,url-remove-default-port,platform,text,URL 기본 포트 제거,developer,url-remove-default-port,URL,URL,published,true,,,,,false,false,0,?tool=url-remove-default-port,?category=developer&convert=url-remove-default-port,url-remove-default-port,URL를 URL로 | URL URL 변환 | URL에서 URL,텍스트 변환 | 개발자 도구 | 코드 변환 | 개발자·텍스트 | url-remove-default-port | URL,
url-normalize-path,url-normalize-path,platform,text,URL 경로 정규화,developer,url-normalize-path,URL,URL,published,true,,,,,false,false,0,?tool=url-normalize-path,?category=developer&convert=url-normalize-path,url-normalize-path,URL를 URL로 | URL URL 변환 | URL에서 URL,텍스트 변환 | 개발자 도구 | 코드 변환 | 개발자·텍스트 | url-normalize-path | URL,
url-lines-sitemap,url-lines-sitemap,platform,text,URL 목록 → Sitemap XML,developer,url-lines-sitemap,URL LINES,SITEMAP XML,published,true,,,,,false,false,0,?tool=url-lines-sitemap,?category=developer&convert=url-lines-sitemap,url-lines-sitemap,URL LINES를 SITEMAP XML로 | URL LINES SITEMAP XML 변환 | URL LINES에서 SITEMAP XML,텍스트 변환 | 개발자 도구 | 코드 변환 | 개발자·텍스트 | url-lines-sitemap | URL LINES | SITEMAP XML,
sitemap-url-lines,sitemap-url-lines,platform,text,Sitemap XML → URL 목록,developer,sitemap-url-lines,SITEMAP XML,URL LINES,published,true,,,,,false,false,0,?tool=sitemap-url-lines,?category=developer&convert=sitemap-url-lines,sitemap-url-lines,SITEMAP XML를 URL LINES로 | SITEMAP XML URL LINES 변환 | SITEMAP XML에서 URL LINES,텍스트 변환 | 개발자 도구 | 코드 변환 | 개발자·텍스트 | sitemap-url-lines | SITEMAP XML | URL LINES,
url-lines-robots-allow,url-lines-robots-allow,platform,text,URL 목록 → robots Allow,developer,url-lines-robots-allow,URL LINES,ROBOTS.TXT,published,true,,,,,false,false,0,?tool=url-lines-robots-allow,?category=developer&convert=url-lines-robots-allow,url-lines-robots-allow,URL LINES를 ROBOTS.TXT로 | URL LINES ROBOTS.TXT 변환 | URL LINES에서 ROBOTS.TXT,텍스트 변환 | 개발자 도구 | 코드 변환 | 개발자·텍스트 | url-lines-robots-allow | URL LINES | ROBOTS.TXT,
url-lines-robots-disallow,url-lines-robots-disallow,platform,text,URL 목록 → robots Disallow,developer,url-lines-robots-disallow,URL LINES,ROBOTS.TXT,published,true,,,,,false,false,0,?tool=url-lines-robots-disallow,?category=developer&convert=url-lines-robots-disallow,url-lines-robots-disallow,URL LINES를 ROBOTS.TXT로 | URL LINES ROBOTS.TXT 변환 | URL LINES에서 ROBOTS.TXT,텍스트 변환 | 개발자 도구 | 코드 변환 | 개발자·텍스트 | url-lines-robots-disallow | URL LINES | ROBOTS.TXT,
html-meta-json,html-meta-json,platform,text,HTML 메타 태그 → JSON,developer,html-meta-json,HTML,JSON,published,true,,,,,false,false,0,?tool=html-meta-json,?category=developer&convert=html-meta-json,html-meta-json,HTML를 JSON로 | HTML JSON 변환 | HTML에서 JSON,텍스트 변환 | 개발자 도구 | 코드 변환 | 개발자·텍스트 | html-meta-json | HTML | htm | 웹 문서 | JSON | 제이슨 | 데이터,
json-html-meta,json-html-meta,platform,text,JSON → HTML 메타 태그,developer,json-html-meta,JSON,HTML META,published,true,,,,,false,false,0,?tool=json-html-meta,?category=developer&convert=json-html-meta,json-html-meta,JSON를 HTML META로 | JSON HTML META 변환 | JSON에서 HTML META,텍스트 변환 | 개발자 도구 | 코드 변환 | 개발자·텍스트 | json-html-meta | JSON | 제이슨 | 데이터 | HTML META,
html-open-graph-json,html-open-graph-json,platform,text,HTML Open Graph → JSON,developer,html-open-graph-json,HTML,JSON,published,true,,,,,false,false,0,?tool=html-open-graph-json,?category=developer&convert=html-open-graph-json,html-open-graph-json,HTML를 JSON로 | HTML JSON 변환 | HTML에서 JSON,텍스트 변환 | 개발자 도구 | 코드 변환 | 개발자·텍스트 | html-open-graph-json | HTML | htm | 웹 문서 | JSON | 제이슨 | 데이터,
json-open-graph-meta,json-open-graph-meta,platform,text,JSON → Open Graph 태그,developer,json-open-graph-meta,JSON,HTML META,published,true,,,,,false,false,0,?tool=json-open-graph-meta,?category=developer&convert=json-open-graph-meta,json-open-graph-meta,JSON를 HTML META로 | JSON HTML META 변환 | JSON에서 HTML META,텍스트 변환 | 개발자 도구 | 코드 변환 | 개발자·텍스트 | json-open-graph-meta | JSON | 제이슨 | 데이터 | HTML META,
html-twitter-card-json,html-twitter-card-json,platform,text,HTML Twitter Card → JSON,developer,html-twitter-card-json,HTML,JSON,published,true,,,,,false,false,0,?tool=html-twitter-card-json,?category=developer&convert=html-twitter-card-json,html-twitter-card-json,HTML를 JSON로 | HTML JSON 변환 | HTML에서 JSON,텍스트 변환 | 개발자 도구 | 코드 변환 | 개발자·텍스트 | html-twitter-card-json | HTML | htm | 웹 문서 | JSON | 제이슨 | 데이터,
json-twitter-card-meta,json-twitter-card-meta,platform,text,JSON → Twitter Card 태그,developer,json-twitter-card-meta,JSON,HTML META,published,true,,,,,false,false,0,?tool=json-twitter-card-meta,?category=developer&convert=json-twitter-card-meta,json-twitter-card-meta,JSON를 HTML META로 | JSON HTML META 변환 | JSON에서 HTML META,텍스트 변환 | 개발자 도구 | 코드 변환 | 개발자·텍스트 | json-twitter-card-meta | JSON | 제이슨 | 데이터 | HTML META,
html-jsonld-extract,html-jsonld-extract,platform,text,HTML → JSON-LD 배열,developer,html-jsonld-extract,HTML,JSON,published,true,,,,,false,false,0,?tool=html-jsonld-extract,?category=developer&convert=html-jsonld-extract,html-jsonld-extract,HTML를 JSON로 | HTML JSON 변환 | HTML에서 JSON,텍스트 변환 | 개발자 도구 | 코드 변환 | 개발자·텍스트 | html-jsonld-extract | HTML | htm | 웹 문서 | JSON | 제이슨 | 데이터,
json-jsonld-script,json-jsonld-script,platform,text,JSON → JSON-LD 스크립트,developer,json-jsonld-script,JSON,HTML SCRIPT,published,true,,,,,false,false,0,?tool=json-jsonld-script,?category=developer&convert=json-jsonld-script,json-jsonld-script,JSON를 HTML SCRIPT로 | JSON HTML SCRIPT 변환 | JSON에서 HTML SCRIPT,텍스트 변환 | 개발자 도구 | 코드 변환 | 개발자·텍스트 | json-jsonld-script | JSON | 제이슨 | 데이터 | HTML SCRIPT,
html-canonical-url,html-canonical-url,platform,text,HTML → Canonical URL,developer,html-canonical-url,HTML,URL,published,true,,,,,false,false,0,?tool=html-canonical-url,?category=developer&convert=html-canonical-url,html-canonical-url,HTML를 URL로 | HTML URL 변환 | HTML에서 URL,텍스트 변환 | 개발자 도구 | 코드 변환 | 개발자·텍스트 | html-canonical-url | HTML | htm | 웹 문서 | URL,
html-hreflang-json,html-hreflang-json,platform,text,HTML hreflang → JSON,developer,html-hreflang-json,HTML,JSON,published,true,,,,,false,false,0,?tool=html-hreflang-json,?category=developer&convert=html-hreflang-json,html-hreflang-json,HTML를 JSON로 | HTML JSON 변환 | HTML에서 JSON,텍스트 변환 | 개발자 도구 | 코드 변환 | 개발자·텍스트 | html-hreflang-json | HTML | htm | 웹 문서 | JSON | 제이슨 | 데이터,
json-hreflang-links,json-hreflang-links,platform,text,JSON → hreflang 링크,developer,json-hreflang-links,JSON,HTML LINK,published,true,,,,,false,false,0,?tool=json-hreflang-links,?category=developer&convert=json-hreflang-links,json-hreflang-links,JSON를 HTML LINK로 | JSON HTML LINK 변환 | JSON에서 HTML LINK,텍스트 변환 | 개발자 도구 | 코드 변환 | 개발자·텍스트 | json-hreflang-links | JSON | 제이슨 | 데이터 | HTML LINK,
html-link-rel-json,html-link-rel-json,platform,text,HTML link 태그 → JSON,developer,html-link-rel-json,HTML,JSON,published,true,,,,,false,false,0,?tool=html-link-rel-json,?category=developer&convert=html-link-rel-json,html-link-rel-json,HTML를 JSON로 | HTML JSON 변환 | HTML에서 JSON,텍스트 변환 | 개발자 도구 | 코드 변환 | 개발자·텍스트 | html-link-rel-json | HTML | htm | 웹 문서 | JSON | 제이슨 | 데이터,
url-lines-domain-frequency-json,url-lines-domain-frequency-json,platform,text,URL 목록 → 도메인 빈도 JSON,developer,url-lines-domain-frequency-json,URL LINES,JSON,published,true,,,,,false,false,0,?tool=url-lines-domain-frequency-json,?category=developer&convert=url-lines-domain-frequency-json,url-lines-domain-frequency-json,URL LINES를 JSON로 | URL LINES JSON 변환 | URL LINES에서 JSON,텍스트 변환 | 개발자 도구 | 코드 변환 | 개발자·텍스트 | url-lines-domain-frequency-json | URL LINES | JSON | 제이슨 | 데이터,
url-lines-extension-frequency-json,url-lines-extension-frequency-json,platform,text,URL 목록 → 확장자 빈도 JSON,developer,url-lines-extension-frequency-json,URL LINES,JSON,published,true,,,,,false,false,0,?tool=url-lines-extension-frequency-json,?category=developer&convert=url-lines-extension-frequency-json,url-lines-extension-frequency-json,URL LINES를 JSON로 | URL LINES JSON 변환 | URL LINES에서 JSON,텍스트 변환 | 개발자 도구 | 코드 변환 | 개발자·텍스트 | url-lines-extension-frequency-json | URL LINES | JSON | 제이슨 | 데이터,
basic-auth-header,basic-auth-header,platform,text,아이디·비밀번호 → Basic 인증 헤더,developer,basic-auth-header,USER:PASS,AUTHORIZATION,published,true,,,,,false,false,0,?tool=basic-auth-header,?category=developer&convert=basic-auth-header,basic-auth-header,USER:PASS를 AUTHORIZATION로 | USER:PASS AUTHORIZATION 변환 | USER:PASS에서 AUTHORIZATION,텍스트 변환 | 개발자 도구 | 코드 변환 | 개발자·텍스트 | basic-auth-header | USER:PASS | AUTHORIZATION,
basic-auth-json,basic-auth-json,platform,text,Basic 인증 헤더 → 계정 JSON,developer,basic-auth-json,AUTHORIZATION,JSON,published,true,,,,,false,false,0,?tool=basic-auth-json,?category=developer&convert=basic-auth-json,basic-auth-json,AUTHORIZATION를 JSON로 | AUTHORIZATION JSON 변환 | AUTHORIZATION에서 JSON,텍스트 변환 | 개발자 도구 | 코드 변환 | 개발자·텍스트 | basic-auth-json | AUTHORIZATION | JSON | 제이슨 | 데이터,
bearer-token-header,bearer-token-header,platform,text,토큰 → Bearer 인증 헤더,developer,bearer-token-header,TOKEN,AUTHORIZATION,published,true,,,,,false,false,0,?tool=bearer-token-header,?category=developer&convert=bearer-token-header,bearer-token-header,TOKEN를 AUTHORIZATION로 | TOKEN AUTHORIZATION 변환 | TOKEN에서 AUTHORIZATION,텍스트 변환 | 개발자 도구 | 코드 변환 | 개발자·텍스트 | bearer-token-header | TOKEN | AUTHORIZATION,
authorization-header-json,authorization-header-json,platform,text,Authorization 헤더 → JSON,developer,authorization-header-json,AUTHORIZATION,JSON,published,true,,,,,false,false,0,?tool=authorization-header-json,?category=developer&convert=authorization-header-json,authorization-header-json,AUTHORIZATION를 JSON로 | AUTHORIZATION JSON 변환 | AUTHORIZATION에서 JSON,텍스트 변환 | 개발자 도구 | 코드 변환 | 개발자·텍스트 | authorization-header-json | AUTHORIZATION | JSON | 제이슨 | 데이터,
text-data-uri,text-data-uri,platform,text,텍스트 → Data URI,developer,text-data-uri,TEXT,DATA URI,published,true,,,,,false,false,0,?tool=text-data-uri,?category=developer&convert=text-data-uri,text-data-uri,TEXT를 DATA URI로 | TEXT DATA URI 변환 | TEXT에서 DATA URI,텍스트 변환 | 개발자 도구 | 코드 변환 | 개발자·텍스트 | text-data-uri | TEXT | DATA URI,
data-uri-text,data-uri-text,platform,text,Data URI → 텍스트,developer,data-uri-text,DATA URI,TEXT,published,true,,,,,false,false,0,?tool=data-uri-text,?category=developer&convert=data-uri-text,data-uri-text,DATA URI를 TEXT로 | DATA URI TEXT 변환 | DATA URI에서 TEXT,텍스트 변환 | 개발자 도구 | 코드 변환 | 개발자·텍스트 | data-uri-text | DATA URI | TEXT,
data-uri-json,data-uri-json,platform,text,Data URI → 정보 JSON,developer,data-uri-json,DATA URI,JSON,published,true,,,,,false,false,0,?tool=data-uri-json,?category=developer&convert=data-uri-json,data-uri-json,DATA URI를 JSON로 | DATA URI JSON 변환 | DATA URI에서 JSON,텍스트 변환 | 개발자 도구 | 코드 변환 | 개발자·텍스트 | data-uri-json | DATA URI | JSON | 제이슨 | 데이터,
extension-mime-type,extension-mime-type,platform,text,파일 확장자 → MIME 타입,developer,extension-mime-type,EXTENSION,MIME TYPE,published,true,,,,,false,false,0,?tool=extension-mime-type,?category=developer&convert=extension-mime-type,extension-mime-type,EXTENSION를 MIME TYPE로 | EXTENSION MIME TYPE 변환 | EXTENSION에서 MIME TYPE,텍스트 변환 | 개발자 도구 | 코드 변환 | 개발자·텍스트 | extension-mime-type | EXTENSION | MIME TYPE,
mime-type-extensions,mime-type-extensions,platform,text,MIME 타입 → 확장자 목록,developer,mime-type-extensions,MIME TYPE,EXTENSION LINES,published,true,,,,,false,false,0,?tool=mime-type-extensions,?category=developer&convert=mime-type-extensions,mime-type-extensions,MIME TYPE를 EXTENSION LINES로 | MIME TYPE EXTENSION LINES 변환 | MIME TYPE에서 EXTENSION LINES,텍스트 변환 | 개발자 도구 | 코드 변환 | 개발자·텍스트 | mime-type-extensions | MIME TYPE | EXTENSION LINES,
accept-header-lines,accept-header-lines,platform,text,Accept 헤더 → 미디어 타입 목록,developer,accept-header-lines,ACCEPT,MEDIA LINES,published,true,,,,,false,false,0,?tool=accept-header-lines,?category=developer&convert=accept-header-lines,accept-header-lines,ACCEPT를 MEDIA LINES로 | ACCEPT MEDIA LINES 변환 | ACCEPT에서 MEDIA LINES,텍스트 변환 | 개발자 도구 | 코드 변환 | 개발자·텍스트 | accept-header-lines | ACCEPT | MEDIA LINES,
lines-accept-header,lines-accept-header,platform,text,미디어 타입 목록 → Accept 헤더,developer,lines-accept-header,MEDIA LINES,ACCEPT,published,true,,,,,false,false,0,?tool=lines-accept-header,?category=developer&convert=lines-accept-header,lines-accept-header,MEDIA LINES를 ACCEPT로 | MEDIA LINES ACCEPT 변환 | MEDIA LINES에서 ACCEPT,텍스트 변환 | 개발자 도구 | 코드 변환 | 개발자·텍스트 | lines-accept-header | MEDIA LINES | ACCEPT,
accept-language-json,accept-language-json,platform,text,Accept-Language → JSON,developer,accept-language-json,ACCEPT-LANGUAGE,JSON,published,true,,,,,false,false,0,?tool=accept-language-json,?category=developer&convert=accept-language-json,accept-language-json,ACCEPT-LANGUAGE를 JSON로 | ACCEPT-LANGUAGE JSON 변환 | ACCEPT-LANGUAGE에서 JSON,텍스트 변환 | 개발자 도구 | 코드 변환 | 개발자·텍스트 | accept-language-json | ACCEPT-LANGUAGE | JSON | 제이슨 | 데이터,
json-accept-language,json-accept-language,platform,text,JSON → Accept-Language,developer,json-accept-language,JSON,ACCEPT-LANGUAGE,published,true,,,,,false,false,0,?tool=json-accept-language,?category=developer&convert=json-accept-language,json-accept-language,JSON를 ACCEPT-LANGUAGE로 | JSON ACCEPT-LANGUAGE 변환 | JSON에서 ACCEPT-LANGUAGE,텍스트 변환 | 개발자 도구 | 코드 변환 | 개발자·텍스트 | json-accept-language | JSON | 제이슨 | 데이터 | ACCEPT-LANGUAGE,
cache-control-json,cache-control-json,platform,text,Cache-Control → JSON,developer,cache-control-json,CACHE-CONTROL,JSON,published,true,,,,,false,false,0,?tool=cache-control-json,?category=developer&convert=cache-control-json,cache-control-json,CACHE-CONTROL를 JSON로 | CACHE-CONTROL JSON 변환 | CACHE-CONTROL에서 JSON,텍스트 변환 | 개발자 도구 | 코드 변환 | 개발자·텍스트 | cache-control-json | CACHE-CONTROL | JSON | 제이슨 | 데이터,
json-cache-control,json-cache-control,platform,text,JSON → Cache-Control,developer,json-cache-control,JSON,CACHE-CONTROL,published,true,,,,,false,false,0,?tool=json-cache-control,?category=developer&convert=json-cache-control,json-cache-control,JSON를 CACHE-CONTROL로 | JSON CACHE-CONTROL 변환 | JSON에서 CACHE-CONTROL,텍스트 변환 | 개발자 도구 | 코드 변환 | 개발자·텍스트 | json-cache-control | JSON | 제이슨 | 데이터 | CACHE-CONTROL,
content-disposition-json,content-disposition-json,platform,text,Content-Disposition → JSON,developer,content-disposition-json,CONTENT-DISPOSITION,JSON,published,true,,,,,false,false,0,?tool=content-disposition-json,?category=developer&convert=content-disposition-json,content-disposition-json,CONTENT-DISPOSITION를 JSON로 | CONTENT-DISPOSITION JSON 변환 | CONTENT-DISPOSITION에서 JSON,텍스트 변환 | 개발자 도구 | 코드 변환 | 개발자·텍스트 | content-disposition-json | CONTENT-DISPOSITION | JSON | 제이슨 | 데이터,
json-content-disposition,json-content-disposition,platform,text,JSON → Content-Disposition,developer,json-content-disposition,JSON,CONTENT-DISPOSITION,published,true,,,,,false,false,0,?tool=json-content-disposition,?category=developer&convert=json-content-disposition,json-content-disposition,JSON를 CONTENT-DISPOSITION로 | JSON CONTENT-DISPOSITION 변환 | JSON에서 CONTENT-DISPOSITION,텍스트 변환 | 개발자 도구 | 코드 변환 | 개발자·텍스트 | json-content-disposition | JSON | 제이슨 | 데이터 | CONTENT-DISPOSITION,
link-header-json,link-header-json,platform,text,HTTP Link 헤더 → JSON,developer,link-header-json,LINK HEADER,JSON,published,true,,,,,false,false,0,?tool=link-header-json,?category=developer&convert=link-header-json,link-header-json,LINK HEADER를 JSON로 | LINK HEADER JSON 변환 | LINK HEADER에서 JSON,텍스트 변환 | 개발자 도구 | 코드 변환 | 개발자·텍스트 | link-header-json | LINK HEADER | JSON | 제이슨 | 데이터,
json-link-header,json-link-header,platform,text,JSON → HTTP Link 헤더,developer,json-link-header,JSON,LINK HEADER,published,true,,,,,false,false,0,?tool=json-link-header,?category=developer&convert=json-link-header,json-link-header,JSON를 LINK HEADER로 | JSON LINK HEADER 변환 | JSON에서 LINK HEADER,텍스트 변환 | 개발자 도구 | 코드 변환 | 개발자·텍스트 | json-link-header | JSON | 제이슨 | 데이터 | LINK HEADER,
set-cookie-json,set-cookie-json,platform,text,Set-Cookie → JSON,developer,set-cookie-json,SET-COOKIE,JSON,published,true,,,,,false,false,0,?tool=set-cookie-json,?category=developer&convert=set-cookie-json,set-cookie-json,SET-COOKIE를 JSON로 | SET-COOKIE JSON 변환 | SET-COOKIE에서 JSON,텍스트 변환 | 개발자 도구 | 코드 변환 | 개발자·텍스트 | set-cookie-json | SET-COOKIE | JSON | 제이슨 | 데이터,
json-set-cookie,json-set-cookie,platform,text,JSON → Set-Cookie,developer,json-set-cookie,JSON,SET-COOKIE,published,true,,,,,false,false,0,?tool=json-set-cookie,?category=developer&convert=json-set-cookie,json-set-cookie,JSON를 SET-COOKIE로 | JSON SET-COOKIE 변환 | JSON에서 SET-COOKIE,텍스트 변환 | 개발자 도구 | 코드 변환 | 개발자·텍스트 | json-set-cookie | JSON | 제이슨 | 데이터 | SET-COOKIE,
curl-json,curl-json,platform,text,cURL 명령어 → 요청 JSON,developer,curl-json,CURL,JSON,published,true,,,,,false,false,0,?tool=curl-json,?category=developer&convert=curl-json,curl-json,CURL를 JSON로 | CURL JSON 변환 | CURL에서 JSON,텍스트 변환 | 개발자 도구 | 코드 변환 | 개발자·텍스트 | curl-json | CURL | JSON | 제이슨 | 데이터,
json-curl,json-curl,platform,text,요청 JSON → cURL 명령어,developer,json-curl,JSON,CURL,published,true,,,,,false,false,0,?tool=json-curl,?category=developer&convert=json-curl,json-curl,JSON를 CURL로 | JSON CURL 변환 | JSON에서 CURL,텍스트 변환 | 개발자 도구 | 코드 변환 | 개발자·텍스트 | json-curl | JSON | 제이슨 | 데이터 | CURL,
http-request-json,http-request-json,platform,text,HTTP 요청 원문 → JSON,developer,http-request-json,HTTP REQUEST,JSON,published,true,,,,,false,false,0,?tool=http-request-json,?category=developer&convert=http-request-json,http-request-json,HTTP REQUEST를 JSON로 | HTTP REQUEST JSON 변환 | HTTP REQUEST에서 JSON,텍스트 변환 | 개발자 도구 | 코드 변환 | 개발자·텍스트 | http-request-json | HTTP REQUEST | JSON | 제이슨 | 데이터,
json-http-request,json-http-request,platform,text,JSON → HTTP 요청 원문,developer,json-http-request,JSON,HTTP REQUEST,published,true,,,,,false,false,0,?tool=json-http-request,?category=developer&convert=json-http-request,json-http-request,JSON를 HTTP REQUEST로 | JSON HTTP REQUEST 변환 | JSON에서 HTTP REQUEST,텍스트 변환 | 개발자 도구 | 코드 변환 | 개발자·텍스트 | json-http-request | JSON | 제이슨 | 데이터 | HTTP REQUEST,
http-response-json,http-response-json,platform,text,HTTP 응답 원문 → JSON,developer,http-response-json,HTTP RESPONSE,JSON,published,true,,,,,false,false,0,?tool=http-response-json,?category=developer&convert=http-response-json,http-response-json,HTTP RESPONSE를 JSON로 | HTTP RESPONSE JSON 변환 | HTTP RESPONSE에서 JSON,텍스트 변환 | 개발자 도구 | 코드 변환 | 개발자·텍스트 | http-response-json | HTTP RESPONSE | JSON | 제이슨 | 데이터,
json-http-response,json-http-response,platform,text,JSON → HTTP 응답 원문,developer,json-http-response,JSON,HTTP RESPONSE,published,true,,,,,false,false,0,?tool=json-http-response,?category=developer&convert=json-http-response,json-http-response,JSON를 HTTP RESPONSE로 | JSON HTTP RESPONSE 변환 | JSON에서 HTTP RESPONSE,텍스트 변환 | 개발자 도구 | 코드 변환 | 개발자·텍스트 | json-http-response | JSON | 제이슨 | 데이터 | HTTP RESPONSE,
jwt-header-json,jwt-header-json,platform,text,JWT → 헤더 JSON,developer,jwt-header-json,JWT,JSON,published,true,,,,,false,false,0,?tool=jwt-header-json,?category=developer&convert=jwt-header-json,jwt-header-json,JWT를 JSON로 | JWT JSON 변환 | JWT에서 JSON,텍스트 변환 | 개발자 도구 | 코드 변환 | 개발자·텍스트 | jwt-header-json | JWT | JSON | 제이슨 | 데이터,
jwt-payload-json,jwt-payload-json,platform,text,JWT → 페이로드 JSON,developer,jwt-payload-json,JWT,JSON,published,true,,,,,false,false,0,?tool=jwt-payload-json,?category=developer&convert=jwt-payload-json,jwt-payload-json,JWT를 JSON로 | JWT JSON 변환 | JWT에서 JSON,텍스트 변환 | 개발자 도구 | 코드 변환 | 개발자·텍스트 | jwt-payload-json | JWT | JSON | 제이슨 | 데이터,
jwt-summary-json,jwt-summary-json,platform,text,JWT → 요약 JSON,developer,jwt-summary-json,JWT,JSON,published,true,,,,,false,false,0,?tool=jwt-summary-json,?category=developer&convert=jwt-summary-json,jwt-summary-json,JWT를 JSON로 | JWT JSON 변환 | JWT에서 JSON,텍스트 변환 | 개발자 도구 | 코드 변환 | 개발자·텍스트 | jwt-summary-json | JWT | JSON | 제이슨 | 데이터,
json-typescript-interface,json-typescript-interface,platform,text,JSON → TypeScript 인터페이스,developer,json-typescript-interface,JSON,TYPESCRIPT,published,true,,,,,false,false,0,?tool=json-typescript-interface,?category=developer&convert=json-typescript-interface,json-typescript-interface,JSON를 TYPESCRIPT로 | JSON TYPESCRIPT 변환 | JSON에서 TYPESCRIPT,텍스트 변환 | 개발자 도구 | 코드 변환 | 개발자·텍스트 | json-typescript-interface | JSON | 제이슨 | 데이터 | TYPESCRIPT,
json-typescript-type,json-typescript-type,platform,text,JSON → TypeScript 타입,developer,json-typescript-type,JSON,TYPESCRIPT,published,true,,,,,false,false,0,?tool=json-typescript-type,?category=developer&convert=json-typescript-type,json-typescript-type,JSON를 TYPESCRIPT로 | JSON TYPESCRIPT 변환 | JSON에서 TYPESCRIPT,텍스트 변환 | 개발자 도구 | 코드 변환 | 개발자·텍스트 | json-typescript-type | JSON | 제이슨 | 데이터 | TYPESCRIPT,
json-javascript-const,json-javascript-const,platform,text,JSON → JavaScript 상수,developer,json-javascript-const,JSON,JAVASCRIPT,published,true,,,,,false,false,0,?tool=json-javascript-const,?category=developer&convert=json-javascript-const,json-javascript-const,JSON를 JAVASCRIPT로 | JSON JAVASCRIPT 변환 | JSON에서 JAVASCRIPT,텍스트 변환 | 개발자 도구 | 코드 변환 | 개발자·텍스트 | json-javascript-const | JSON | 제이슨 | 데이터 | JAVASCRIPT,
json-python-dict,json-python-dict,platform,text,JSON → Python 딕셔너리,developer,json-python-dict,JSON,PYTHON,published,true,,,,,false,false,0,?tool=json-python-dict,?category=developer&convert=json-python-dict,json-python-dict,JSON를 PYTHON로 | JSON PYTHON 변환 | JSON에서 PYTHON,텍스트 변환 | 개발자 도구 | 코드 변환 | 개발자·텍스트 | json-python-dict | JSON | 제이슨 | 데이터 | PYTHON,
json-php-array,json-php-array,platform,text,JSON → PHP 배열,developer,json-php-array,JSON,PHP,published,true,,,,,false,false,0,?tool=json-php-array,?category=developer&convert=json-php-array,json-php-array,JSON를 PHP로 | JSON PHP 변환 | JSON에서 PHP,텍스트 변환 | 개발자 도구 | 코드 변환 | 개발자·텍스트 | json-php-array | JSON | 제이슨 | 데이터 | PHP,
json-ruby-hash,json-ruby-hash,platform,text,JSON → Ruby 해시,developer,json-ruby-hash,JSON,RUBY,published,true,,,,,false,false,0,?tool=json-ruby-hash,?category=developer&convert=json-ruby-hash,json-ruby-hash,JSON를 RUBY로 | JSON RUBY 변환 | JSON에서 RUBY,텍스트 변환 | 개발자 도구 | 코드 변환 | 개발자·텍스트 | json-ruby-hash | JSON | 제이슨 | 데이터 | RUBY,
json-basic-schema,json-basic-schema,platform,text,JSON → 기본 JSON Schema,developer,json-basic-schema,JSON,JSON SCHEMA,published,true,,,,,false,false,0,?tool=json-basic-schema,?category=developer&convert=json-basic-schema,json-basic-schema,JSON를 JSON SCHEMA로 | JSON JSON SCHEMA 변환 | JSON에서 JSON SCHEMA,텍스트 변환 | 개발자 도구 | 코드 변환 | 개발자·텍스트 | json-basic-schema | JSON | 제이슨 | 데이터 | JSON SCHEMA,
json-paths-lines,json-paths-lines,platform,text,JSON → 값 경로 목록,developer,json-paths-lines,JSON,PATHS,published,true,,,,,false,false,0,?tool=json-paths-lines,?category=developer&convert=json-paths-lines,json-paths-lines,JSON를 PATHS로 | JSON PATHS 변환 | JSON에서 PATHS,텍스트 변환 | 개발자 도구 | 코드 변환 | 개발자·텍스트 | json-paths-lines | JSON | 제이슨 | 데이터 | PATHS,
json-type-summary,json-type-summary,platform,text,JSON → 자료형 요약,developer,json-type-summary,JSON,JSON,published,true,,,,,false,false,0,?tool=json-type-summary,?category=developer&convert=json-type-summary,json-type-summary,JSON를 JSON로 | JSON JSON 변환 | JSON에서 JSON,텍스트 변환 | 개발자 도구 | 코드 변환 | 개발자·텍스트 | json-type-summary | JSON | 제이슨 | 데이터,
json-array-columns,json-array-columns,platform,text,JSON 객체 배열 → 열 목록,developer,json-array-columns,JSON,COLUMNS,published,true,,,,,false,false,0,?tool=json-array-columns,?category=developer&convert=json-array-columns,json-array-columns,JSON를 COLUMNS로 | JSON COLUMNS 변환 | JSON에서 COLUMNS,텍스트 변환 | 개발자 도구 | 코드 변환 | 개발자·텍스트 | json-array-columns | JSON | 제이슨 | 데이터 | COLUMNS,
json-leaf-count,json-leaf-count,platform,text,JSON → 말단 값 개수,developer,json-leaf-count,JSON,COUNT,published,true,,,,,false,false,0,?tool=json-leaf-count,?category=developer&convert=json-leaf-count,json-leaf-count,JSON를 COUNT로 | JSON COUNT 변환 | JSON에서 COUNT,텍스트 변환 | 개발자 도구 | 코드 변환 | 개발자·텍스트 | json-leaf-count | JSON | 제이슨 | 데이터 | COUNT,
json-depth-report,json-depth-report,platform,text,JSON → 깊이 보고서,developer,json-depth-report,JSON,JSON,published,true,,,,,false,false,0,?tool=json-depth-report,?category=developer&convert=json-depth-report,json-depth-report,JSON를 JSON로 | JSON JSON 변환 | JSON에서 JSON,텍스트 변환 | 개발자 도구 | 코드 변환 | 개발자·텍스트 | json-depth-report | JSON | 제이슨 | 데이터,
json-syntax-report,json-syntax-report,platform,text,JSON 문법 검사 → 보고서,developer,json-syntax-report,JSON,REPORT,published,true,,,,,false,false,0,?tool=json-syntax-report,?category=developer&convert=json-syntax-report,json-syntax-report,JSON를 REPORT로 | JSON REPORT 변환 | JSON에서 REPORT,텍스트 변환 | 개발자 도구 | 코드 변환 | 개발자·텍스트 | json-syntax-report | JSON | 제이슨 | 데이터 | REPORT,
json-size-report,json-size-report,platform,text,JSON → 용량 비교 보고서,developer,json-size-report,JSON,REPORT,published,true,,,,,false,false,0,?tool=json-size-report,?category=developer&convert=json-size-report,json-size-report,JSON를 REPORT로 | JSON REPORT 변환 | JSON에서 REPORT,텍스트 변환 | 개발자 도구 | 코드 변환 | 개발자·텍스트 | json-size-report | JSON | 제이슨 | 데이터 | REPORT,
url-lines-validation-json,url-lines-validation-json,platform,text,URL 목록 검사 → JSON,developer,url-lines-validation-json,URL LINES,JSON,published,true,,,,,false,false,0,?tool=url-lines-validation-json,?category=developer&convert=url-lines-validation-json,url-lines-validation-json,URL LINES를 JSON로 | URL LINES JSON 변환 | URL LINES에서 JSON,텍스트 변환 | 개발자 도구 | 코드 변환 | 개발자·텍스트 | url-lines-validation-json | URL LINES | JSON | 제이슨 | 데이터,
email-lines-validation-json,email-lines-validation-json,platform,text,이메일 목록 검사 → JSON,developer,email-lines-validation-json,EMAIL LINES,JSON,published,true,,,,,false,false,0,?tool=email-lines-validation-json,?category=developer&convert=email-lines-validation-json,email-lines-validation-json,EMAIL LINES를 JSON로 | EMAIL LINES JSON 변환 | EMAIL LINES에서 JSON,텍스트 변환 | 개발자 도구 | 코드 변환 | 개발자·텍스트 | email-lines-validation-json | EMAIL LINES | JSON | 제이슨 | 데이터,
ipv4-lines-validation-json,ipv4-lines-validation-json,platform,text,IPv4 목록 검사 → JSON,developer,ipv4-lines-validation-json,IPV4 LINES,JSON,published,true,,,,,false,false,0,?tool=ipv4-lines-validation-json,?category=developer&convert=ipv4-lines-validation-json,ipv4-lines-validation-json,IPV4 LINES를 JSON로 | IPV4 LINES JSON 변환 | IPV4 LINES에서 JSON,텍스트 변환 | 개발자 도구 | 코드 변환 | 개발자·텍스트 | ipv4-lines-validation-json | IPV4 LINES | JSON | 제이슨 | 데이터,
uuid-lines-validation-json,uuid-lines-validation-json,platform,text,UUID 목록 검사 → JSON,developer,uuid-lines-validation-json,UUID LINES,JSON,published,true,,,,,false,false,0,?tool=uuid-lines-validation-json,?category=developer&convert=uuid-lines-validation-json,uuid-lines-validation-json,UUID LINES를 JSON로 | UUID LINES JSON 변환 | UUID LINES에서 JSON,텍스트 변환 | 개발자 도구 | 코드 변환 | 개발자·텍스트 | uuid-lines-validation-json | UUID LINES | JSON | 제이슨 | 데이터,
base64-validation-json,base64-validation-json,platform,text,Base64 검사 → JSON,developer,base64-validation-json,BASE64,JSON,published,true,,,,,false,false,0,?tool=base64-validation-json,?category=developer&convert=base64-validation-json,base64-validation-json,BASE64를 JSON로 | BASE64 JSON 변환 | BASE64에서 JSON,텍스트 변환 | 개발자 도구 | 코드 변환 | 개발자·텍스트 | base64-validation-json | BASE64 | JSON | 제이슨 | 데이터,
hex-validation-json,hex-validation-json,platform,text,HEX 바이트 검사 → JSON,developer,hex-validation-json,HEX,JSON,published,true,,,,,false,false,0,?tool=hex-validation-json,?category=developer&convert=hex-validation-json,hex-validation-json,HEX를 JSON로 | HEX JSON 변환 | HEX에서 JSON,텍스트 변환 | 개발자 도구 | 코드 변환 | 개발자·텍스트 | hex-validation-json | HEX | JSON | 제이슨 | 데이터,
css-color-validation-json,css-color-validation-json,platform,text,색상 코드 목록 검사 → JSON,developer,css-color-validation-json,COLOR LINES,JSON,published,true,,,,,false,false,0,?tool=css-color-validation-json,?category=developer&convert=css-color-validation-json,css-color-validation-json,COLOR LINES를 JSON로 | COLOR LINES JSON 변환 | COLOR LINES에서 JSON,텍스트 변환 | 개발자 도구 | 코드 변환 | 개발자·텍스트 | css-color-validation-json | COLOR LINES | JSON | 제이슨 | 데이터,
date-lines-validation-json,date-lines-validation-json,platform,text,날짜 목록 검사 → JSON,developer,date-lines-validation-json,DATE LINES,JSON,published,true,,,,,false,false,0,?tool=date-lines-validation-json,?category=developer&convert=date-lines-validation-json,date-lines-validation-json,DATE LINES를 JSON로 | DATE LINES JSON 변환 | DATE LINES에서 JSON,텍스트 변환 | 개발자 도구 | 코드 변환 | 개발자·텍스트 | date-lines-validation-json | DATE LINES | JSON | 제이슨 | 데이터,
windows-path-unix,windows-path-unix,platform,text,Windows 경로 → Unix 경로,developer,windows-path-unix,WINDOWS PATH,UNIX PATH,published,true,,,,,false,false,0,?tool=windows-path-unix,?category=developer&convert=windows-path-unix,windows-path-unix,WINDOWS PATH를 UNIX PATH로 | WINDOWS PATH UNIX PATH 변환 | WINDOWS PATH에서 UNIX PATH,텍스트 변환 | 개발자 도구 | 코드 변환 | 개발자·텍스트 | windows-path-unix | WINDOWS PATH | UNIX PATH,
unix-path-windows,unix-path-windows,platform,text,Unix 경로 → Windows 경로,developer,unix-path-windows,UNIX PATH,WINDOWS PATH,published,true,,,,,false,false,0,?tool=unix-path-windows,?category=developer&convert=unix-path-windows,unix-path-windows,UNIX PATH를 WINDOWS PATH로 | UNIX PATH WINDOWS PATH 변환 | UNIX PATH에서 WINDOWS PATH,텍스트 변환 | 개발자 도구 | 코드 변환 | 개발자·텍스트 | unix-path-windows | UNIX PATH | WINDOWS PATH,
path-normalize,path-normalize,platform,text,파일 경로 정규화,developer,path-normalize,PATH,NORMALIZED PATH,published,true,,,,,false,false,0,?tool=path-normalize,?category=developer&convert=path-normalize,path-normalize,PATH를 NORMALIZED PATH로 | PATH NORMALIZED PATH 변환 | PATH에서 NORMALIZED PATH,텍스트 변환 | 개발자 도구 | 코드 변환 | 개발자·텍스트 | path-normalize | PATH | NORMALIZED PATH,
filename-sanitize,filename-sanitize,platform,text,파일명 안전하게 정리,developer,filename-sanitize,FILENAME,SAFE FILENAME,published,true,,,,,false,false,0,?tool=filename-sanitize,?category=developer&convert=filename-sanitize,filename-sanitize,FILENAME를 SAFE FILENAME로 | FILENAME SAFE FILENAME 변환 | FILENAME에서 SAFE FILENAME,텍스트 변환 | 개발자 도구 | 코드 변환 | 개발자·텍스트 | filename-sanitize | FILENAME | SAFE FILENAME,
filename-lines-extension,filename-lines-extension,platform,text,파일명 목록 → 확장자 목록,developer,filename-lines-extension,FILENAME LINES,EXTENSIONS,published,true,,,,,false,false,0,?tool=filename-lines-extension,?category=developer&convert=filename-lines-extension,filename-lines-extension,FILENAME LINES를 EXTENSIONS로 | FILENAME LINES EXTENSIONS 변환 | FILENAME LINES에서 EXTENSIONS,텍스트 변환 | 개발자 도구 | 코드 변환 | 개발자·텍스트 | filename-lines-extension | FILENAME LINES | EXTENSIONS,
filename-lines-basename,filename-lines-basename,platform,text,파일명 목록 → 확장자 없는 이름,developer,filename-lines-basename,FILENAME LINES,BASENAMES,published,true,,,,,false,false,0,?tool=filename-lines-basename,?category=developer&convert=filename-lines-basename,filename-lines-basename,FILENAME LINES를 BASENAMES로 | FILENAME LINES BASENAMES 변환 | FILENAME LINES에서 BASENAMES,텍스트 변환 | 개발자 도구 | 코드 변환 | 개발자·텍스트 | filename-lines-basename | FILENAME LINES | BASENAMES,
bytes-human-size,bytes-human-size,platform,text,바이트 → 읽기 쉬운 파일 크기,developer,bytes-human-size,BYTES,HUMAN SIZE,published,true,,,,,false,false,0,?tool=bytes-human-size,?category=developer&convert=bytes-human-size,bytes-human-size,BYTES를 HUMAN SIZE로 | BYTES HUMAN SIZE 변환 | BYTES에서 HUMAN SIZE,텍스트 변환 | 개발자 도구 | 코드 변환 | 개발자·텍스트 | bytes-human-size | BYTES | HUMAN SIZE,
human-size-bytes,human-size-bytes,platform,text,파일 크기 단위 → 바이트,developer,human-size-bytes,HUMAN SIZE,BYTES,published,true,,,,,false,false,0,?tool=human-size-bytes,?category=developer&convert=human-size-bytes,human-size-bytes,HUMAN SIZE를 BYTES로 | HUMAN SIZE BYTES 변환 | HUMAN SIZE에서 BYTES,텍스트 변환 | 개발자 도구 | 코드 변환 | 개발자·텍스트 | human-size-bytes | HUMAN SIZE | BYTES,
json-go-struct,json-go-struct,platform,text,JSON → Go 구조체,developer,json-go-struct,JSON,GO,published,true,,,,,false,false,0,?tool=json-go-struct,?category=developer&convert=json-go-struct,json-go-struct,JSON를 GO로 | JSON GO 변환 | JSON에서 GO,텍스트 변환 | 개발자 도구 | 코드 변환 | 개발자·텍스트 | json-go-struct | JSON | 제이슨 | 데이터 | GO,
json-java-class,json-java-class,platform,text,JSON → Java 클래스,developer,json-java-class,JSON,JAVA,published,true,,,,,false,false,0,?tool=json-java-class,?category=developer&convert=json-java-class,json-java-class,JSON를 JAVA로 | JSON JAVA 변환 | JSON에서 JAVA,텍스트 변환 | 개발자 도구 | 코드 변환 | 개발자·텍스트 | json-java-class | JSON | 제이슨 | 데이터 | JAVA,
json-csharp-class,json-csharp-class,platform,text,JSON → C# 클래스,developer,json-csharp-class,JSON,C#,published,true,,,,,false,false,0,?tool=json-csharp-class,?category=developer&convert=json-csharp-class,json-csharp-class,JSON를 C#로 | JSON C# 변환 | JSON에서 C#,텍스트 변환 | 개발자 도구 | 코드 변환 | 개발자·텍스트 | json-csharp-class | JSON | 제이슨 | 데이터 | C#,
json-kotlin-data-class,json-kotlin-data-class,platform,text,JSON → Kotlin data class,developer,json-kotlin-data-class,JSON,KOTLIN,published,true,,,,,false,false,0,?tool=json-kotlin-data-class,?category=developer&convert=json-kotlin-data-class,json-kotlin-data-class,JSON를 KOTLIN로 | JSON KOTLIN 변환 | JSON에서 KOTLIN,텍스트 변환 | 개발자 도구 | 코드 변환 | 개발자·텍스트 | json-kotlin-data-class | JSON | 제이슨 | 데이터 | KOTLIN,
json-swift-codable,json-swift-codable,platform,text,JSON → Swift Codable,developer,json-swift-codable,JSON,SWIFT,published,true,,,,,false,false,0,?tool=json-swift-codable,?category=developer&convert=json-swift-codable,json-swift-codable,JSON를 SWIFT로 | JSON SWIFT 변환 | JSON에서 SWIFT,텍스트 변환 | 개발자 도구 | 코드 변환 | 개발자·텍스트 | json-swift-codable | JSON | 제이슨 | 데이터 | SWIFT,
json-rust-struct,json-rust-struct,platform,text,JSON → Rust 구조체,developer,json-rust-struct,JSON,RUST,published,true,,,,,false,false,0,?tool=json-rust-struct,?category=developer&convert=json-rust-struct,json-rust-struct,JSON를 RUST로 | JSON RUST 변환 | JSON에서 RUST,텍스트 변환 | 개발자 도구 | 코드 변환 | 개발자·텍스트 | json-rust-struct | JSON | 제이슨 | 데이터 | RUST,
json-graphql-type,json-graphql-type,platform,text,JSON → GraphQL 타입,developer,json-graphql-type,JSON,GRAPHQL,published,true,,,,,false,false,0,?tool=json-graphql-type,?category=developer&convert=json-graphql-type,json-graphql-type,JSON를 GRAPHQL로 | JSON GRAPHQL 변환 | JSON에서 GRAPHQL,텍스트 변환 | 개발자 도구 | 코드 변환 | 개발자·텍스트 | json-graphql-type | JSON | 제이슨 | 데이터 | GRAPHQL,
json-sql-create-table,json-sql-create-table,platform,text,JSON → SQL CREATE TABLE,developer,json-sql-create-table,JSON,SQL,published,true,,,,,false,false,0,?tool=json-sql-create-table,?category=developer&convert=json-sql-create-table,json-sql-create-table,JSON를 SQL로 | JSON SQL 변환 | JSON에서 SQL,텍스트 변환 | 개발자 도구 | 코드 변환 | 개발자·텍스트 | json-sql-create-table | JSON | 제이슨 | 데이터 | SQL,
json-form-urlencoded,json-form-urlencoded,platform,text,JSON → Form URL Encoded,developer,json-form-urlencoded,JSON,FORM URLENCODED,published,true,,,,,false,false,0,?tool=json-form-urlencoded,?category=developer&convert=json-form-urlencoded,json-form-urlencoded,JSON를 FORM URLENCODED로 | JSON FORM URLENCODED 변환 | JSON에서 FORM URLENCODED,텍스트 변환 | 개발자 도구 | 코드 변환 | 개발자·텍스트 | json-form-urlencoded | JSON | 제이슨 | 데이터 | FORM URLENCODED,
form-urlencoded-json,form-urlencoded-json,platform,text,Form URL Encoded → JSON,developer,form-urlencoded-json,FORM URLENCODED,JSON,published,true,,,,,false,false,0,?tool=form-urlencoded-json,?category=developer&convert=form-urlencoded-json,form-urlencoded-json,FORM URLENCODED를 JSON로 | FORM URLENCODED JSON 변환 | FORM URLENCODED에서 JSON,텍스트 변환 | 개발자 도구 | 코드 변환 | 개발자·텍스트 | form-urlencoded-json | FORM URLENCODED | JSON | 제이슨 | 데이터,
json-shell-export,json-shell-export,platform,text,JSON → Shell export,developer,json-shell-export,JSON,SHELL,published,true,,,,,false,false,0,?tool=json-shell-export,?category=developer&convert=json-shell-export,json-shell-export,JSON를 SHELL로 | JSON SHELL 변환 | JSON에서 SHELL,텍스트 변환 | 개발자 도구 | 코드 변환 | 개발자·텍스트 | json-shell-export | JSON | 제이슨 | 데이터 | SHELL,
shell-export-json,shell-export-json,platform,text,Shell export → JSON,developer,shell-export-json,SHELL,JSON,published,true,,,,,false,false,0,?tool=shell-export-json,?category=developer&convert=shell-export-json,shell-export-json,SHELL를 JSON로 | SHELL JSON 변환 | SHELL에서 JSON,텍스트 변환 | 개발자 도구 | 코드 변환 | 개발자·텍스트 | shell-export-json | SHELL | JSON | 제이슨 | 데이터,
http-json-fetch,http-json-fetch,platform,text,HTTP 요청 JSON → Fetch 코드,developer,http-json-fetch,HTTP JSON,FETCH,published,true,,,,,false,false,0,?tool=http-json-fetch,?category=developer&convert=http-json-fetch,http-json-fetch,HTTP JSON를 FETCH로 | HTTP JSON FETCH 변환 | HTTP JSON에서 FETCH,텍스트 변환 | 개발자 도구 | 코드 변환 | 개발자·텍스트 | http-json-fetch | HTTP JSON | FETCH,
http-json-axios,http-json-axios,platform,text,HTTP 요청 JSON → Axios 코드,developer,http-json-axios,HTTP JSON,AXIOS,published,true,,,,,false,false,0,?tool=http-json-axios,?category=developer&convert=http-json-axios,http-json-axios,HTTP JSON를 AXIOS로 | HTTP JSON AXIOS 변환 | HTTP JSON에서 AXIOS,텍스트 변환 | 개발자 도구 | 코드 변환 | 개발자·텍스트 | http-json-axios | HTTP JSON | AXIOS,
http-json-python-requests,http-json-python-requests,platform,text,HTTP 요청 JSON → Python requests,developer,http-json-python-requests,HTTP JSON,PYTHON,published,true,,,,,false,false,0,?tool=http-json-python-requests,?category=developer&convert=http-json-python-requests,http-json-python-requests,HTTP JSON를 PYTHON로 | HTTP JSON PYTHON 변환 | HTTP JSON에서 PYTHON,텍스트 변환 | 개발자 도구 | 코드 변환 | 개발자·텍스트 | http-json-python-requests | HTTP JSON | PYTHON,
curl-fetch,curl-fetch,platform,text,cURL → Fetch 코드,developer,curl-fetch,CURL,FETCH,published,true,,,,,false,false,0,?tool=curl-fetch,?category=developer&convert=curl-fetch,curl-fetch,CURL를 FETCH로 | CURL FETCH 변환 | CURL에서 FETCH,텍스트 변환 | 개발자 도구 | 코드 변환 | 개발자·텍스트 | curl-fetch | CURL | FETCH,
curl-python-requests,curl-python-requests,platform,text,cURL → Python requests,developer,curl-python-requests,CURL,PYTHON,published,true,,,,,false,false,0,?tool=curl-python-requests,?category=developer&convert=curl-python-requests,curl-python-requests,CURL를 PYTHON로 | CURL PYTHON 변환 | CURL에서 PYTHON,텍스트 변환 | 개발자 도구 | 코드 변환 | 개발자·텍스트 | curl-python-requests | CURL | PYTHON,
ipv4-binary,ipv4-binary,platform,text,IPv4 → 2진 주소,developer,ipv4-binary,IPV4,BINARY,published,true,,,,,false,false,0,?tool=ipv4-binary,?category=developer&convert=ipv4-binary,ipv4-binary,IPV4를 BINARY로 | IPV4 BINARY 변환 | IPV4에서 BINARY,텍스트 변환 | 개발자 도구 | 코드 변환 | 개발자·텍스트 | ipv4-binary | IPV4 | BINARY,
binary-ipv4,binary-ipv4,platform,text,2진 주소 → IPv4,developer,binary-ipv4,BINARY,IPV4,published,true,,,,,false,false,0,?tool=binary-ipv4,?category=developer&convert=binary-ipv4,binary-ipv4,BINARY를 IPV4로 | BINARY IPV4 변환 | BINARY에서 IPV4,텍스트 변환 | 개발자 도구 | 코드 변환 | 개발자·텍스트 | binary-ipv4 | BINARY | IPV4,
cidr-subnet-mask,cidr-subnet-mask,platform,text,CIDR 프리픽스 → 서브넷 마스크,developer,cidr-subnet-mask,CIDR,SUBNET MASK,published,true,,,,,false,false,0,?tool=cidr-subnet-mask,?category=developer&convert=cidr-subnet-mask,cidr-subnet-mask,CIDR를 SUBNET MASK로 | CIDR SUBNET MASK 변환 | CIDR에서 SUBNET MASK,텍스트 변환 | 개발자 도구 | 코드 변환 | 개발자·텍스트 | cidr-subnet-mask | CIDR | SUBNET MASK,
subnet-mask-cidr,subnet-mask-cidr,platform,text,서브넷 마스크 → CIDR 프리픽스,developer,subnet-mask-cidr,SUBNET MASK,CIDR,published,true,,,,,false,false,0,?tool=subnet-mask-cidr,?category=developer&convert=subnet-mask-cidr,subnet-mask-cidr,SUBNET MASK를 CIDR로 | SUBNET MASK CIDR 변환 | SUBNET MASK에서 CIDR,텍스트 변환 | 개발자 도구 | 코드 변환 | 개발자·텍스트 | subnet-mask-cidr | SUBNET MASK | CIDR,
ipv4-cidr-report,ipv4-cidr-report,platform,text,IPv4/CIDR → 네트워크 보고서,developer,ipv4-cidr-report,IPV4/CIDR,JSON,published,true,,,,,false,false,0,?tool=ipv4-cidr-report,?category=developer&convert=ipv4-cidr-report,ipv4-cidr-report,IPV4/CIDR를 JSON로 | IPV4/CIDR JSON 변환 | IPV4/CIDR에서 JSON,텍스트 변환 | 개발자 도구 | 코드 변환 | 개발자·텍스트 | ipv4-cidr-report | IPV4/CIDR | JSON | 제이슨 | 데이터,
ipv4-range-report,ipv4-range-report,platform,text,IPv4 범위 → 주소 수 보고서,developer,ipv4-range-report,IPV4 RANGE,JSON,published,true,,,,,false,false,0,?tool=ipv4-range-report,?category=developer&convert=ipv4-range-report,ipv4-range-report,IPV4 RANGE를 JSON로 | IPV4 RANGE JSON 변환 | IPV4 RANGE에서 JSON,텍스트 변환 | 개발자 도구 | 코드 변환 | 개발자·텍스트 | ipv4-range-report | IPV4 RANGE | JSON | 제이슨 | 데이터,
mac-colon-format,mac-colon-format,platform,text,MAC 주소 → 콜론 형식,developer,mac-colon-format,MAC,AA:BB:CC:DD:EE:FF,published,true,,,,,false,false,0,?tool=mac-colon-format,?category=developer&convert=mac-colon-format,mac-colon-format,MAC를 AA:BB:CC:DD:EE:FF로 | MAC AA:BB:CC:DD:EE:FF 변환 | MAC에서 AA:BB:CC:DD:EE:FF,텍스트 변환 | 개발자 도구 | 코드 변환 | 개발자·텍스트 | mac-colon-format | MAC | AA:BB:CC:DD:EE:FF,
mac-hyphen-format,mac-hyphen-format,platform,text,MAC 주소 → 하이픈 형식,developer,mac-hyphen-format,MAC,AA-BB-CC-DD-EE-FF,published,true,,,,,false,false,0,?tool=mac-hyphen-format,?category=developer&convert=mac-hyphen-format,mac-hyphen-format,MAC를 AA-BB-CC-DD-EE-FF로 | MAC AA-BB-CC-DD-EE-FF 변환 | MAC에서 AA-BB-CC-DD-EE-FF,텍스트 변환 | 개발자 도구 | 코드 변환 | 개발자·텍스트 | mac-hyphen-format | MAC | AA-BB-CC-DD-EE-FF,
mac-plain-format,mac-plain-format,platform,text,MAC 주소 → 구분자 제거,developer,mac-plain-format,MAC,AABBCCDDEEFF,published,true,,,,,false,false,0,?tool=mac-plain-format,?category=developer&convert=mac-plain-format,mac-plain-format,MAC를 AABBCCDDEEFF로 | MAC AABBCCDDEEFF 변환 | MAC에서 AABBCCDDEEFF,텍스트 변환 | 개발자 도구 | 코드 변환 | 개발자·텍스트 | mac-plain-format | MAC | AABBCCDDEEFF,
mac-report-json,mac-report-json,platform,text,MAC 주소 → 정보 보고서,developer,mac-report-json,MAC,JSON,published,true,,,,,false,false,0,?tool=mac-report-json,?category=developer&convert=mac-report-json,mac-report-json,MAC를 JSON로 | MAC JSON 변환 | MAC에서 JSON,텍스트 변환 | 개발자 도구 | 코드 변환 | 개발자·텍스트 | mac-report-json | MAC | JSON | 제이슨 | 데이터,
port-list-normalize,port-list-normalize,platform,text,포트 목록 정규화,developer,port-list-normalize,PORTS,NORMALIZED PORTS,published,true,,,,,false,false,0,?tool=port-list-normalize,?category=developer&convert=port-list-normalize,port-list-normalize,PORTS를 NORMALIZED PORTS로 | PORTS NORMALIZED PORTS 변환 | PORTS에서 NORMALIZED PORTS,텍스트 변환 | 개발자 도구 | 코드 변환 | 개발자·텍스트 | port-list-normalize | PORTS | NORMALIZED PORTS,
port-range-expand,port-range-expand,platform,text,포트 범위 → 포트 목록,developer,port-range-expand,PORT RANGE,PORT LINES,published,true,,,,,false,false,0,?tool=port-range-expand,?category=developer&convert=port-range-expand,port-range-expand,PORT RANGE를 PORT LINES로 | PORT RANGE PORT LINES 변환 | PORT RANGE에서 PORT LINES,텍스트 변환 | 개발자 도구 | 코드 변환 | 개발자·텍스트 | port-range-expand | PORT RANGE | PORT LINES,
http-status-json,http-status-json,platform,text,HTTP 상태 코드 → 설명 JSON,developer,http-status-json,HTTP STATUS,JSON,published,true,,,,,false,false,0,?tool=http-status-json,?category=developer&convert=http-status-json,http-status-json,HTTP STATUS를 JSON로 | HTTP STATUS JSON 변환 | HTTP STATUS에서 JSON,텍스트 변환 | 개발자 도구 | 코드 변환 | 개발자·텍스트 | http-status-json | HTTP STATUS | JSON | 제이슨 | 데이터,
ipv6-expand,ipv6-expand,platform,text,IPv6 → 전체 표기,developer,ipv6-expand,IPV6,EXPANDED IPV6,published,true,,,,,false,false,0,?tool=ipv6-expand,?category=developer&convert=ipv6-expand,ipv6-expand,IPV6를 EXPANDED IPV6로 | IPV6 EXPANDED IPV6 변환 | IPV6에서 EXPANDED IPV6 | IPv6 | 아이피 | 네트워크,텍스트 변환 | 개발자 도구 | 코드 변환 | 개발자·텍스트 | ipv6-expand | IPV6 | EXPANDED IPV6,
ipv6-compress,ipv6-compress,platform,text,IPv6 → 축약 표기,developer,ipv6-compress,IPV6,COMPRESSED IPV6,published,true,,,,,false,false,0,?tool=ipv6-compress,?category=developer&convert=ipv6-compress,ipv6-compress,IPV6를 COMPRESSED IPV6로 | IPV6 COMPRESSED IPV6 변환 | IPV6에서 COMPRESSED IPV6 | IPv6 | 압축 | 네트워크,텍스트 변환 | 개발자 도구 | 코드 변환 | 개발자·텍스트 | ipv6-compress | IPV6 | COMPRESSED IPV6,
ipv6-report-json,ipv6-report-json,platform,text,IPv6 → 주소 정보 JSON,developer,ipv6-report-json,IPV6,JSON,published,true,,,,,false,false,0,?tool=ipv6-report-json,?category=developer&convert=ipv6-report-json,ipv6-report-json,IPV6를 JSON로 | IPV6 JSON 변환 | IPV6에서 JSON | IPv6 | 주소 분석 | 네트워크,텍스트 변환 | 개발자 도구 | 코드 변환 | 개발자·텍스트 | ipv6-report-json | IPV6 | JSON | 제이슨 | 데이터,
ipv4-mapped-ipv6,ipv4-mapped-ipv6,platform,text,IPv4 → IPv4 매핑 IPv6,developer,ipv4-mapped-ipv6,IPV4,IPV6,published,true,,,,,false,false,0,?tool=ipv4-mapped-ipv6,?category=developer&convert=ipv4-mapped-ipv6,ipv4-mapped-ipv6,IPV4를 IPV6로 | IPV4 IPV6 변환 | IPV4에서 IPV6 | IPv4 | IPv6 | mapped,텍스트 변환 | 개발자 도구 | 코드 변환 | 개발자·텍스트 | ipv4-mapped-ipv6 | IPV4 | IPV6,
ipv6-mapped-ipv4,ipv6-mapped-ipv4,platform,text,IPv4 매핑 IPv6 → IPv4,developer,ipv6-mapped-ipv4,IPV6,IPV4,published,true,,,,,false,false,0,?tool=ipv6-mapped-ipv4,?category=developer&convert=ipv6-mapped-ipv4,ipv6-mapped-ipv4,IPV6를 IPV4로 | IPV6 IPV4 변환 | IPV6에서 IPV4 | IPv6 | IPv4 | mapped,텍스트 변환 | 개발자 도구 | 코드 변환 | 개발자·텍스트 | ipv6-mapped-ipv4 | IPV6 | IPV4,
ipv6-reverse-dns,ipv6-reverse-dns,platform,text,IPv6 → 역방향 DNS 이름,developer,ipv6-reverse-dns,IPV6,IP6.ARPA,published,true,,,,,false,false,0,?tool=ipv6-reverse-dns,?category=developer&convert=ipv6-reverse-dns,ipv6-reverse-dns,IPV6를 IP6.ARPA로 | IPV6 IP6.ARPA 변환 | IPV6에서 IP6.ARPA | IPv6 | DNS | PTR,텍스트 변환 | 개발자 도구 | 코드 변환 | 개발자·텍스트 | ipv6-reverse-dns | IPV6 | IP6.ARPA,
ipv4-integer,ipv4-integer,platform,text,IPv4 → 정수,developer,ipv4-integer,IPV4,UNSIGNED INTEGER,published,true,,,,,false,false,0,?tool=ipv4-integer,?category=developer&convert=ipv4-integer,ipv4-integer,IPV4를 UNSIGNED INTEGER로 | IPV4 UNSIGNED INTEGER 변환 | IPV4에서 UNSIGNED INTEGER | IPv4 | 정수 | decimal,텍스트 변환 | 개발자 도구 | 코드 변환 | 개발자·텍스트 | ipv4-integer | IPV4 | UNSIGNED INTEGER,
integer-ipv4,integer-ipv4,platform,text,정수 → IPv4,developer,integer-ipv4,UNSIGNED INTEGER,IPV4,published,true,,,,,false,false,0,?tool=integer-ipv4,?category=developer&convert=integer-ipv4,integer-ipv4,UNSIGNED INTEGER를 IPV4로 | UNSIGNED INTEGER IPV4 변환 | UNSIGNED INTEGER에서 IPV4 | 정수 | IPv4 | decimal,텍스트 변환 | 개발자 도구 | 코드 변환 | 개발자·텍스트 | integer-ipv4 | UNSIGNED INTEGER | IPV4,
ipv4-reverse-dns,ipv4-reverse-dns,platform,text,IPv4 → 역방향 DNS 이름,developer,ipv4-reverse-dns,IPV4,IN-ADDR.ARPA,published,true,,,,,false,false,0,?tool=ipv4-reverse-dns,?category=developer&convert=ipv4-reverse-dns,ipv4-reverse-dns,IPV4를 IN-ADDR.ARPA로 | IPV4 IN-ADDR.ARPA 변환 | IPV4에서 IN-ADDR.ARPA | IPv4 | DNS | PTR,텍스트 변환 | 개발자 도구 | 코드 변환 | 개발자·텍스트 | ipv4-reverse-dns | IPV4 | IN-ADDR.ARPA,
reverse-dns-ipv4,reverse-dns-ipv4,platform,text,역방향 DNS 이름 → IPv4,developer,reverse-dns-ipv4,IN-ADDR.ARPA,IPV4,published,true,,,,,false,false,0,?tool=reverse-dns-ipv4,?category=developer&convert=reverse-dns-ipv4,reverse-dns-ipv4,IN-ADDR.ARPA를 IPV4로 | IN-ADDR.ARPA IPV4 변환 | IN-ADDR.ARPA에서 IPV4 | DNS | PTR | IPv4,텍스트 변환 | 개발자 도구 | 코드 변환 | 개발자·텍스트 | reverse-dns-ipv4 | IN-ADDR.ARPA | IPV4,
hostname-normalize,hostname-normalize,platform,text,호스트명 정규화,developer,hostname-normalize,HOSTNAME OR URL,ASCII HOSTNAME,published,true,,,,,false,false,0,?tool=hostname-normalize,?category=developer&convert=hostname-normalize,hostname-normalize,HOSTNAME OR URL를 ASCII HOSTNAME로 | HOSTNAME OR URL ASCII HOSTNAME 변환 | HOSTNAME OR URL에서 ASCII HOSTNAME | 도메인 | hostname | punycode,텍스트 변환 | 개발자 도구 | 코드 변환 | 개발자·텍스트 | hostname-normalize | HOSTNAME OR URL | ASCII HOSTNAME,
hostname-labels-json,hostname-labels-json,platform,text,호스트명 → 라벨 정보 JSON,developer,hostname-labels-json,HOSTNAME,JSON,published,true,,,,,false,false,0,?tool=hostname-labels-json,?category=developer&convert=hostname-labels-json,hostname-labels-json,HOSTNAME를 JSON로 | HOSTNAME JSON 변환 | HOSTNAME에서 JSON | 도메인 | hostname | 라벨,텍스트 변환 | 개발자 도구 | 코드 변환 | 개발자·텍스트 | hostname-labels-json | HOSTNAME | JSON | 제이슨 | 데이터,
domain-reverse,domain-reverse,platform,text,도메인 → 역순 도메인,developer,domain-reverse,DOMAIN,REVERSED DOMAIN,published,true,,,,,false,false,0,?tool=domain-reverse,?category=developer&convert=domain-reverse,domain-reverse,DOMAIN를 REVERSED DOMAIN로 | DOMAIN REVERSED DOMAIN 변환 | DOMAIN에서 REVERSED DOMAIN | 도메인 | reverse domain | 패키지,텍스트 변환 | 개발자 도구 | 코드 변환 | 개발자·텍스트 | domain-reverse | DOMAIN | REVERSED DOMAIN,
reversed-domain,reversed-domain,platform,text,역순 도메인 → 도메인,developer,reversed-domain,REVERSED DOMAIN,DOMAIN,published,true,,,,,false,false,0,?tool=reversed-domain,?category=developer&convert=reversed-domain,reversed-domain,REVERSED DOMAIN를 DOMAIN로 | REVERSED DOMAIN DOMAIN 변환 | REVERSED DOMAIN에서 DOMAIN | 도메인 | reverse domain | 패키지,텍스트 변환 | 개발자 도구 | 코드 변환 | 개발자·텍스트 | reversed-domain | REVERSED DOMAIN | DOMAIN,
json-dns-a-record,json-dns-a-record,platform,text,JSON → DNS A 레코드,developer,json-dns-a-record,JSON,DNS A,published,true,,,,,false,false,0,?tool=json-dns-a-record,?category=developer&convert=json-dns-a-record,json-dns-a-record,JSON를 DNS A로 | JSON DNS A 변환 | JSON에서 DNS A | DNS | A record | IPv4,텍스트 변환 | 개발자 도구 | 코드 변환 | 개발자·텍스트 | json-dns-a-record | JSON | 제이슨 | 데이터 | DNS A,
json-dns-aaaa-record,json-dns-aaaa-record,platform,text,JSON → DNS AAAA 레코드,developer,json-dns-aaaa-record,JSON,DNS AAAA,published,true,,,,,false,false,0,?tool=json-dns-aaaa-record,?category=developer&convert=json-dns-aaaa-record,json-dns-aaaa-record,JSON를 DNS AAAA로 | JSON DNS AAAA 변환 | JSON에서 DNS AAAA | DNS | AAAA record | IPv6,텍스트 변환 | 개발자 도구 | 코드 변환 | 개발자·텍스트 | json-dns-aaaa-record | JSON | 제이슨 | 데이터 | DNS AAAA,
json-dns-cname-record,json-dns-cname-record,platform,text,JSON → DNS CNAME 레코드,developer,json-dns-cname-record,JSON,DNS CNAME,published,true,,,,,false,false,0,?tool=json-dns-cname-record,?category=developer&convert=json-dns-cname-record,json-dns-cname-record,JSON를 DNS CNAME로 | JSON DNS CNAME 변환 | JSON에서 DNS CNAME | DNS | CNAME | 도메인,텍스트 변환 | 개발자 도구 | 코드 변환 | 개발자·텍스트 | json-dns-cname-record | JSON | 제이슨 | 데이터 | DNS CNAME,
json-dns-mx-record,json-dns-mx-record,platform,text,JSON → DNS MX 레코드,developer,json-dns-mx-record,JSON,DNS MX,published,true,,,,,false,false,0,?tool=json-dns-mx-record,?category=developer&convert=json-dns-mx-record,json-dns-mx-record,JSON를 DNS MX로 | JSON DNS MX 변환 | JSON에서 DNS MX | DNS | MX | 메일,텍스트 변환 | 개발자 도구 | 코드 변환 | 개발자·텍스트 | json-dns-mx-record | JSON | 제이슨 | 데이터 | DNS MX,
json-dns-txt-record,json-dns-txt-record,platform,text,JSON → DNS TXT 레코드,developer,json-dns-txt-record,JSON,DNS TXT,published,true,,,,,false,false,0,?tool=json-dns-txt-record,?category=developer&convert=json-dns-txt-record,json-dns-txt-record,JSON를 DNS TXT로 | JSON DNS TXT 변환 | JSON에서 DNS TXT | DNS | TXT | SPF,텍스트 변환 | 개발자 도구 | 코드 변환 | 개발자·텍스트 | json-dns-txt-record | JSON | 제이슨 | 데이터 | DNS TXT,
json-dns-srv-record,json-dns-srv-record,platform,text,JSON → DNS SRV 레코드,developer,json-dns-srv-record,JSON,DNS SRV,published,true,,,,,false,false,0,?tool=json-dns-srv-record,?category=developer&convert=json-dns-srv-record,json-dns-srv-record,JSON를 DNS SRV로 | JSON DNS SRV 변환 | JSON에서 DNS SRV | DNS | SRV | 서비스,텍스트 변환 | 개발자 도구 | 코드 변환 | 개발자·텍스트 | json-dns-srv-record | JSON | 제이슨 | 데이터 | DNS SRV,
dns-record-json,dns-record-json,platform,text,DNS 레코드 → JSON,developer,dns-record-json,DNS RECORD,JSON,published,true,,,,,false,false,0,?tool=dns-record-json,?category=developer&convert=dns-record-json,dns-record-json,DNS RECORD를 JSON로 | DNS RECORD JSON 변환 | DNS RECORD에서 JSON | DNS | zone | 레코드,텍스트 변환 | 개발자 도구 | 코드 변환 | 개발자·텍스트 | dns-record-json | DNS RECORD | JSON | 제이슨 | 데이터,
json-dns-record,json-dns-record,platform,text,JSON → DNS 레코드,developer,json-dns-record,JSON,DNS RECORD,published,true,,,,,false,false,0,?tool=json-dns-record,?category=developer&convert=json-dns-record,json-dns-record,JSON를 DNS RECORD로 | JSON DNS RECORD 변환 | JSON에서 DNS RECORD | DNS | zone | 레코드,텍스트 변환 | 개발자 도구 | 코드 변환 | 개발자·텍스트 | json-dns-record | JSON | 제이슨 | 데이터 | DNS RECORD,
forwarded-header-json,forwarded-header-json,platform,text,Forwarded 헤더 → JSON,developer,forwarded-header-json,FORWARDED HEADER,JSON,published,true,,,,,false,false,0,?tool=forwarded-header-json,?category=developer&convert=forwarded-header-json,forwarded-header-json,FORWARDED HEADER를 JSON로 | FORWARDED HEADER JSON 변환 | FORWARDED HEADER에서 JSON | HTTP | Forwarded | 프록시,텍스트 변환 | 개발자 도구 | 코드 변환 | 개발자·텍스트 | forwarded-header-json | FORWARDED HEADER | JSON | 제이슨 | 데이터,
json-forwarded-header,json-forwarded-header,platform,text,JSON → Forwarded 헤더,developer,json-forwarded-header,JSON,FORWARDED HEADER,published,true,,,,,false,false,0,?tool=json-forwarded-header,?category=developer&convert=json-forwarded-header,json-forwarded-header,JSON를 FORWARDED HEADER로 | JSON FORWARDED HEADER 변환 | JSON에서 FORWARDED HEADER | HTTP | Forwarded | 프록시,텍스트 변환 | 개발자 도구 | 코드 변환 | 개발자·텍스트 | json-forwarded-header | JSON | 제이슨 | 데이터 | FORWARDED HEADER,
range-header-json,range-header-json,platform,text,Range 헤더 → JSON,developer,range-header-json,RANGE HEADER,JSON,published,true,,,,,false,false,0,?tool=range-header-json,?category=developer&convert=range-header-json,range-header-json,RANGE HEADER를 JSON로 | RANGE HEADER JSON 변환 | RANGE HEADER에서 JSON | HTTP | Range | 부분 요청,텍스트 변환 | 개발자 도구 | 코드 변환 | 개발자·텍스트 | range-header-json | RANGE HEADER | JSON | 제이슨 | 데이터,
json-range-header,json-range-header,platform,text,JSON → Range 헤더,developer,json-range-header,JSON,RANGE HEADER,published,true,,,,,false,false,0,?tool=json-range-header,?category=developer&convert=json-range-header,json-range-header,JSON를 RANGE HEADER로 | JSON RANGE HEADER 변환 | JSON에서 RANGE HEADER | HTTP | Range | 부분 요청,텍스트 변환 | 개발자 도구 | 코드 변환 | 개발자·텍스트 | json-range-header | JSON | 제이슨 | 데이터 | RANGE HEADER,
content-range-json,content-range-json,platform,text,Content-Range → JSON,developer,content-range-json,CONTENT-RANGE,JSON,published,true,,,,,false,false,0,?tool=content-range-json,?category=developer&convert=content-range-json,content-range-json,CONTENT-RANGE를 JSON로 | CONTENT-RANGE JSON 변환 | CONTENT-RANGE에서 JSON | HTTP | Content-Range | 부분 응답,텍스트 변환 | 개발자 도구 | 코드 변환 | 개발자·텍스트 | content-range-json | CONTENT-RANGE | JSON | 제이슨 | 데이터,
json-content-range,json-content-range,platform,text,JSON → Content-Range,developer,json-content-range,JSON,CONTENT-RANGE,published,true,,,,,false,false,0,?tool=json-content-range,?category=developer&convert=json-content-range,json-content-range,JSON를 CONTENT-RANGE로 | JSON CONTENT-RANGE 변환 | JSON에서 CONTENT-RANGE | HTTP | Content-Range | 부분 응답,텍스트 변환 | 개발자 도구 | 코드 변환 | 개발자·텍스트 | json-content-range | JSON | 제이슨 | 데이터 | CONTENT-RANGE,
vary-header-lines,vary-header-lines,platform,text,Vary 헤더 → 헤더명 목록,developer,vary-header-lines,VARY HEADER,HEADER LINES,published,true,,,,,false,false,0,?tool=vary-header-lines,?category=developer&convert=vary-header-lines,vary-header-lines,VARY HEADER를 HEADER LINES로 | VARY HEADER HEADER LINES 변환 | VARY HEADER에서 HEADER LINES | HTTP | Vary | 캐시,텍스트 변환 | 개발자 도구 | 코드 변환 | 개발자·텍스트 | vary-header-lines | VARY HEADER | HEADER LINES,
lines-vary-header,lines-vary-header,platform,text,헤더명 목록 → Vary 헤더,developer,lines-vary-header,HEADER LINES,VARY HEADER,published,true,,,,,false,false,0,?tool=lines-vary-header,?category=developer&convert=lines-vary-header,lines-vary-header,HEADER LINES를 VARY HEADER로 | HEADER LINES VARY HEADER 변환 | HEADER LINES에서 VARY HEADER | HTTP | Vary | 캐시,텍스트 변환 | 개발자 도구 | 코드 변환 | 개발자·텍스트 | lines-vary-header | HEADER LINES | VARY HEADER,
content-type-header-json,content-type-header-json,platform,text,Content-Type 헤더 → JSON,developer,content-type-header-json,CONTENT-TYPE,JSON,published,true,,,,,false,false,0,?tool=content-type-header-json,?category=developer&convert=content-type-header-json,content-type-header-json,CONTENT-TYPE를 JSON로 | CONTENT-TYPE JSON 변환 | CONTENT-TYPE에서 JSON | HTTP | Content-Type | MIME,텍스트 변환 | 개발자 도구 | 코드 변환 | 개발자·텍스트 | content-type-header-json | CONTENT-TYPE | JSON | 제이슨 | 데이터,
json-content-type-header,json-content-type-header,platform,text,JSON → Content-Type 헤더,developer,json-content-type-header,JSON,CONTENT-TYPE,published,true,,,,,false,false,0,?tool=json-content-type-header,?category=developer&convert=json-content-type-header,json-content-type-header,JSON를 CONTENT-TYPE로 | JSON CONTENT-TYPE 변환 | JSON에서 CONTENT-TYPE | HTTP | Content-Type | MIME,텍스트 변환 | 개발자 도구 | 코드 변환 | 개발자·텍스트 | json-content-type-header | JSON | 제이슨 | 데이터 | CONTENT-TYPE,
content-language-lines,content-language-lines,platform,text,Content-Language → 언어 태그 목록,developer,content-language-lines,CONTENT-LANGUAGE,LANGUAGE TAG LINES,published,true,,,,,false,false,0,?tool=content-language-lines,?category=developer&convert=content-language-lines,content-language-lines,CONTENT-LANGUAGE를 LANGUAGE TAG LINES로 | CONTENT-LANGUAGE LANGUAGE TAG LINES 변환 | CONTENT-LANGUAGE에서 LANGUAGE TAG LINES | HTTP | Content-Language | 언어,텍스트 변환 | 개발자 도구 | 코드 변환 | 개발자·텍스트 | content-language-lines | CONTENT-LANGUAGE | LANGUAGE TAG LINES,
lines-content-language,lines-content-language,platform,text,언어 태그 목록 → Content-Language,developer,lines-content-language,LANGUAGE TAG LINES,CONTENT-LANGUAGE,published,true,,,,,false,false,0,?tool=lines-content-language,?category=developer&convert=lines-content-language,lines-content-language,LANGUAGE TAG LINES를 CONTENT-LANGUAGE로 | LANGUAGE TAG LINES CONTENT-LANGUAGE 변환 | LANGUAGE TAG LINES에서 CONTENT-LANGUAGE | HTTP | Content-Language | 언어,텍스트 변환 | 개발자 도구 | 코드 변환 | 개발자·텍스트 | lines-content-language | LANGUAGE TAG LINES | CONTENT-LANGUAGE,
etag-header-json,etag-header-json,platform,text,ETag 헤더 → JSON,developer,etag-header-json,ETAG,JSON,published,true,,,,,false,false,0,?tool=etag-header-json,?category=developer&convert=etag-header-json,etag-header-json,ETAG를 JSON로 | ETAG JSON 변환 | ETAG에서 JSON | HTTP | ETag | 캐시,텍스트 변환 | 개발자 도구 | 코드 변환 | 개발자·텍스트 | etag-header-json | ETAG | JSON | 제이슨 | 데이터,
json-etag-header,json-etag-header,platform,text,JSON → ETag 헤더,developer,json-etag-header,JSON,ETAG,published,true,,,,,false,false,0,?tool=json-etag-header,?category=developer&convert=json-etag-header,json-etag-header,JSON를 ETAG로 | JSON ETAG 변환 | JSON에서 ETAG | HTTP | ETag | 캐시,텍스트 변환 | 개발자 도구 | 코드 변환 | 개발자·텍스트 | json-etag-header | JSON | 제이슨 | 데이터 | ETAG,
if-none-match-lines,if-none-match-lines,platform,text,If-None-Match → ETag 목록,developer,if-none-match-lines,IF-NONE-MATCH,ETAG LINES,published,true,,,,,false,false,0,?tool=if-none-match-lines,?category=developer&convert=if-none-match-lines,if-none-match-lines,IF-NONE-MATCH를 ETAG LINES로 | IF-NONE-MATCH ETAG LINES 변환 | IF-NONE-MATCH에서 ETAG LINES | HTTP | If-None-Match | 캐시,텍스트 변환 | 개발자 도구 | 코드 변환 | 개발자·텍스트 | if-none-match-lines | IF-NONE-MATCH | ETAG LINES,
lines-if-none-match,lines-if-none-match,platform,text,ETag 목록 → If-None-Match,developer,lines-if-none-match,ETAG LINES,IF-NONE-MATCH,published,true,,,,,false,false,0,?tool=lines-if-none-match,?category=developer&convert=lines-if-none-match,lines-if-none-match,ETAG LINES를 IF-NONE-MATCH로 | ETAG LINES IF-NONE-MATCH 변환 | ETAG LINES에서 IF-NONE-MATCH | HTTP | If-None-Match | 캐시,텍스트 변환 | 개발자 도구 | 코드 변환 | 개발자·텍스트 | lines-if-none-match | ETAG LINES | IF-NONE-MATCH,
if-match-lines,if-match-lines,platform,text,If-Match → ETag 목록,developer,if-match-lines,IF-MATCH,ETAG LINES,published,true,,,,,false,false,0,?tool=if-match-lines,?category=developer&convert=if-match-lines,if-match-lines,IF-MATCH를 ETAG LINES로 | IF-MATCH ETAG LINES 변환 | IF-MATCH에서 ETAG LINES | HTTP | If-Match | 조건부 요청,텍스트 변환 | 개발자 도구 | 코드 변환 | 개발자·텍스트 | if-match-lines | IF-MATCH | ETAG LINES,
lines-if-match,lines-if-match,platform,text,ETag 목록 → If-Match,developer,lines-if-match,ETAG LINES,IF-MATCH,published,true,,,,,false,false,0,?tool=lines-if-match,?category=developer&convert=lines-if-match,lines-if-match,ETAG LINES를 IF-MATCH로 | ETAG LINES IF-MATCH 변환 | ETAG LINES에서 IF-MATCH | HTTP | If-Match | 조건부 요청,텍스트 변환 | 개발자 도구 | 코드 변환 | 개발자·텍스트 | lines-if-match | ETAG LINES | IF-MATCH,
retry-after-json,retry-after-json,platform,text,Retry-After 헤더 → JSON,developer,retry-after-json,RETRY-AFTER,JSON,published,true,,,,,false,false,0,?tool=retry-after-json,?category=developer&convert=retry-after-json,retry-after-json,RETRY-AFTER를 JSON로 | RETRY-AFTER JSON 변환 | RETRY-AFTER에서 JSON | HTTP | Retry-After | 재시도,텍스트 변환 | 개발자 도구 | 코드 변환 | 개발자·텍스트 | retry-after-json | RETRY-AFTER | JSON | 제이슨 | 데이터,
json-retry-after,json-retry-after,platform,text,JSON → Retry-After 헤더,developer,json-retry-after,JSON,RETRY-AFTER,published,true,,,,,false,false,0,?tool=json-retry-after,?category=developer&convert=json-retry-after,json-retry-after,JSON를 RETRY-AFTER로 | JSON RETRY-AFTER 변환 | JSON에서 RETRY-AFTER | HTTP | Retry-After | 재시도,텍스트 변환 | 개발자 도구 | 코드 변환 | 개발자·텍스트 | json-retry-after | JSON | 제이슨 | 데이터 | RETRY-AFTER,
allow-header-lines,allow-header-lines,platform,text,Allow 헤더 → 메서드 목록,developer,allow-header-lines,ALLOW HEADER,METHOD LINES,published,true,,,,,false,false,0,?tool=allow-header-lines,?category=developer&convert=allow-header-lines,allow-header-lines,ALLOW HEADER를 METHOD LINES로 | ALLOW HEADER METHOD LINES 변환 | ALLOW HEADER에서 METHOD LINES | HTTP | Allow | 메서드,텍스트 변환 | 개발자 도구 | 코드 변환 | 개발자·텍스트 | allow-header-lines | ALLOW HEADER | METHOD LINES,
lines-allow-header,lines-allow-header,platform,text,메서드 목록 → Allow 헤더,developer,lines-allow-header,METHOD LINES,ALLOW HEADER,published,true,,,,,false,false,0,?tool=lines-allow-header,?category=developer&convert=lines-allow-header,lines-allow-header,METHOD LINES를 ALLOW HEADER로 | METHOD LINES ALLOW HEADER 변환 | METHOD LINES에서 ALLOW HEADER | HTTP | Allow | 메서드,텍스트 변환 | 개발자 도구 | 코드 변환 | 개발자·텍스트 | lines-allow-header | METHOD LINES | ALLOW HEADER,
access-control-request-headers-lines,access-control-request-headers-lines,platform,text,CORS 요청 헤더명 → 목록,developer,access-control-request-headers-lines,ACCESS-CONTROL-REQUEST-HEADERS,HEADER LINES,published,true,,,,,false,false,0,?tool=access-control-request-headers-lines,?category=developer&convert=access-control-request-headers-lines,access-control-request-headers-lines,ACCESS-CONTROL-REQUEST-HEADERS를 HEADER LINES로 | ACCESS-CONTROL-REQUEST-HEADERS HEADER LINES 변환 | ACCESS-CONTROL-REQUEST-HEADERS에서 HEADER LINES | CORS | preflight | HTTP,텍스트 변환 | 개발자 도구 | 코드 변환 | 개발자·텍스트 | access-control-request-headers-lines | ACCESS-CONTROL-REQUEST-HEADERS | HEADER LINES,
lines-access-control-request-headers,lines-access-control-request-headers,platform,text,헤더명 목록 → CORS 요청 헤더,developer,lines-access-control-request-headers,HEADER LINES,ACCESS-CONTROL-REQUEST-HEADERS,published,true,,,,,false,false,0,?tool=lines-access-control-request-headers,?category=developer&convert=lines-access-control-request-headers,lines-access-control-request-headers,HEADER LINES를 ACCESS-CONTROL-REQUEST-HEADERS로 | HEADER LINES ACCESS-CONTROL-REQUEST-HEADERS 변환 | HEADER LINES에서 ACCESS-CONTROL-REQUEST-HEADERS | CORS | preflight | HTTP,텍스트 변환 | 개발자 도구 | 코드 변환 | 개발자·텍스트 | lines-access-control-request-headers | HEADER LINES | ACCESS-CONTROL-REQUEST-HEADERS,
access-control-expose-headers-lines,access-control-expose-headers-lines,platform,text,CORS 노출 헤더명 → 목록,developer,access-control-expose-headers-lines,ACCESS-CONTROL-EXPOSE-HEADERS,HEADER LINES,published,true,,,,,false,false,0,?tool=access-control-expose-headers-lines,?category=developer&convert=access-control-expose-headers-lines,access-control-expose-headers-lines,ACCESS-CONTROL-EXPOSE-HEADERS를 HEADER LINES로 | ACCESS-CONTROL-EXPOSE-HEADERS HEADER LINES 변환 | ACCESS-CONTROL-EXPOSE-HEADERS에서 HEADER LINES | CORS | Expose-Headers | HTTP,텍스트 변환 | 개발자 도구 | 코드 변환 | 개발자·텍스트 | access-control-expose-headers-lines | ACCESS-CONTROL-EXPOSE-HEADERS | HEADER LINES,
lines-access-control-expose-headers,lines-access-control-expose-headers,platform,text,헤더명 목록 → CORS 노출 헤더,developer,lines-access-control-expose-headers,HEADER LINES,ACCESS-CONTROL-EXPOSE-HEADERS,published,true,,,,,false,false,0,?tool=lines-access-control-expose-headers,?category=developer&convert=lines-access-control-expose-headers,lines-access-control-expose-headers,HEADER LINES를 ACCESS-CONTROL-EXPOSE-HEADERS로 | HEADER LINES ACCESS-CONTROL-EXPOSE-HEADERS 변환 | HEADER LINES에서 ACCESS-CONTROL-EXPOSE-HEADERS | CORS | Expose-Headers | HTTP,텍스트 변환 | 개발자 도구 | 코드 변환 | 개발자·텍스트 | lines-access-control-expose-headers | HEADER LINES | ACCESS-CONTROL-EXPOSE-HEADERS,
access-control-allow-origin-json,access-control-allow-origin-json,platform,text,CORS 허용 오리진 → JSON,developer,access-control-allow-origin-json,ACCESS-CONTROL-ALLOW-ORIGIN,JSON,published,true,,,,,false,false,0,?tool=access-control-allow-origin-json,?category=developer&convert=access-control-allow-origin-json,access-control-allow-origin-json,ACCESS-CONTROL-ALLOW-ORIGIN를 JSON로 | ACCESS-CONTROL-ALLOW-ORIGIN JSON 변환 | ACCESS-CONTROL-ALLOW-ORIGIN에서 JSON | CORS | Allow-Origin | HTTP,텍스트 변환 | 개발자 도구 | 코드 변환 | 개발자·텍스트 | access-control-allow-origin-json | ACCESS-CONTROL-ALLOW-ORIGIN | JSON | 제이슨 | 데이터,
json-access-control-allow-origin,json-access-control-allow-origin,platform,text,JSON → CORS 허용 오리진,developer,json-access-control-allow-origin,JSON,ACCESS-CONTROL-ALLOW-ORIGIN,published,true,,,,,false,false,0,?tool=json-access-control-allow-origin,?category=developer&convert=json-access-control-allow-origin,json-access-control-allow-origin,JSON를 ACCESS-CONTROL-ALLOW-ORIGIN로 | JSON ACCESS-CONTROL-ALLOW-ORIGIN 변환 | JSON에서 ACCESS-CONTROL-ALLOW-ORIGIN | CORS | Allow-Origin | HTTP,텍스트 변환 | 개발자 도구 | 코드 변환 | 개발자·텍스트 | json-access-control-allow-origin | JSON | 제이슨 | 데이터 | ACCESS-CONTROL-ALLOW-ORIGIN,
csp-header-json,csp-header-json,platform,text,CSP 헤더 → 지시어 JSON,developer,csp-header-json,CONTENT-SECURITY-POLICY,JSON,published,true,,,,,false,false,0,?tool=csp-header-json,?category=developer&convert=csp-header-json,csp-header-json,CONTENT-SECURITY-POLICY를 JSON로 | CONTENT-SECURITY-POLICY JSON 변환 | CONTENT-SECURITY-POLICY에서 JSON | CSP | 보안 헤더 | HTTP,텍스트 변환 | 개발자 도구 | 코드 변환 | 개발자·텍스트 | csp-header-json | CONTENT-SECURITY-POLICY | JSON | 제이슨 | 데이터,
json-csp-header,json-csp-header,platform,text,JSON → CSP 헤더,developer,json-csp-header,JSON,CONTENT-SECURITY-POLICY,published,true,,,,,false,false,0,?tool=json-csp-header,?category=developer&convert=json-csp-header,json-csp-header,JSON를 CONTENT-SECURITY-POLICY로 | JSON CONTENT-SECURITY-POLICY 변환 | JSON에서 CONTENT-SECURITY-POLICY | CSP | 보안 헤더 | HTTP,텍스트 변환 | 개발자 도구 | 코드 변환 | 개발자·텍스트 | json-csp-header | JSON | 제이슨 | 데이터 | CONTENT-SECURITY-POLICY,
permissions-policy-json,permissions-policy-json,platform,text,Permissions-Policy → JSON,developer,permissions-policy-json,PERMISSIONS-POLICY,JSON,published,true,,,,,false,false,0,?tool=permissions-policy-json,?category=developer&convert=permissions-policy-json,permissions-policy-json,PERMISSIONS-POLICY를 JSON로 | PERMISSIONS-POLICY JSON 변환 | PERMISSIONS-POLICY에서 JSON | Permissions-Policy | 보안 | HTTP,텍스트 변환 | 개발자 도구 | 코드 변환 | 개발자·텍스트 | permissions-policy-json | PERMISSIONS-POLICY | JSON | 제이슨 | 데이터,
json-permissions-policy,json-permissions-policy,platform,text,JSON → Permissions-Policy,developer,json-permissions-policy,JSON,PERMISSIONS-POLICY,published,true,,,,,false,false,0,?tool=json-permissions-policy,?category=developer&convert=json-permissions-policy,json-permissions-policy,JSON를 PERMISSIONS-POLICY로 | JSON PERMISSIONS-POLICY 변환 | JSON에서 PERMISSIONS-POLICY | Permissions-Policy | 보안 | HTTP,텍스트 변환 | 개발자 도구 | 코드 변환 | 개발자·텍스트 | json-permissions-policy | JSON | 제이슨 | 데이터 | PERMISSIONS-POLICY,
hsts-header-json,hsts-header-json,platform,text,HSTS 헤더 → JSON,developer,hsts-header-json,STRICT-TRANSPORT-SECURITY,JSON,published,true,,,,,false,false,0,?tool=hsts-header-json,?category=developer&convert=hsts-header-json,hsts-header-json,STRICT-TRANSPORT-SECURITY를 JSON로 | STRICT-TRANSPORT-SECURITY JSON 변환 | STRICT-TRANSPORT-SECURITY에서 JSON | HSTS | HTTPS | 보안,텍스트 변환 | 개발자 도구 | 코드 변환 | 개발자·텍스트 | hsts-header-json | STRICT-TRANSPORT-SECURITY | JSON | 제이슨 | 데이터,
json-hsts-header,json-hsts-header,platform,text,JSON → HSTS 헤더,developer,json-hsts-header,JSON,STRICT-TRANSPORT-SECURITY,published,true,,,,,false,false,0,?tool=json-hsts-header,?category=developer&convert=json-hsts-header,json-hsts-header,JSON를 STRICT-TRANSPORT-SECURITY로 | JSON STRICT-TRANSPORT-SECURITY 변환 | JSON에서 STRICT-TRANSPORT-SECURITY | HSTS | HTTPS | 보안,텍스트 변환 | 개발자 도구 | 코드 변환 | 개발자·텍스트 | json-hsts-header | JSON | 제이슨 | 데이터 | STRICT-TRANSPORT-SECURITY,
referrer-policy-lines,referrer-policy-lines,platform,text,Referrer-Policy → 정책 목록,developer,referrer-policy-lines,REFERRER-POLICY,POLICY LINES,published,true,,,,,false,false,0,?tool=referrer-policy-lines,?category=developer&convert=referrer-policy-lines,referrer-policy-lines,REFERRER-POLICY를 POLICY LINES로 | REFERRER-POLICY POLICY LINES 변환 | REFERRER-POLICY에서 POLICY LINES | Referrer-Policy | 개인정보 | HTTP,텍스트 변환 | 개발자 도구 | 코드 변환 | 개발자·텍스트 | referrer-policy-lines | REFERRER-POLICY | POLICY LINES,
lines-referrer-policy,lines-referrer-policy,platform,text,정책 목록 → Referrer-Policy,developer,lines-referrer-policy,POLICY LINES,REFERRER-POLICY,published,true,,,,,false,false,0,?tool=lines-referrer-policy,?category=developer&convert=lines-referrer-policy,lines-referrer-policy,POLICY LINES를 REFERRER-POLICY로 | POLICY LINES REFERRER-POLICY 변환 | POLICY LINES에서 REFERRER-POLICY | Referrer-Policy | 개인정보 | HTTP,텍스트 변환 | 개발자 도구 | 코드 변환 | 개발자·텍스트 | lines-referrer-policy | POLICY LINES | REFERRER-POLICY,
x-forwarded-for-lines,x-forwarded-for-lines,platform,text,X-Forwarded-For → IP 목록,developer,x-forwarded-for-lines,X-FORWARDED-FOR,IP LINES,published,true,,,,,false,false,0,?tool=x-forwarded-for-lines,?category=developer&convert=x-forwarded-for-lines,x-forwarded-for-lines,X-FORWARDED-FOR를 IP LINES로 | X-FORWARDED-FOR IP LINES 변환 | X-FORWARDED-FOR에서 IP LINES | X-Forwarded-For | 프록시 | IP,텍스트 변환 | 개발자 도구 | 코드 변환 | 개발자·텍스트 | x-forwarded-for-lines | X-FORWARDED-FOR | IP LINES,
lines-x-forwarded-for,lines-x-forwarded-for,platform,text,IP 목록 → X-Forwarded-For,developer,lines-x-forwarded-for,IP LINES,X-FORWARDED-FOR,published,true,,,,,false,false,0,?tool=lines-x-forwarded-for,?category=developer&convert=lines-x-forwarded-for,lines-x-forwarded-for,IP LINES를 X-FORWARDED-FOR로 | IP LINES X-FORWARDED-FOR 변환 | IP LINES에서 X-FORWARDED-FOR | X-Forwarded-For | 프록시 | IP,텍스트 변환 | 개발자 도구 | 코드 변환 | 개발자·텍스트 | lines-x-forwarded-for | IP LINES | X-FORWARDED-FOR,
cache-control-header-json,cache-control-header-json,platform,text,Cache-Control 헤더 → JSON,developer,cache-control-header-json,CACHE-CONTROL,JSON,published,true,,,,,false,false,0,?tool=cache-control-header-json,?category=developer&convert=cache-control-header-json,cache-control-header-json,CACHE-CONTROL를 JSON로 | CACHE-CONTROL JSON 변환 | CACHE-CONTROL에서 JSON | HTTP | Cache-Control | 캐시,텍스트 변환 | 개발자 도구 | 코드 변환 | 개발자·텍스트 | cache-control-header-json | CACHE-CONTROL | JSON | 제이슨 | 데이터,
json-cache-control-header,json-cache-control-header,platform,text,JSON → Cache-Control 헤더,developer,json-cache-control-header,JSON,CACHE-CONTROL,published,true,,,,,false,false,0,?tool=json-cache-control-header,?category=developer&convert=json-cache-control-header,json-cache-control-header,JSON를 CACHE-CONTROL로 | JSON CACHE-CONTROL 변환 | JSON에서 CACHE-CONTROL | HTTP | Cache-Control | 캐시,텍스트 변환 | 개발자 도구 | 코드 변환 | 개발자·텍스트 | json-cache-control-header | JSON | 제이슨 | 데이터 | CACHE-CONTROL,
accept-header-json,accept-header-json,platform,text,Accept 헤더 → JSON,developer,accept-header-json,ACCEPT,JSON,published,true,,,,,false,false,0,?tool=accept-header-json,?category=developer&convert=accept-header-json,accept-header-json,ACCEPT를 JSON로 | ACCEPT JSON 변환 | ACCEPT에서 JSON | HTTP | Accept | 콘텐츠 협상,텍스트 변환 | 개발자 도구 | 코드 변환 | 개발자·텍스트 | accept-header-json | ACCEPT | JSON | 제이슨 | 데이터,
json-accept-header,json-accept-header,platform,text,JSON → Accept 헤더,developer,json-accept-header,JSON,ACCEPT,published,true,,,,,false,false,0,?tool=json-accept-header,?category=developer&convert=json-accept-header,json-accept-header,JSON를 ACCEPT로 | JSON ACCEPT 변환 | JSON에서 ACCEPT | HTTP | Accept | 콘텐츠 협상,텍스트 변환 | 개발자 도구 | 코드 변환 | 개발자·텍스트 | json-accept-header | JSON | 제이슨 | 데이터 | ACCEPT,
accept-language-header-json,accept-language-header-json,platform,text,Accept-Language → JSON,developer,accept-language-header-json,ACCEPT-LANGUAGE,JSON,published,false,accept-language-json,,,,false,false,0,?tool=accept-language-header-json,?category=developer&convert=accept-language-header-json,accept-language-header-json,ACCEPT-LANGUAGE를 JSON로 | ACCEPT-LANGUAGE JSON 변환 | ACCEPT-LANGUAGE에서 JSON | HTTP | Accept-Language | 언어,텍스트 변환 | 개발자 도구 | 코드 변환 | 개발자·텍스트 | accept-language-header-json | ACCEPT-LANGUAGE | JSON | 제이슨 | 데이터,
json-accept-language-header,json-accept-language-header,platform,text,JSON → Accept-Language,developer,json-accept-language-header,JSON,ACCEPT-LANGUAGE,published,false,json-accept-language,,,,false,false,0,?tool=json-accept-language-header,?category=developer&convert=json-accept-language-header,json-accept-language-header,JSON를 ACCEPT-LANGUAGE로 | JSON ACCEPT-LANGUAGE 변환 | JSON에서 ACCEPT-LANGUAGE | HTTP | Accept-Language | 언어,텍스트 변환 | 개발자 도구 | 코드 변환 | 개발자·텍스트 | json-accept-language-header | JSON | 제이슨 | 데이터 | ACCEPT-LANGUAGE,
accept-encoding-lines,accept-encoding-lines,platform,text,Accept-Encoding → 인코딩 목록,developer,accept-encoding-lines,ACCEPT-ENCODING,ENCODING LINES,published,true,,,,,false,false,0,?tool=accept-encoding-lines,?category=developer&convert=accept-encoding-lines,accept-encoding-lines,ACCEPT-ENCODING를 ENCODING LINES로 | ACCEPT-ENCODING ENCODING LINES 변환 | ACCEPT-ENCODING에서 ENCODING LINES | HTTP | Accept-Encoding | 압축,텍스트 변환 | 개발자 도구 | 코드 변환 | 개발자·텍스트 | accept-encoding-lines | ACCEPT-ENCODING | ENCODING LINES,
lines-accept-encoding-header,lines-accept-encoding-header,platform,text,인코딩 목록 → Accept-Encoding,developer,lines-accept-encoding-header,ENCODING LINES,ACCEPT-ENCODING,published,true,,,,,false,false,0,?tool=lines-accept-encoding-header,?category=developer&convert=lines-accept-encoding-header,lines-accept-encoding-header,ENCODING LINES를 ACCEPT-ENCODING로 | ENCODING LINES ACCEPT-ENCODING 변환 | ENCODING LINES에서 ACCEPT-ENCODING | HTTP | Accept-Encoding | 압축,텍스트 변환 | 개발자 도구 | 코드 변환 | 개발자·텍스트 | lines-accept-encoding-header | ENCODING LINES | ACCEPT-ENCODING,
cookie-header-json,cookie-header-json,platform,text,Cookie 헤더 → JSON,developer,cookie-header-json,COOKIE,JSON,published,true,,,,,false,false,0,?tool=cookie-header-json,?category=developer&convert=cookie-header-json,cookie-header-json,COOKIE를 JSON로 | COOKIE JSON 변환 | COOKIE에서 JSON | HTTP | Cookie | 웹,텍스트 변환 | 개발자 도구 | 코드 변환 | 개발자·텍스트 | cookie-header-json | COOKIE | JSON | 제이슨 | 데이터,
json-cookie-header,json-cookie-header,platform,text,JSON → Cookie 헤더,developer,json-cookie-header,JSON,COOKIE,published,true,,,,,false,false,0,?tool=json-cookie-header,?category=developer&convert=json-cookie-header,json-cookie-header,JSON를 COOKIE로 | JSON COOKIE 변환 | JSON에서 COOKIE | HTTP | Cookie | 웹,텍스트 변환 | 개발자 도구 | 코드 변환 | 개발자·텍스트 | json-cookie-header | JSON | 제이슨 | 데이터 | COOKIE,
set-cookie-header-json,set-cookie-header-json,platform,text,Set-Cookie 헤더 → JSON,developer,set-cookie-header-json,SET-COOKIE,JSON,published,true,,,,,false,false,0,?tool=set-cookie-header-json,?category=developer&convert=set-cookie-header-json,set-cookie-header-json,SET-COOKIE를 JSON로 | SET-COOKIE JSON 변환 | SET-COOKIE에서 JSON | HTTP | Set-Cookie | 보안,텍스트 변환 | 개발자 도구 | 코드 변환 | 개발자·텍스트 | set-cookie-header-json | SET-COOKIE | JSON | 제이슨 | 데이터,
json-set-cookie-header,json-set-cookie-header,platform,text,JSON → Set-Cookie 헤더,developer,json-set-cookie-header,JSON,SET-COOKIE,published,true,,,,,false,false,0,?tool=json-set-cookie-header,?category=developer&convert=json-set-cookie-header,json-set-cookie-header,JSON를 SET-COOKIE로 | JSON SET-COOKIE 변환 | JSON에서 SET-COOKIE | HTTP | Set-Cookie | 보안,텍스트 변환 | 개발자 도구 | 코드 변환 | 개발자·텍스트 | json-set-cookie-header | JSON | 제이슨 | 데이터 | SET-COOKIE,
authorization-basic-json,authorization-basic-json,platform,text,Basic 인증 헤더 → JSON,developer,authorization-basic-json,AUTHORIZATION BASIC,JSON,published,true,,,,,false,false,0,?tool=authorization-basic-json,?category=developer&convert=authorization-basic-json,authorization-basic-json,AUTHORIZATION BASIC를 JSON로 | AUTHORIZATION BASIC JSON 변환 | AUTHORIZATION BASIC에서 JSON | HTTP | Authorization | Basic,텍스트 변환 | 개발자 도구 | 코드 변환 | 개발자·텍스트 | authorization-basic-json | AUTHORIZATION BASIC | JSON | 제이슨 | 데이터,
json-authorization-basic,json-authorization-basic,platform,text,JSON → Basic 인증 헤더,developer,json-authorization-basic,JSON,AUTHORIZATION BASIC,published,true,,,,,false,false,0,?tool=json-authorization-basic,?category=developer&convert=json-authorization-basic,json-authorization-basic,JSON를 AUTHORIZATION BASIC로 | JSON AUTHORIZATION BASIC 변환 | JSON에서 AUTHORIZATION BASIC | HTTP | Authorization | Basic,텍스트 변환 | 개발자 도구 | 코드 변환 | 개발자·텍스트 | json-authorization-basic | JSON | 제이슨 | 데이터 | AUTHORIZATION BASIC,
authorization-bearer-token,authorization-bearer-token,platform,text,Bearer 인증 헤더 → 토큰,developer,authorization-bearer-token,AUTHORIZATION BEARER,TOKEN,published,true,,,,,false,false,0,?tool=authorization-bearer-token,?category=developer&convert=authorization-bearer-token,authorization-bearer-token,AUTHORIZATION BEARER를 TOKEN로 | AUTHORIZATION BEARER TOKEN 변환 | AUTHORIZATION BEARER에서 TOKEN | HTTP | Authorization | Bearer,텍스트 변환 | 개발자 도구 | 코드 변환 | 개발자·텍스트 | authorization-bearer-token | AUTHORIZATION BEARER | TOKEN,
token-authorization-bearer,token-authorization-bearer,platform,text,토큰 → Bearer 인증 헤더,developer,token-authorization-bearer,TOKEN,AUTHORIZATION BEARER,published,false,bearer-token-header,,,,false,false,0,?tool=token-authorization-bearer,?category=developer&convert=token-authorization-bearer,token-authorization-bearer,TOKEN를 AUTHORIZATION BEARER로 | TOKEN AUTHORIZATION BEARER 변환 | TOKEN에서 AUTHORIZATION BEARER | HTTP | Authorization | Bearer,텍스트 변환 | 개발자 도구 | 코드 변환 | 개발자·텍스트 | token-authorization-bearer | TOKEN | AUTHORIZATION BEARER,
www-authenticate-header-json,www-authenticate-header-json,platform,text,WWW-Authenticate → JSON,developer,www-authenticate-header-json,WWW-AUTHENTICATE,JSON,published,true,,,,,false,false,0,?tool=www-authenticate-header-json,?category=developer&convert=www-authenticate-header-json,www-authenticate-header-json,WWW-AUTHENTICATE를 JSON로 | WWW-AUTHENTICATE JSON 변환 | WWW-AUTHENTICATE에서 JSON | HTTP | WWW-Authenticate | 인증,텍스트 변환 | 개발자 도구 | 코드 변환 | 개발자·텍스트 | www-authenticate-header-json | WWW-AUTHENTICATE | JSON | 제이슨 | 데이터,
json-www-authenticate-header,json-www-authenticate-header,platform,text,JSON → WWW-Authenticate,developer,json-www-authenticate-header,JSON,WWW-AUTHENTICATE,published,true,,,,,false,false,0,?tool=json-www-authenticate-header,?category=developer&convert=json-www-authenticate-header,json-www-authenticate-header,JSON를 WWW-AUTHENTICATE로 | JSON WWW-AUTHENTICATE 변환 | JSON에서 WWW-AUTHENTICATE | HTTP | WWW-Authenticate | 인증,텍스트 변환 | 개발자 도구 | 코드 변환 | 개발자·텍스트 | json-www-authenticate-header | JSON | 제이슨 | 데이터 | WWW-AUTHENTICATE,
content-disposition-header-json,content-disposition-header-json,platform,text,Content-Disposition → JSON,developer,content-disposition-header-json,CONTENT-DISPOSITION,JSON,published,false,content-disposition-json,,,,false,false,0,?tool=content-disposition-header-json,?category=developer&convert=content-disposition-header-json,content-disposition-header-json,CONTENT-DISPOSITION를 JSON로 | CONTENT-DISPOSITION JSON 변환 | CONTENT-DISPOSITION에서 JSON | HTTP | Content-Disposition | 다운로드,텍스트 변환 | 개발자 도구 | 코드 변환 | 개발자·텍스트 | content-disposition-header-json | CONTENT-DISPOSITION | JSON | 제이슨 | 데이터,
json-content-disposition-header,json-content-disposition-header,platform,text,JSON → Content-Disposition,developer,json-content-disposition-header,JSON,CONTENT-DISPOSITION,published,false,json-content-disposition,,,,false,false,0,?tool=json-content-disposition-header,?category=developer&convert=json-content-disposition-header,json-content-disposition-header,JSON를 CONTENT-DISPOSITION로 | JSON CONTENT-DISPOSITION 변환 | JSON에서 CONTENT-DISPOSITION | HTTP | Content-Disposition | 다운로드,텍스트 변환 | 개발자 도구 | 코드 변환 | 개발자·텍스트 | json-content-disposition-header | JSON | 제이슨 | 데이터 | CONTENT-DISPOSITION,
server-timing-header-json,server-timing-header-json,platform,text,Server-Timing 헤더 → JSON,developer,server-timing-header-json,SERVER-TIMING,JSON,published,true,,,,,false,false,0,?tool=server-timing-header-json,?category=developer&convert=server-timing-header-json,server-timing-header-json,SERVER-TIMING를 JSON로 | SERVER-TIMING JSON 변환 | SERVER-TIMING에서 JSON | HTTP | Server-Timing | 성능,텍스트 변환 | 개발자 도구 | 코드 변환 | 개발자·텍스트 | server-timing-header-json | SERVER-TIMING | JSON | 제이슨 | 데이터,
json-server-timing-header,json-server-timing-header,platform,text,JSON → Server-Timing 헤더,developer,json-server-timing-header,JSON,SERVER-TIMING,published,true,,,,,false,false,0,?tool=json-server-timing-header,?category=developer&convert=json-server-timing-header,json-server-timing-header,JSON를 SERVER-TIMING로 | JSON SERVER-TIMING 변환 | JSON에서 SERVER-TIMING | HTTP | Server-Timing | 성능,텍스트 변환 | 개발자 도구 | 코드 변환 | 개발자·텍스트 | json-server-timing-header | JSON | 제이슨 | 데이터 | SERVER-TIMING,
origin-header-json,origin-header-json,platform,text,Origin 헤더 → JSON,developer,origin-header-json,ORIGIN,JSON,published,true,,,,,false,false,0,?tool=origin-header-json,?category=developer&convert=origin-header-json,origin-header-json,ORIGIN를 JSON로 | ORIGIN JSON 변환 | ORIGIN에서 JSON | HTTP | Origin | CORS,텍스트 변환 | 개발자 도구 | 코드 변환 | 개발자·텍스트 | origin-header-json | ORIGIN | JSON | 제이슨 | 데이터,
json-origin-header,json-origin-header,platform,text,JSON → Origin 헤더,developer,json-origin-header,JSON,ORIGIN,published,true,,,,,false,false,0,?tool=json-origin-header,?category=developer&convert=json-origin-header,json-origin-header,JSON를 ORIGIN로 | JSON ORIGIN 변환 | JSON에서 ORIGIN | HTTP | Origin | CORS,텍스트 변환 | 개발자 도구 | 코드 변환 | 개발자·텍스트 | json-origin-header | JSON | 제이슨 | 데이터 | ORIGIN,
access-control-allow-methods-lines,access-control-allow-methods-lines,platform,text,CORS 허용 메서드 → 목록,developer,access-control-allow-methods-lines,ACCESS-CONTROL-ALLOW-METHODS,METHOD LINES,published,true,,,,,false,false,0,?tool=access-control-allow-methods-lines,?category=developer&convert=access-control-allow-methods-lines,access-control-allow-methods-lines,ACCESS-CONTROL-ALLOW-METHODS를 METHOD LINES로 | ACCESS-CONTROL-ALLOW-METHODS METHOD LINES 변환 | ACCESS-CONTROL-ALLOW-METHODS에서 METHOD LINES | CORS | Allow-Methods | HTTP,텍스트 변환 | 개발자 도구 | 코드 변환 | 개발자·텍스트 | access-control-allow-methods-lines | ACCESS-CONTROL-ALLOW-METHODS | METHOD LINES,
lines-access-control-allow-methods,lines-access-control-allow-methods,platform,text,메서드 목록 → CORS 허용 메서드,developer,lines-access-control-allow-methods,METHOD LINES,ACCESS-CONTROL-ALLOW-METHODS,published,true,,,,,false,false,0,?tool=lines-access-control-allow-methods,?category=developer&convert=lines-access-control-allow-methods,lines-access-control-allow-methods,METHOD LINES를 ACCESS-CONTROL-ALLOW-METHODS로 | METHOD LINES ACCESS-CONTROL-ALLOW-METHODS 변환 | METHOD LINES에서 ACCESS-CONTROL-ALLOW-METHODS | CORS | Allow-Methods | HTTP,텍스트 변환 | 개발자 도구 | 코드 변환 | 개발자·텍스트 | lines-access-control-allow-methods | METHOD LINES | ACCESS-CONTROL-ALLOW-METHODS,
access-control-max-age-json,access-control-max-age-json,platform,text,CORS Max-Age → JSON,developer,access-control-max-age-json,ACCESS-CONTROL-MAX-AGE,JSON,published,true,,,,,false,false,0,?tool=access-control-max-age-json,?category=developer&convert=access-control-max-age-json,access-control-max-age-json,ACCESS-CONTROL-MAX-AGE를 JSON로 | ACCESS-CONTROL-MAX-AGE JSON 변환 | ACCESS-CONTROL-MAX-AGE에서 JSON | CORS | Max-Age | HTTP,텍스트 변환 | 개발자 도구 | 코드 변환 | 개발자·텍스트 | access-control-max-age-json | ACCESS-CONTROL-MAX-AGE | JSON | 제이슨 | 데이터,
json-access-control-max-age,json-access-control-max-age,platform,text,JSON → CORS Max-Age,developer,json-access-control-max-age,JSON,ACCESS-CONTROL-MAX-AGE,published,true,,,,,false,false,0,?tool=json-access-control-max-age,?category=developer&convert=json-access-control-max-age,json-access-control-max-age,JSON를 ACCESS-CONTROL-MAX-AGE로 | JSON ACCESS-CONTROL-MAX-AGE 변환 | JSON에서 ACCESS-CONTROL-MAX-AGE | CORS | Max-Age | HTTP,텍스트 변환 | 개발자 도구 | 코드 변환 | 개발자·텍스트 | json-access-control-max-age | JSON | 제이슨 | 데이터 | ACCESS-CONTROL-MAX-AGE,
digest-header-json,digest-header-json,platform,text,Digest 헤더 → JSON,developer,digest-header-json,DIGEST HEADER,JSON,published,true,,,,,false,false,0,?tool=digest-header-json,?category=developer&convert=digest-header-json,digest-header-json,DIGEST HEADER를 JSON로 | DIGEST HEADER JSON 변환 | DIGEST HEADER에서 JSON | HTTP | Digest | 무결성,텍스트 변환 | 개발자 도구 | 코드 변환 | 개발자·텍스트 | digest-header-json | DIGEST HEADER | JSON | 제이슨 | 데이터,
json-digest-header,json-digest-header,platform,text,JSON → Digest 헤더,developer,json-digest-header,JSON,DIGEST HEADER,published,true,,,,,false,false,0,?tool=json-digest-header,?category=developer&convert=json-digest-header,json-digest-header,JSON를 DIGEST HEADER로 | JSON DIGEST HEADER 변환 | JSON에서 DIGEST HEADER | HTTP | Digest | 무결성,텍스트 변환 | 개발자 도구 | 코드 변환 | 개발자·텍스트 | json-digest-header | JSON | 제이슨 | 데이터 | DIGEST HEADER,
host-header-json,host-header-json,platform,text,Host 헤더 → JSON,developer,host-header-json,HOST,JSON,published,true,,,,,false,false,0,?tool=host-header-json,?category=developer&convert=host-header-json,host-header-json,HOST를 JSON로 | HOST JSON 변환 | HOST에서 JSON | HTTP | Host | 도메인,텍스트 변환 | 개발자 도구 | 코드 변환 | 개발자·텍스트 | host-header-json | HOST | JSON | 제이슨 | 데이터,
json-host-header,json-host-header,platform,text,JSON → Host 헤더,developer,json-host-header,JSON,HOST,published,true,,,,,false,false,0,?tool=json-host-header,?category=developer&convert=json-host-header,json-host-header,JSON를 HOST로 | JSON HOST 변환 | JSON에서 HOST | HTTP | Host | 도메인,텍스트 변환 | 개발자 도구 | 코드 변환 | 개발자·텍스트 | json-host-header | JSON | 제이슨 | 데이터 | HOST,
referer-header-json,referer-header-json,platform,text,Referer 헤더 → JSON,developer,referer-header-json,REFERER,JSON,published,true,,,,,false,false,0,?tool=referer-header-json,?category=developer&convert=referer-header-json,referer-header-json,REFERER를 JSON로 | REFERER JSON 변환 | REFERER에서 JSON | HTTP | Referer | URL,텍스트 변환 | 개발자 도구 | 코드 변환 | 개발자·텍스트 | referer-header-json | REFERER | JSON | 제이슨 | 데이터,
json-referer-header,json-referer-header,platform,text,JSON → Referer 헤더,developer,json-referer-header,JSON,REFERER,published,true,,,,,false,false,0,?tool=json-referer-header,?category=developer&convert=json-referer-header,json-referer-header,JSON를 REFERER로 | JSON REFERER 변환 | JSON에서 REFERER | HTTP | Referer | URL,텍스트 변환 | 개발자 도구 | 코드 변환 | 개발자·텍스트 | json-referer-header | JSON | 제이슨 | 데이터 | REFERER,
user-agent-header-json,user-agent-header-json,platform,text,User-Agent 헤더 → JSON,developer,user-agent-header-json,USER-AGENT,JSON,published,true,,,,,false,false,0,?tool=user-agent-header-json,?category=developer&convert=user-agent-header-json,user-agent-header-json,USER-AGENT를 JSON로 | USER-AGENT JSON 변환 | USER-AGENT에서 JSON | HTTP | User-Agent | 브라우저,텍스트 변환 | 개발자 도구 | 코드 변환 | 개발자·텍스트 | user-agent-header-json | USER-AGENT | JSON | 제이슨 | 데이터,
json-user-agent-header,json-user-agent-header,platform,text,JSON → User-Agent 헤더,developer,json-user-agent-header,JSON,USER-AGENT,published,true,,,,,false,false,0,?tool=json-user-agent-header,?category=developer&convert=json-user-agent-header,json-user-agent-header,JSON를 USER-AGENT로 | JSON USER-AGENT 변환 | JSON에서 USER-AGENT | HTTP | User-Agent | 브라우저,텍스트 변환 | 개발자 도구 | 코드 변환 | 개발자·텍스트 | json-user-agent-header | JSON | 제이슨 | 데이터 | USER-AGENT,
x-robots-tag-header-json,x-robots-tag-header-json,platform,text,X-Robots-Tag → JSON,developer,x-robots-tag-header-json,X-ROBOTS-TAG,JSON,published,true,,,,,false,false,0,?tool=x-robots-tag-header-json,?category=developer&convert=x-robots-tag-header-json,x-robots-tag-header-json,X-ROBOTS-TAG를 JSON로 | X-ROBOTS-TAG JSON 변환 | X-ROBOTS-TAG에서 JSON | HTTP | SEO | X-Robots-Tag,텍스트 변환 | 개발자 도구 | 코드 변환 | 개발자·텍스트 | x-robots-tag-header-json | X-ROBOTS-TAG | JSON | 제이슨 | 데이터,
json-x-robots-tag-header,json-x-robots-tag-header,platform,text,JSON → X-Robots-Tag,developer,json-x-robots-tag-header,JSON,X-ROBOTS-TAG,published,true,,,,,false,false,0,?tool=json-x-robots-tag-header,?category=developer&convert=json-x-robots-tag-header,json-x-robots-tag-header,JSON를 X-ROBOTS-TAG로 | JSON X-ROBOTS-TAG 변환 | JSON에서 X-ROBOTS-TAG | HTTP | SEO | X-Robots-Tag,텍스트 변환 | 개발자 도구 | 코드 변환 | 개발자·텍스트 | json-x-robots-tag-header | JSON | 제이슨 | 데이터 | X-ROBOTS-TAG,
alt-svc-header-json,alt-svc-header-json,platform,text,Alt-Svc 헤더 → JSON,developer,alt-svc-header-json,ALT-SVC,JSON,published,true,,,,,false,false,0,?tool=alt-svc-header-json,?category=developer&convert=alt-svc-header-json,alt-svc-header-json,ALT-SVC를 JSON로 | ALT-SVC JSON 변환 | ALT-SVC에서 JSON | HTTP | Alt-Svc | HTTP3,텍스트 변환 | 개발자 도구 | 코드 변환 | 개발자·텍스트 | alt-svc-header-json | ALT-SVC | JSON | 제이슨 | 데이터,
json-alt-svc-header,json-alt-svc-header,platform,text,JSON → Alt-Svc 헤더,developer,json-alt-svc-header,JSON,ALT-SVC,published,true,,,,,false,false,0,?tool=json-alt-svc-header,?category=developer&convert=json-alt-svc-header,json-alt-svc-header,JSON를 ALT-SVC로 | JSON ALT-SVC 변환 | JSON에서 ALT-SVC | HTTP | Alt-Svc | HTTP3,텍스트 변환 | 개발자 도구 | 코드 변환 | 개발자·텍스트 | json-alt-svc-header | JSON | 제이슨 | 데이터 | ALT-SVC,
priority-header-json,priority-header-json,platform,text,Priority 헤더 → JSON,developer,priority-header-json,PRIORITY,JSON,published,true,,,,,false,false,0,?tool=priority-header-json,?category=developer&convert=priority-header-json,priority-header-json,PRIORITY를 JSON로 | PRIORITY JSON 변환 | PRIORITY에서 JSON | HTTP | Priority | 성능,텍스트 변환 | 개발자 도구 | 코드 변환 | 개발자·텍스트 | priority-header-json | PRIORITY | JSON | 제이슨 | 데이터,
json-priority-header,json-priority-header,platform,text,JSON → Priority 헤더,developer,json-priority-header,JSON,PRIORITY,published,true,,,,,false,false,0,?tool=json-priority-header,?category=developer&convert=json-priority-header,json-priority-header,JSON를 PRIORITY로 | JSON PRIORITY 변환 | JSON에서 PRIORITY | HTTP | Priority | 성능,텍스트 변환 | 개발자 도구 | 코드 변환 | 개발자·텍스트 | json-priority-header | JSON | 제이슨 | 데이터 | PRIORITY,
prefer-header-json,prefer-header-json,platform,text,Prefer 헤더 → JSON,developer,prefer-header-json,PREFER,JSON,published,true,,,,,false,false,0,?tool=prefer-header-json,?category=developer&convert=prefer-header-json,prefer-header-json,PREFER를 JSON로 | PREFER JSON 변환 | PREFER에서 JSON | HTTP | Prefer | API,텍스트 변환 | 개발자 도구 | 코드 변환 | 개발자·텍스트 | prefer-header-json | PREFER | JSON | 제이슨 | 데이터,
json-prefer-header,json-prefer-header,platform,text,JSON → Prefer 헤더,developer,json-prefer-header,JSON,PREFER,published,true,,,,,false,false,0,?tool=json-prefer-header,?category=developer&convert=json-prefer-header,json-prefer-header,JSON를 PREFER로 | JSON PREFER 변환 | JSON에서 PREFER | HTTP | Prefer | API,텍스트 변환 | 개발자 도구 | 코드 변환 | 개발자·텍스트 | json-prefer-header | JSON | 제이슨 | 데이터 | PREFER,
preference-applied-header-json,preference-applied-header-json,platform,text,Preference-Applied → JSON,developer,preference-applied-header-json,PREFERENCE-APPLIED,JSON,published,true,,,,,false,false,0,?tool=preference-applied-header-json,?category=developer&convert=preference-applied-header-json,preference-applied-header-json,PREFERENCE-APPLIED를 JSON로 | PREFERENCE-APPLIED JSON 변환 | PREFERENCE-APPLIED에서 JSON | HTTP | Preference-Applied | API,텍스트 변환 | 개발자 도구 | 코드 변환 | 개발자·텍스트 | preference-applied-header-json | PREFERENCE-APPLIED | JSON | 제이슨 | 데이터,
json-preference-applied-header,json-preference-applied-header,platform,text,JSON → Preference-Applied,developer,json-preference-applied-header,JSON,PREFERENCE-APPLIED,published,true,,,,,false,false,0,?tool=json-preference-applied-header,?category=developer&convert=json-preference-applied-header,json-preference-applied-header,JSON를 PREFERENCE-APPLIED로 | JSON PREFERENCE-APPLIED 변환 | JSON에서 PREFERENCE-APPLIED | HTTP | Preference-Applied | API,텍스트 변환 | 개발자 도구 | 코드 변환 | 개발자·텍스트 | json-preference-applied-header | JSON | 제이슨 | 데이터 | PREFERENCE-APPLIED,
te-header-lines,te-header-lines,platform,text,TE 헤더 → 전송 코딩 목록,developer,te-header-lines,TE,TRANSFER CODING LINES,published,true,,,,,false,false,0,?tool=te-header-lines,?category=developer&convert=te-header-lines,te-header-lines,TE를 TRANSFER CODING LINES로 | TE TRANSFER CODING LINES 변환 | TE에서 TRANSFER CODING LINES | HTTP | TE | 전송 코딩,텍스트 변환 | 개발자 도구 | 코드 변환 | 개발자·텍스트 | te-header-lines | TE | TRANSFER CODING LINES,
lines-te-header,lines-te-header,platform,text,전송 코딩 목록 → TE 헤더,developer,lines-te-header,TRANSFER CODING LINES,TE,published,true,,,,,false,false,0,?tool=lines-te-header,?category=developer&convert=lines-te-header,lines-te-header,TRANSFER CODING LINES를 TE로 | TRANSFER CODING LINES TE 변환 | TRANSFER CODING LINES에서 TE | HTTP | TE | 전송 코딩,텍스트 변환 | 개발자 도구 | 코드 변환 | 개발자·텍스트 | lines-te-header | TRANSFER CODING LINES | TE,
trailer-header-lines,trailer-header-lines,platform,text,Trailer 헤더 → 필드 목록,developer,trailer-header-lines,TRAILER,HEADER FIELD LINES,published,true,,,,,false,false,0,?tool=trailer-header-lines,?category=developer&convert=trailer-header-lines,trailer-header-lines,TRAILER를 HEADER FIELD LINES로 | TRAILER HEADER FIELD LINES 변환 | TRAILER에서 HEADER FIELD LINES | HTTP | Trailer | 헤더,텍스트 변환 | 개발자 도구 | 코드 변환 | 개발자·텍스트 | trailer-header-lines | TRAILER | HEADER FIELD LINES,
lines-trailer-header,lines-trailer-header,platform,text,필드 목록 → Trailer 헤더,developer,lines-trailer-header,HEADER FIELD LINES,TRAILER,published,true,,,,,false,false,0,?tool=lines-trailer-header,?category=developer&convert=lines-trailer-header,lines-trailer-header,HEADER FIELD LINES를 TRAILER로 | HEADER FIELD LINES TRAILER 변환 | HEADER FIELD LINES에서 TRAILER | HTTP | Trailer | 헤더,텍스트 변환 | 개발자 도구 | 코드 변환 | 개발자·텍스트 | lines-trailer-header | HEADER FIELD LINES | TRAILER,
connection-header-lines,connection-header-lines,platform,text,Connection 헤더 → 옵션 목록,developer,connection-header-lines,CONNECTION,OPTION LINES,published,true,,,,,false,false,0,?tool=connection-header-lines,?category=developer&convert=connection-header-lines,connection-header-lines,CONNECTION를 OPTION LINES로 | CONNECTION OPTION LINES 변환 | CONNECTION에서 OPTION LINES | HTTP | Connection | 연결,텍스트 변환 | 개발자 도구 | 코드 변환 | 개발자·텍스트 | connection-header-lines | CONNECTION | OPTION LINES,
lines-connection-header,lines-connection-header,platform,text,옵션 목록 → Connection 헤더,developer,lines-connection-header,OPTION LINES,CONNECTION,published,true,,,,,false,false,0,?tool=lines-connection-header,?category=developer&convert=lines-connection-header,lines-connection-header,OPTION LINES를 CONNECTION로 | OPTION LINES CONNECTION 변환 | OPTION LINES에서 CONNECTION | HTTP | Connection | 연결,텍스트 변환 | 개발자 도구 | 코드 변환 | 개발자·텍스트 | lines-connection-header | OPTION LINES | CONNECTION,
upgrade-header-json,upgrade-header-json,platform,text,Upgrade 헤더 → JSON,developer,upgrade-header-json,UPGRADE,JSON,published,true,,,,,false,false,0,?tool=upgrade-header-json,?category=developer&convert=upgrade-header-json,upgrade-header-json,UPGRADE를 JSON로 | UPGRADE JSON 변환 | UPGRADE에서 JSON | HTTP | Upgrade | 프로토콜,텍스트 변환 | 개발자 도구 | 코드 변환 | 개발자·텍스트 | upgrade-header-json | UPGRADE | JSON | 제이슨 | 데이터,
json-upgrade-header,json-upgrade-header,platform,text,JSON → Upgrade 헤더,developer,json-upgrade-header,JSON,UPGRADE,published,true,,,,,false,false,0,?tool=json-upgrade-header,?category=developer&convert=json-upgrade-header,json-upgrade-header,JSON를 UPGRADE로 | JSON UPGRADE 변환 | JSON에서 UPGRADE | HTTP | Upgrade | 프로토콜,텍스트 변환 | 개발자 도구 | 코드 변환 | 개발자·텍스트 | json-upgrade-header | JSON | 제이슨 | 데이터 | UPGRADE,
keep-alive-header-json,keep-alive-header-json,platform,text,Keep-Alive 헤더 → JSON,developer,keep-alive-header-json,KEEP-ALIVE,JSON,published,true,,,,,false,false,0,?tool=keep-alive-header-json,?category=developer&convert=keep-alive-header-json,keep-alive-header-json,KEEP-ALIVE를 JSON로 | KEEP-ALIVE JSON 변환 | KEEP-ALIVE에서 JSON | HTTP | Keep-Alive | 연결,텍스트 변환 | 개발자 도구 | 코드 변환 | 개발자·텍스트 | keep-alive-header-json | KEEP-ALIVE | JSON | 제이슨 | 데이터,
json-keep-alive-header,json-keep-alive-header,platform,text,JSON → Keep-Alive 헤더,developer,json-keep-alive-header,JSON,KEEP-ALIVE,published,true,,,,,false,false,0,?tool=json-keep-alive-header,?category=developer&convert=json-keep-alive-header,json-keep-alive-header,JSON를 KEEP-ALIVE로 | JSON KEEP-ALIVE 변환 | JSON에서 KEEP-ALIVE | HTTP | Keep-Alive | 연결,텍스트 변환 | 개발자 도구 | 코드 변환 | 개발자·텍스트 | json-keep-alive-header | JSON | 제이슨 | 데이터 | KEEP-ALIVE,
fetch-metadata-headers-json,fetch-metadata-headers-json,platform,text,Fetch Metadata 헤더 → JSON,developer,fetch-metadata-headers-json,SEC-FETCH HEADERS,JSON,published,true,,,,,false,false,0,?tool=fetch-metadata-headers-json,?category=developer&convert=fetch-metadata-headers-json,fetch-metadata-headers-json,SEC-FETCH HEADERS를 JSON로 | SEC-FETCH HEADERS JSON 변환 | SEC-FETCH HEADERS에서 JSON | HTTP | Fetch Metadata | 보안,텍스트 변환 | 개발자 도구 | 코드 변환 | 개발자·텍스트 | fetch-metadata-headers-json | SEC-FETCH HEADERS | JSON | 제이슨 | 데이터,
json-fetch-metadata-headers,json-fetch-metadata-headers,platform,text,JSON → Fetch Metadata 헤더,developer,json-fetch-metadata-headers,JSON,SEC-FETCH HEADERS,published,true,,,,,false,false,0,?tool=json-fetch-metadata-headers,?category=developer&convert=json-fetch-metadata-headers,json-fetch-metadata-headers,JSON를 SEC-FETCH HEADERS로 | JSON SEC-FETCH HEADERS 변환 | JSON에서 SEC-FETCH HEADERS | HTTP | Fetch Metadata | 보안,텍스트 변환 | 개발자 도구 | 코드 변환 | 개발자·텍스트 | json-fetch-metadata-headers | JSON | 제이슨 | 데이터 | SEC-FETCH HEADERS,
client-hints-headers-json,client-hints-headers-json,platform,text,Client Hints 헤더 → JSON,developer,client-hints-headers-json,CLIENT HINTS HEADERS,JSON,published,true,,,,,false,false,0,?tool=client-hints-headers-json,?category=developer&convert=client-hints-headers-json,client-hints-headers-json,CLIENT HINTS HEADERS를 JSON로 | CLIENT HINTS HEADERS JSON 변환 | CLIENT HINTS HEADERS에서 JSON | HTTP | Client Hints | 브라우저,텍스트 변환 | 개발자 도구 | 코드 변환 | 개발자·텍스트 | client-hints-headers-json | CLIENT HINTS HEADERS | JSON | 제이슨 | 데이터,
json-client-hints-headers,json-client-hints-headers,platform,text,JSON → Client Hints 헤더,developer,json-client-hints-headers,JSON,CLIENT HINTS HEADERS,published,true,,,,,false,false,0,?tool=json-client-hints-headers,?category=developer&convert=json-client-hints-headers,json-client-hints-headers,JSON를 CLIENT HINTS HEADERS로 | JSON CLIENT HINTS HEADERS 변환 | JSON에서 CLIENT HINTS HEADERS | HTTP | Client Hints | 브라우저,텍스트 변환 | 개발자 도구 | 코드 변환 | 개발자·텍스트 | json-client-hints-headers | JSON | 제이슨 | 데이터 | CLIENT HINTS HEADERS,
date-header-json,date-header-json,platform,text,Date 헤더 → JSON,developer,date-header-json,DATE,JSON,published,true,,3.51.0,2026-07-20,2026-07-20,true,false,0,?tool=date-header-json,?category=developer&convert=date-header-json,date-header-json,DATE를 JSON로 | DATE JSON 변환 | DATE에서 JSON | HTTP | Date | 시간,텍스트 변환 | 개발자 도구 | 코드 변환 | 개발자·텍스트 | date-header-json | DATE | JSON | 제이슨 | 데이터,
json-date-header,json-date-header,platform,text,JSON → Date 헤더,developer,json-date-header,JSON,DATE,published,true,,3.51.0,2026-07-20,2026-07-20,true,false,0,?tool=json-date-header,?category=developer&convert=json-date-header,json-date-header,JSON를 DATE로 | JSON DATE 변환 | JSON에서 DATE | HTTP | Date | 시간,텍스트 변환 | 개발자 도구 | 코드 변환 | 개발자·텍스트 | json-date-header | JSON | 제이슨 | 데이터 | DATE,
expires-header-json,expires-header-json,platform,text,Expires 헤더 → JSON,developer,expires-header-json,EXPIRES,JSON,published,true,,3.51.0,2026-07-20,2026-07-20,true,false,0,?tool=expires-header-json,?category=developer&convert=expires-header-json,expires-header-json,EXPIRES를 JSON로 | EXPIRES JSON 변환 | EXPIRES에서 JSON | HTTP | Expires | 캐시,텍스트 변환 | 개발자 도구 | 코드 변환 | 개발자·텍스트 | expires-header-json | EXPIRES | JSON | 제이슨 | 데이터,
json-expires-header,json-expires-header,platform,text,JSON → Expires 헤더,developer,json-expires-header,JSON,EXPIRES,published,true,,3.51.0,2026-07-20,2026-07-20,true,false,0,?tool=json-expires-header,?category=developer&convert=json-expires-header,json-expires-header,JSON를 EXPIRES로 | JSON EXPIRES 변환 | JSON에서 EXPIRES | HTTP | Expires | 캐시,텍스트 변환 | 개발자 도구 | 코드 변환 | 개발자·텍스트 | json-expires-header | JSON | 제이슨 | 데이터 | EXPIRES,
last-modified-header-json,last-modified-header-json,platform,text,Last-Modified → JSON,developer,last-modified-header-json,LAST-MODIFIED,JSON,published,true,,3.51.0,2026-07-20,2026-07-20,true,false,0,?tool=last-modified-header-json,?category=developer&convert=last-modified-header-json,last-modified-header-json,LAST-MODIFIED를 JSON로 | LAST-MODIFIED JSON 변환 | LAST-MODIFIED에서 JSON | HTTP | Last-Modified | 캐시,텍스트 변환 | 개발자 도구 | 코드 변환 | 개발자·텍스트 | last-modified-header-json | LAST-MODIFIED | JSON | 제이슨 | 데이터,
json-last-modified-header,json-last-modified-header,platform,text,JSON → Last-Modified,developer,json-last-modified-header,JSON,LAST-MODIFIED,published,true,,3.51.0,2026-07-20,2026-07-20,true,false,0,?tool=json-last-modified-header,?category=developer&convert=json-last-modified-header,json-last-modified-header,JSON를 LAST-MODIFIED로 | JSON LAST-MODIFIED 변환 | JSON에서 LAST-MODIFIED | HTTP | Last-Modified | 캐시,텍스트 변환 | 개발자 도구 | 코드 변환 | 개발자·텍스트 | json-last-modified-header | JSON | 제이슨 | 데이터 | LAST-MODIFIED,
if-modified-since-header-json,if-modified-since-header-json,platform,text,If-Modified-Since → JSON,developer,if-modified-since-header-json,IF-MODIFIED-SINCE,JSON,published,true,,3.51.0,2026-07-20,2026-07-20,true,false,0,?tool=if-modified-since-header-json,?category=developer&convert=if-modified-since-header-json,if-modified-since-header-json,IF-MODIFIED-SINCE를 JSON로 | IF-MODIFIED-SINCE JSON 변환 | IF-MODIFIED-SINCE에서 JSON | HTTP | 조건부 요청 | 시간,텍스트 변환 | 개발자 도구 | 코드 변환 | 개발자·텍스트 | if-modified-since-header-json | IF-MODIFIED-SINCE | JSON | 제이슨 | 데이터,
json-if-modified-since-header,json-if-modified-since-header,platform,text,JSON → If-Modified-Since,developer,json-if-modified-since-header,JSON,IF-MODIFIED-SINCE,published,true,,3.51.0,2026-07-20,2026-07-20,true,false,0,?tool=json-if-modified-since-header,?category=developer&convert=json-if-modified-since-header,json-if-modified-since-header,JSON를 IF-MODIFIED-SINCE로 | JSON IF-MODIFIED-SINCE 변환 | JSON에서 IF-MODIFIED-SINCE | HTTP | 조건부 요청 | 시간,텍스트 변환 | 개발자 도구 | 코드 변환 | 개발자·텍스트 | json-if-modified-since-header | JSON | 제이슨 | 데이터 | IF-MODIFIED-SINCE,
if-unmodified-since-header-json,if-unmodified-since-header-json,platform,text,If-Unmodified-Since → JSON,developer,if-unmodified-since-header-json,IF-UNMODIFIED-SINCE,JSON,published,true,,3.51.0,2026-07-20,2026-07-20,true,false,0,?tool=if-unmodified-since-header-json,?category=developer&convert=if-unmodified-since-header-json,if-unmodified-since-header-json,IF-UNMODIFIED-SINCE를 JSON로 | IF-UNMODIFIED-SINCE JSON 변환 | IF-UNMODIFIED-SINCE에서 JSON | HTTP | 조건부 요청 | 시간,텍스트 변환 | 개발자 도구 | 코드 변환 | 개발자·텍스트 | if-unmodified-since-header-json | IF-UNMODIFIED-SINCE | JSON | 제이슨 | 데이터,
json-if-unmodified-since-header,json-if-unmodified-since-header,platform,text,JSON → If-Unmodified-Since,developer,json-if-unmodified-since-header,JSON,IF-UNMODIFIED-SINCE,published,true,,3.51.0,2026-07-20,2026-07-20,true,false,0,?tool=json-if-unmodified-since-header,?category=developer&convert=json-if-unmodified-since-header,json-if-unmodified-since-header,JSON를 IF-UNMODIFIED-SINCE로 | JSON IF-UNMODIFIED-SINCE 변환 | JSON에서 IF-UNMODIFIED-SINCE | HTTP | 조건부 요청 | 시간,텍스트 변환 | 개발자 도구 | 코드 변환 | 개발자·텍스트 | json-if-unmodified-since-header | JSON | 제이슨 | 데이터 | IF-UNMODIFIED-SINCE,
age-header-json,age-header-json,platform,text,Age 헤더 → JSON,developer,age-header-json,AGE,JSON,published,true,,3.51.0,2026-07-20,2026-07-20,true,false,0,?tool=age-header-json,?category=developer&convert=age-header-json,age-header-json,AGE를 JSON로 | AGE JSON 변환 | AGE에서 JSON | HTTP | Age | 캐시,텍스트 변환 | 개발자 도구 | 코드 변환 | 개발자·텍스트 | age-header-json | AGE | JSON | 제이슨 | 데이터,
json-age-header,json-age-header,platform,text,JSON → Age 헤더,developer,json-age-header,JSON,AGE,published,true,,3.51.0,2026-07-20,2026-07-20,true,false,0,?tool=json-age-header,?category=developer&convert=json-age-header,json-age-header,JSON를 AGE로 | JSON AGE 변환 | JSON에서 AGE | HTTP | Age | 캐시,텍스트 변환 | 개발자 도구 | 코드 변환 | 개발자·텍스트 | json-age-header | JSON | 제이슨 | 데이터 | AGE,
location-header-json,location-header-json,platform,text,Location 헤더 → JSON,developer,location-header-json,LOCATION,JSON,published,true,,3.51.0,2026-07-20,2026-07-20,true,false,0,?tool=location-header-json,?category=developer&convert=location-header-json,location-header-json,LOCATION를 JSON로 | LOCATION JSON 변환 | LOCATION에서 JSON | HTTP | Location | 리디렉션,텍스트 변환 | 개발자 도구 | 코드 변환 | 개발자·텍스트 | location-header-json | LOCATION | JSON | 제이슨 | 데이터,
json-location-header,json-location-header,platform,text,JSON → Location 헤더,developer,json-location-header,JSON,LOCATION,published,true,,3.51.0,2026-07-20,2026-07-20,true,false,0,?tool=json-location-header,?category=developer&convert=json-location-header,json-location-header,JSON를 LOCATION로 | JSON LOCATION 변환 | JSON에서 LOCATION | HTTP | Location | 리디렉션,텍스트 변환 | 개발자 도구 | 코드 변환 | 개발자·텍스트 | json-location-header | JSON | 제이슨 | 데이터 | LOCATION,
refresh-header-json,refresh-header-json,platform,text,Refresh 헤더 → JSON,developer,refresh-header-json,REFRESH,JSON,published,true,,3.51.0,2026-07-20,2026-07-20,true,false,0,?tool=refresh-header-json,?category=developer&convert=refresh-header-json,refresh-header-json,REFRESH를 JSON로 | REFRESH JSON 변환 | REFRESH에서 JSON | HTTP | Refresh | 리디렉션,텍스트 변환 | 개발자 도구 | 코드 변환 | 개발자·텍스트 | refresh-header-json | REFRESH | JSON | 제이슨 | 데이터,
json-refresh-header,json-refresh-header,platform,text,JSON → Refresh 헤더,developer,json-refresh-header,JSON,REFRESH,published,true,,3.51.0,2026-07-20,2026-07-20,true,false,0,?tool=json-refresh-header,?category=developer&convert=json-refresh-header,json-refresh-header,JSON를 REFRESH로 | JSON REFRESH 변환 | JSON에서 REFRESH | HTTP | Refresh | 리디렉션,텍스트 변환 | 개발자 도구 | 코드 변환 | 개발자·텍스트 | json-refresh-header | JSON | 제이슨 | 데이터 | REFRESH,
content-length-header-json,content-length-header-json,platform,text,Content-Length → JSON,developer,content-length-header-json,CONTENT-LENGTH,JSON,published,true,,3.51.0,2026-07-20,2026-07-20,true,false,0,?tool=content-length-header-json,?category=developer&convert=content-length-header-json,content-length-header-json,CONTENT-LENGTH를 JSON로 | CONTENT-LENGTH JSON 변환 | CONTENT-LENGTH에서 JSON | HTTP | Content-Length | 본문,텍스트 변환 | 개발자 도구 | 코드 변환 | 개발자·텍스트 | content-length-header-json | CONTENT-LENGTH | JSON | 제이슨 | 데이터,
json-content-length-header,json-content-length-header,platform,text,JSON → Content-Length,developer,json-content-length-header,JSON,CONTENT-LENGTH,published,true,,3.51.0,2026-07-20,2026-07-20,true,false,0,?tool=json-content-length-header,?category=developer&convert=json-content-length-header,json-content-length-header,JSON를 CONTENT-LENGTH로 | JSON CONTENT-LENGTH 변환 | JSON에서 CONTENT-LENGTH | HTTP | Content-Length | 본문,텍스트 변환 | 개발자 도구 | 코드 변환 | 개발자·텍스트 | json-content-length-header | JSON | 제이슨 | 데이터 | CONTENT-LENGTH,
content-encoding-header-lines,content-encoding-header-lines,platform,text,Content-Encoding → 목록,developer,content-encoding-header-lines,CONTENT-ENCODING,LINES,published,true,,3.51.0,2026-07-20,2026-07-20,true,false,0,?tool=content-encoding-header-lines,?category=developer&convert=content-encoding-header-lines,content-encoding-header-lines,CONTENT-ENCODING를 LINES로 | CONTENT-ENCODING LINES 변환 | CONTENT-ENCODING에서 LINES | HTTP | Content-Encoding | 압축,텍스트 변환 | 개발자 도구 | 코드 변환 | 개발자·텍스트 | content-encoding-header-lines | CONTENT-ENCODING | LINES,
lines-content-encoding-header,lines-content-encoding-header,platform,text,목록 → Content-Encoding,developer,lines-content-encoding-header,LINES,CONTENT-ENCODING,published,true,,3.51.0,2026-07-20,2026-07-20,true,false,0,?tool=lines-content-encoding-header,?category=developer&convert=lines-content-encoding-header,lines-content-encoding-header,LINES를 CONTENT-ENCODING로 | LINES CONTENT-ENCODING 변환 | LINES에서 CONTENT-ENCODING | HTTP | Content-Encoding | 압축,텍스트 변환 | 개발자 도구 | 코드 변환 | 개발자·텍스트 | lines-content-encoding-header | LINES | CONTENT-ENCODING,
transfer-encoding-header-lines,transfer-encoding-header-lines,platform,text,Transfer-Encoding → 목록,developer,transfer-encoding-header-lines,TRANSFER-ENCODING,LINES,published,true,,3.51.0,2026-07-20,2026-07-20,true,false,0,?tool=transfer-encoding-header-lines,?category=developer&convert=transfer-encoding-header-lines,transfer-encoding-header-lines,TRANSFER-ENCODING를 LINES로 | TRANSFER-ENCODING LINES 변환 | TRANSFER-ENCODING에서 LINES | HTTP | Transfer-Encoding | 전송,텍스트 변환 | 개발자 도구 | 코드 변환 | 개발자·텍스트 | transfer-encoding-header-lines | TRANSFER-ENCODING | LINES,
lines-transfer-encoding-header,lines-transfer-encoding-header,platform,text,목록 → Transfer-Encoding,developer,lines-transfer-encoding-header,LINES,TRANSFER-ENCODING,published,true,,3.51.0,2026-07-20,2026-07-20,true,false,0,?tool=lines-transfer-encoding-header,?category=developer&convert=lines-transfer-encoding-header,lines-transfer-encoding-header,LINES를 TRANSFER-ENCODING로 | LINES TRANSFER-ENCODING 변환 | LINES에서 TRANSFER-ENCODING | HTTP | Transfer-Encoding | 전송,텍스트 변환 | 개발자 도구 | 코드 변환 | 개발자·텍스트 | lines-transfer-encoding-header | LINES | TRANSFER-ENCODING,
expect-header-json,expect-header-json,platform,text,Expect 헤더 → JSON,developer,expect-header-json,EXPECT,JSON,published,true,,3.51.0,2026-07-20,2026-07-20,true,false,0,?tool=expect-header-json,?category=developer&convert=expect-header-json,expect-header-json,EXPECT를 JSON로 | EXPECT JSON 변환 | EXPECT에서 JSON | HTTP | Expect | 요청,텍스트 변환 | 개발자 도구 | 코드 변환 | 개발자·텍스트 | expect-header-json | EXPECT | JSON | 제이슨 | 데이터,
json-expect-header,json-expect-header,platform,text,JSON → Expect 헤더,developer,json-expect-header,JSON,EXPECT,published,true,,3.51.0,2026-07-20,2026-07-20,true,false,0,?tool=json-expect-header,?category=developer&convert=json-expect-header,json-expect-header,JSON를 EXPECT로 | JSON EXPECT 변환 | JSON에서 EXPECT | HTTP | Expect | 요청,텍스트 변환 | 개발자 도구 | 코드 변환 | 개발자·텍스트 | json-expect-header | JSON | 제이슨 | 데이터 | EXPECT,
max-forwards-header-json,max-forwards-header-json,platform,text,Max-Forwards → JSON,developer,max-forwards-header-json,MAX-FORWARDS,JSON,published,true,,3.51.0,2026-07-20,2026-07-20,true,false,0,?tool=max-forwards-header-json,?category=developer&convert=max-forwards-header-json,max-forwards-header-json,MAX-FORWARDS를 JSON로 | MAX-FORWARDS JSON 변환 | MAX-FORWARDS에서 JSON | HTTP | Max-Forwards | 프록시,텍스트 변환 | 개발자 도구 | 코드 변환 | 개발자·텍스트 | max-forwards-header-json | MAX-FORWARDS | JSON | 제이슨 | 데이터,
json-max-forwards-header,json-max-forwards-header,platform,text,JSON → Max-Forwards,developer,json-max-forwards-header,JSON,MAX-FORWARDS,published,true,,3.51.0,2026-07-20,2026-07-20,true,false,0,?tool=json-max-forwards-header,?category=developer&convert=json-max-forwards-header,json-max-forwards-header,JSON를 MAX-FORWARDS로 | JSON MAX-FORWARDS 변환 | JSON에서 MAX-FORWARDS | HTTP | Max-Forwards | 프록시,텍스트 변환 | 개발자 도구 | 코드 변환 | 개발자·텍스트 | json-max-forwards-header | JSON | 제이슨 | 데이터 | MAX-FORWARDS,
via-header-json,via-header-json,platform,text,Via 헤더 → JSON,developer,via-header-json,VIA,JSON,published,true,,3.51.0,2026-07-20,2026-07-20,true,false,0,?tool=via-header-json,?category=developer&convert=via-header-json,via-header-json,VIA를 JSON로 | VIA JSON 변환 | VIA에서 JSON | HTTP | Via | 프록시,텍스트 변환 | 개발자 도구 | 코드 변환 | 개발자·텍스트 | via-header-json | VIA | JSON | 제이슨 | 데이터,
json-via-header,json-via-header,platform,text,JSON → Via 헤더,developer,json-via-header,JSON,VIA,published,true,,3.51.0,2026-07-20,2026-07-20,true,false,0,?tool=json-via-header,?category=developer&convert=json-via-header,json-via-header,JSON를 VIA로 | JSON VIA 변환 | JSON에서 VIA | HTTP | Via | 프록시,텍스트 변환 | 개발자 도구 | 코드 변환 | 개발자·텍스트 | json-via-header | JSON | 제이슨 | 데이터 | VIA,
warning-header-json,warning-header-json,platform,text,Warning 헤더 → JSON,developer,warning-header-json,WARNING,JSON,published,true,,3.51.0,2026-07-20,2026-07-20,true,false,0,?tool=warning-header-json,?category=developer&convert=warning-header-json,warning-header-json,WARNING를 JSON로 | WARNING JSON 변환 | WARNING에서 JSON | HTTP | Warning | 캐시,텍스트 변환 | 개발자 도구 | 코드 변환 | 개발자·텍스트 | warning-header-json | WARNING | JSON | 제이슨 | 데이터,
json-warning-header,json-warning-header,platform,text,JSON → Warning 헤더,developer,json-warning-header,JSON,WARNING,published,true,,3.51.0,2026-07-20,2026-07-20,true,false,0,?tool=json-warning-header,?category=developer&convert=json-warning-header,json-warning-header,JSON를 WARNING로 | JSON WARNING 변환 | JSON에서 WARNING | HTTP | Warning | 캐시,텍스트 변환 | 개발자 도구 | 코드 변환 | 개발자·텍스트 | json-warning-header | JSON | 제이슨 | 데이터 | WARNING,
x-forwarded-host-header-json,x-forwarded-host-header-json,platform,text,X-Forwarded-Host → JSON,developer,x-forwarded-host-header-json,X-FORWARDED-HOST,JSON,published,true,,3.52.0,2026-07-21,2026-07-21,true,false,0,?tool=x-forwarded-host-header-json,?category=developer&convert=x-forwarded-host-header-json,x-forwarded-host-header-json,X-FORWARDED-HOST를 JSON로 | X-FORWARDED-HOST JSON 변환 | X-FORWARDED-HOST에서 JSON | HTTP | 프록시 | X-Forwarded,텍스트 변환 | 개발자 도구 | 코드 변환 | 개발자·텍스트 | x-forwarded-host-header-json | X-FORWARDED-HOST | JSON | 제이슨 | 데이터,
json-x-forwarded-host-header,json-x-forwarded-host-header,platform,text,JSON → X-Forwarded-Host,developer,json-x-forwarded-host-header,JSON,X-FORWARDED-HOST,published,true,,3.52.0,2026-07-21,2026-07-21,true,false,0,?tool=json-x-forwarded-host-header,?category=developer&convert=json-x-forwarded-host-header,json-x-forwarded-host-header,JSON를 X-FORWARDED-HOST로 | JSON X-FORWARDED-HOST 변환 | JSON에서 X-FORWARDED-HOST | HTTP | 프록시 | X-Forwarded,텍스트 변환 | 개발자 도구 | 코드 변환 | 개발자·텍스트 | json-x-forwarded-host-header | JSON | 제이슨 | 데이터 | X-FORWARDED-HOST,
x-forwarded-proto-header-json,x-forwarded-proto-header-json,platform,text,X-Forwarded-Proto → JSON,developer,x-forwarded-proto-header-json,X-FORWARDED-PROTO,JSON,published,true,,3.52.0,2026-07-21,2026-07-21,true,false,0,?tool=x-forwarded-proto-header-json,?category=developer&convert=x-forwarded-proto-header-json,x-forwarded-proto-header-json,X-FORWARDED-PROTO를 JSON로 | X-FORWARDED-PROTO JSON 변환 | X-FORWARDED-PROTO에서 JSON | HTTP | 프록시 | X-Forwarded,텍스트 변환 | 개발자 도구 | 코드 변환 | 개발자·텍스트 | x-forwarded-proto-header-json | X-FORWARDED-PROTO | JSON | 제이슨 | 데이터,
json-x-forwarded-proto-header,json-x-forwarded-proto-header,platform,text,JSON → X-Forwarded-Proto,developer,json-x-forwarded-proto-header,JSON,X-FORWARDED-PROTO,published,true,,3.52.0,2026-07-21,2026-07-21,true,false,0,?tool=json-x-forwarded-proto-header,?category=developer&convert=json-x-forwarded-proto-header,json-x-forwarded-proto-header,JSON를 X-FORWARDED-PROTO로 | JSON X-FORWARDED-PROTO 변환 | JSON에서 X-FORWARDED-PROTO | HTTP | 프록시 | X-Forwarded,텍스트 변환 | 개발자 도구 | 코드 변환 | 개발자·텍스트 | json-x-forwarded-proto-header | JSON | 제이슨 | 데이터 | X-FORWARDED-PROTO,
x-forwarded-port-header-json,x-forwarded-port-header-json,platform,text,X-Forwarded-Port → JSON,developer,x-forwarded-port-header-json,X-FORWARDED-PORT,JSON,published,true,,3.52.0,2026-07-21,2026-07-21,true,false,0,?tool=x-forwarded-port-header-json,?category=developer&convert=x-forwarded-port-header-json,x-forwarded-port-header-json,X-FORWARDED-PORT를 JSON로 | X-FORWARDED-PORT JSON 변환 | X-FORWARDED-PORT에서 JSON | HTTP | 프록시 | X-Forwarded,텍스트 변환 | 개발자 도구 | 코드 변환 | 개발자·텍스트 | x-forwarded-port-header-json | X-FORWARDED-PORT | JSON | 제이슨 | 데이터,
json-x-forwarded-port-header,json-x-forwarded-port-header,platform,text,JSON → X-Forwarded-Port,developer,json-x-forwarded-port-header,JSON,X-FORWARDED-PORT,published,true,,3.52.0,2026-07-21,2026-07-21,true,false,0,?tool=json-x-forwarded-port-header,?category=developer&convert=json-x-forwarded-port-header,json-x-forwarded-port-header,JSON를 X-FORWARDED-PORT로 | JSON X-FORWARDED-PORT 변환 | JSON에서 X-FORWARDED-PORT | HTTP | 프록시 | X-Forwarded,텍스트 변환 | 개발자 도구 | 코드 변환 | 개발자·텍스트 | json-x-forwarded-port-header | JSON | 제이슨 | 데이터 | X-FORWARDED-PORT,
x-real-ip-header-json,x-real-ip-header-json,platform,text,X-Real-IP → JSON,developer,x-real-ip-header-json,X-REAL-IP,JSON,published,true,,3.52.0,2026-07-21,2026-07-21,true,false,0,?tool=x-real-ip-header-json,?category=developer&convert=x-real-ip-header-json,x-real-ip-header-json,X-REAL-IP를 JSON로 | X-REAL-IP JSON 변환 | X-REAL-IP에서 JSON | HTTP | 프록시 | IP,텍스트 변환 | 개발자 도구 | 코드 변환 | 개발자·텍스트 | x-real-ip-header-json | X-REAL-IP | JSON | 제이슨 | 데이터,
json-x-real-ip-header,json-x-real-ip-header,platform,text,JSON → X-Real-IP,developer,json-x-real-ip-header,JSON,X-REAL-IP,published,true,,3.52.0,2026-07-21,2026-07-21,true,false,0,?tool=json-x-real-ip-header,?category=developer&convert=json-x-real-ip-header,json-x-real-ip-header,JSON를 X-REAL-IP로 | JSON X-REAL-IP 변환 | JSON에서 X-REAL-IP | HTTP | 프록시 | IP,텍스트 변환 | 개발자 도구 | 코드 변환 | 개발자·텍스트 | json-x-real-ip-header | JSON | 제이슨 | 데이터 | X-REAL-IP,
cdn-loop-header-json,cdn-loop-header-json,platform,text,CDN-Loop 헤더 → JSON,developer,cdn-loop-header-json,CDN-LOOP,JSON,published,true,,3.52.0,2026-07-21,2026-07-21,true,false,0,?tool=cdn-loop-header-json,?category=developer&convert=cdn-loop-header-json,cdn-loop-header-json,CDN-LOOP를 JSON로 | CDN-LOOP JSON 변환 | CDN-LOOP에서 JSON | HTTP | CDN | 루프 방지,텍스트 변환 | 개발자 도구 | 코드 변환 | 개발자·텍스트 | cdn-loop-header-json | CDN-LOOP | JSON | 제이슨 | 데이터,
json-cdn-loop-header,json-cdn-loop-header,platform,text,JSON → CDN-Loop 헤더,developer,json-cdn-loop-header,JSON,CDN-LOOP,published,true,,3.52.0,2026-07-21,2026-07-21,true,false,0,?tool=json-cdn-loop-header,?category=developer&convert=json-cdn-loop-header,json-cdn-loop-header,JSON를 CDN-LOOP로 | JSON CDN-LOOP 변환 | JSON에서 CDN-LOOP | HTTP | CDN | 루프 방지,텍스트 변환 | 개발자 도구 | 코드 변환 | 개발자·텍스트 | json-cdn-loop-header | JSON | 제이슨 | 데이터 | CDN-LOOP,
cache-status-header-json,cache-status-header-json,platform,text,Cache-Status → JSON,developer,cache-status-header-json,CACHE-STATUS,JSON,published,true,,3.52.0,2026-07-21,2026-07-21,true,false,0,?tool=cache-status-header-json,?category=developer&convert=cache-status-header-json,cache-status-header-json,CACHE-STATUS를 JSON로 | CACHE-STATUS JSON 변환 | CACHE-STATUS에서 JSON | HTTP | Cache-Status | 캐시,텍스트 변환 | 개발자 도구 | 코드 변환 | 개발자·텍스트 | cache-status-header-json | CACHE-STATUS | JSON | 제이슨 | 데이터,
json-cache-status-header,json-cache-status-header,platform,text,JSON → Cache-Status,developer,json-cache-status-header,JSON,CACHE-STATUS,published,true,,3.52.0,2026-07-21,2026-07-21,true,false,0,?tool=json-cache-status-header,?category=developer&convert=json-cache-status-header,json-cache-status-header,JSON를 CACHE-STATUS로 | JSON CACHE-STATUS 변환 | JSON에서 CACHE-STATUS | HTTP | Cache-Status | 캐시,텍스트 변환 | 개발자 도구 | 코드 변환 | 개발자·텍스트 | json-cache-status-header | JSON | 제이슨 | 데이터 | CACHE-STATUS,
surrogate-control-header-json,surrogate-control-header-json,platform,text,Surrogate-Control → JSON,developer,surrogate-control-header-json,SURROGATE-CONTROL,JSON,published,true,,3.52.0,2026-07-21,2026-07-21,true,false,0,?tool=surrogate-control-header-json,?category=developer&convert=surrogate-control-header-json,surrogate-control-header-json,SURROGATE-CONTROL를 JSON로 | SURROGATE-CONTROL JSON 변환 | SURROGATE-CONTROL에서 JSON | HTTP | Surrogate-Control | CDN,텍스트 변환 | 개발자 도구 | 코드 변환 | 개발자·텍스트 | surrogate-control-header-json | SURROGATE-CONTROL | JSON | 제이슨 | 데이터,
json-surrogate-control-header,json-surrogate-control-header,platform,text,JSON → Surrogate-Control,developer,json-surrogate-control-header,JSON,SURROGATE-CONTROL,published,true,,3.52.0,2026-07-21,2026-07-21,true,false,0,?tool=json-surrogate-control-header,?category=developer&convert=json-surrogate-control-header,json-surrogate-control-header,JSON를 SURROGATE-CONTROL로 | JSON SURROGATE-CONTROL 변환 | JSON에서 SURROGATE-CONTROL | HTTP | Surrogate-Control | CDN,텍스트 변환 | 개발자 도구 | 코드 변환 | 개발자·텍스트 | json-surrogate-control-header | JSON | 제이슨 | 데이터 | SURROGATE-CONTROL,
accept-ranges-header-lines,accept-ranges-header-lines,platform,text,Accept-Ranges → 단위 목록,developer,accept-ranges-header-lines,ACCEPT-RANGES,LINES,published,true,,3.52.0,2026-07-21,2026-07-21,true,false,0,?tool=accept-ranges-header-lines,?category=developer&convert=accept-ranges-header-lines,accept-ranges-header-lines,ACCEPT-RANGES를 LINES로 | ACCEPT-RANGES LINES 변환 | ACCEPT-RANGES에서 LINES | HTTP | Accept-Ranges | 범위 요청,텍스트 변환 | 개발자 도구 | 코드 변환 | 개발자·텍스트 | accept-ranges-header-lines | ACCEPT-RANGES | LINES,
lines-accept-ranges-header,lines-accept-ranges-header,platform,text,단위 목록 → Accept-Ranges,developer,lines-accept-ranges-header,LINES,ACCEPT-RANGES,published,true,,3.52.0,2026-07-21,2026-07-21,true,false,0,?tool=lines-accept-ranges-header,?category=developer&convert=lines-accept-ranges-header,lines-accept-ranges-header,LINES를 ACCEPT-RANGES로 | LINES ACCEPT-RANGES 변환 | LINES에서 ACCEPT-RANGES | HTTP | Accept-Ranges | 범위 요청,텍스트 변환 | 개발자 도구 | 코드 변환 | 개발자·텍스트 | lines-accept-ranges-header | LINES | ACCEPT-RANGES,
content-location-header-json,content-location-header-json,platform,text,Content-Location → JSON,developer,content-location-header-json,CONTENT-LOCATION,JSON,published,true,,3.52.0,2026-07-21,2026-07-21,true,false,0,?tool=content-location-header-json,?category=developer&convert=content-location-header-json,content-location-header-json,CONTENT-LOCATION를 JSON로 | CONTENT-LOCATION JSON 변환 | CONTENT-LOCATION에서 JSON | HTTP | Content-Location | URL,텍스트 변환 | 개발자 도구 | 코드 변환 | 개발자·텍스트 | content-location-header-json | CONTENT-LOCATION | JSON | 제이슨 | 데이터,
json-content-location-header,json-content-location-header,platform,text,JSON → Content-Location,developer,json-content-location-header,JSON,CONTENT-LOCATION,published,true,,3.52.0,2026-07-21,2026-07-21,true,false,0,?tool=json-content-location-header,?category=developer&convert=json-content-location-header,json-content-location-header,JSON를 CONTENT-LOCATION로 | JSON CONTENT-LOCATION 변환 | JSON에서 CONTENT-LOCATION | HTTP | Content-Location | URL,텍스트 변환 | 개발자 도구 | 코드 변환 | 개발자·텍스트 | json-content-location-header | JSON | 제이슨 | 데이터 | CONTENT-LOCATION,
content-md5-header-json,content-md5-header-json,platform,text,Content-MD5 → JSON,developer,content-md5-header-json,CONTENT-MD5,JSON,published,true,,3.52.0,2026-07-21,2026-07-21,true,false,0,?tool=content-md5-header-json,?category=developer&convert=content-md5-header-json,content-md5-header-json,CONTENT-MD5를 JSON로 | CONTENT-MD5 JSON 변환 | CONTENT-MD5에서 JSON | HTTP | Content-MD5 | 무결성,텍스트 변환 | 개발자 도구 | 코드 변환 | 개발자·텍스트 | content-md5-header-json | CONTENT-MD5 | JSON | 제이슨 | 데이터,
json-content-md5-header,json-content-md5-header,platform,text,JSON → Content-MD5,developer,json-content-md5-header,JSON,CONTENT-MD5,published,true,,3.52.0,2026-07-21,2026-07-21,true,false,0,?tool=json-content-md5-header,?category=developer&convert=json-content-md5-header,json-content-md5-header,JSON를 CONTENT-MD5로 | JSON CONTENT-MD5 변환 | JSON에서 CONTENT-MD5 | HTTP | Content-MD5 | 무결성,텍스트 변환 | 개발자 도구 | 코드 변환 | 개발자·텍스트 | json-content-md5-header | JSON | 제이슨 | 데이터 | CONTENT-MD5,
upgrade-insecure-requests-header-json,upgrade-insecure-requests-header-json,platform,text,Upgrade-Insecure-Requests → JSON,developer,upgrade-insecure-requests-header-json,UPGRADE-INSECURE-REQUESTS,JSON,published,true,,3.52.0,2026-07-21,2026-07-21,true,false,0,?tool=upgrade-insecure-requests-header-json,?category=developer&convert=upgrade-insecure-requests-header-json,upgrade-insecure-requests-header-json,UPGRADE-INSECURE-REQUESTS를 JSON로 | UPGRADE-INSECURE-REQUESTS JSON 변환 | UPGRADE-INSECURE-REQUESTS에서 JSON | HTTP | HTTPS | 보안,텍스트 변환 | 개발자 도구 | 코드 변환 | 개발자·텍스트 | upgrade-insecure-requests-header-json | UPGRADE-INSECURE-REQUESTS | JSON | 제이슨 | 데이터,
json-upgrade-insecure-requests-header,json-upgrade-insecure-requests-header,platform,text,JSON → Upgrade-Insecure-Requests,developer,json-upgrade-insecure-requests-header,JSON,UPGRADE-INSECURE-REQUESTS,published,true,,3.52.0,2026-07-21,2026-07-21,true,false,0,?tool=json-upgrade-insecure-requests-header,?category=developer&convert=json-upgrade-insecure-requests-header,json-upgrade-insecure-requests-header,JSON를 UPGRADE-INSECURE-REQUESTS로 | JSON UPGRADE-INSECURE-REQUESTS 변환 | JSON에서 UPGRADE-INSECURE-REQUESTS | HTTP | HTTPS | 보안,텍스트 변환 | 개발자 도구 | 코드 변환 | 개발자·텍스트 | json-upgrade-insecure-requests-header | JSON | 제이슨 | 데이터 | UPGRADE-INSECURE-REQUESTS,
dnt-header-json,dnt-header-json,platform,text,DNT 헤더 → JSON,developer,dnt-header-json,DNT,JSON,published,true,,3.52.0,2026-07-21,2026-07-21,true,false,0,?tool=dnt-header-json,?category=developer&convert=dnt-header-json,dnt-header-json,DNT를 JSON로 | DNT JSON 변환 | DNT에서 JSON | HTTP | DNT | 개인정보,텍스트 변환 | 개발자 도구 | 코드 변환 | 개발자·텍스트 | dnt-header-json | DNT | JSON | 제이슨 | 데이터,
json-dnt-header,json-dnt-header,platform,text,JSON → DNT 헤더,developer,json-dnt-header,JSON,DNT,published,true,,3.52.0,2026-07-21,2026-07-21,true,false,0,?tool=json-dnt-header,?category=developer&convert=json-dnt-header,json-dnt-header,JSON를 DNT로 | JSON DNT 변환 | JSON에서 DNT | HTTP | DNT | 개인정보,텍스트 변환 | 개발자 도구 | 코드 변환 | 개발자·텍스트 | json-dnt-header | JSON | 제이슨 | 데이터 | DNT,
sec-gpc-header-json,sec-gpc-header-json,platform,text,Sec-GPC 헤더 → JSON,developer,sec-gpc-header-json,SEC-GPC,JSON,published,true,,3.52.0,2026-07-21,2026-07-21,true,false,0,?tool=sec-gpc-header-json,?category=developer&convert=sec-gpc-header-json,sec-gpc-header-json,SEC-GPC를 JSON로 | SEC-GPC JSON 변환 | SEC-GPC에서 JSON | HTTP | GPC | 개인정보,텍스트 변환 | 개발자 도구 | 코드 변환 | 개발자·텍스트 | sec-gpc-header-json | SEC-GPC | JSON | 제이슨 | 데이터,
json-sec-gpc-header,json-sec-gpc-header,platform,text,JSON → Sec-GPC 헤더,developer,json-sec-gpc-header,JSON,SEC-GPC,published,true,,3.52.0,2026-07-21,2026-07-21,true,false,0,?tool=json-sec-gpc-header,?category=developer&convert=json-sec-gpc-header,json-sec-gpc-header,JSON를 SEC-GPC로 | JSON SEC-GPC 변환 | JSON에서 SEC-GPC | HTTP | GPC | 개인정보,텍스트 변환 | 개발자 도구 | 코드 변환 | 개발자·텍스트 | json-sec-gpc-header | JSON | 제이슨 | 데이터 | SEC-GPC,
sec-websocket-key-header-json,sec-websocket-key-header-json,platform,text,Sec-WebSocket-Key → JSON,developer,sec-websocket-key-header-json,SEC-WEBSOCKET-KEY,JSON,published,true,,3.52.0,2026-07-21,2026-07-21,true,false,0,?tool=sec-websocket-key-header-json,?category=developer&convert=sec-websocket-key-header-json,sec-websocket-key-header-json,SEC-WEBSOCKET-KEY를 JSON로 | SEC-WEBSOCKET-KEY JSON 변환 | SEC-WEBSOCKET-KEY에서 JSON | HTTP | WebSocket | Base64,텍스트 변환 | 개발자 도구 | 코드 변환 | 개발자·텍스트 | sec-websocket-key-header-json | SEC-WEBSOCKET-KEY | JSON | 제이슨 | 데이터,
json-sec-websocket-key-header,json-sec-websocket-key-header,platform,text,JSON → Sec-WebSocket-Key,developer,json-sec-websocket-key-header,JSON,SEC-WEBSOCKET-KEY,published,true,,3.52.0,2026-07-21,2026-07-21,true,false,0,?tool=json-sec-websocket-key-header,?category=developer&convert=json-sec-websocket-key-header,json-sec-websocket-key-header,JSON를 SEC-WEBSOCKET-KEY로 | JSON SEC-WEBSOCKET-KEY 변환 | JSON에서 SEC-WEBSOCKET-KEY | HTTP | WebSocket | Base64,텍스트 변환 | 개발자 도구 | 코드 변환 | 개발자·텍스트 | json-sec-websocket-key-header | JSON | 제이슨 | 데이터 | SEC-WEBSOCKET-KEY,
sec-websocket-accept-header-json,sec-websocket-accept-header-json,platform,text,Sec-WebSocket-Accept → JSON,developer,sec-websocket-accept-header-json,SEC-WEBSOCKET-ACCEPT,JSON,published,true,,3.52.0,2026-07-21,2026-07-21,true,false,0,?tool=sec-websocket-accept-header-json,?category=developer&convert=sec-websocket-accept-header-json,sec-websocket-accept-header-json,SEC-WEBSOCKET-ACCEPT를 JSON로 | SEC-WEBSOCKET-ACCEPT JSON 변환 | SEC-WEBSOCKET-ACCEPT에서 JSON | HTTP | WebSocket | Base64,텍스트 변환 | 개발자 도구 | 코드 변환 | 개발자·텍스트 | sec-websocket-accept-header-json | SEC-WEBSOCKET-ACCEPT | JSON | 제이슨 | 데이터,
json-sec-websocket-accept-header,json-sec-websocket-accept-header,platform,text,JSON → Sec-WebSocket-Accept,developer,json-sec-websocket-accept-header,JSON,SEC-WEBSOCKET-ACCEPT,published,true,,3.52.0,2026-07-21,2026-07-21,true,false,0,?tool=json-sec-websocket-accept-header,?category=developer&convert=json-sec-websocket-accept-header,json-sec-websocket-accept-header,JSON를 SEC-WEBSOCKET-ACCEPT로 | JSON SEC-WEBSOCKET-ACCEPT 변환 | JSON에서 SEC-WEBSOCKET-ACCEPT | HTTP | WebSocket | Base64,텍스트 변환 | 개발자 도구 | 코드 변환 | 개발자·텍스트 | json-sec-websocket-accept-header | JSON | 제이슨 | 데이터 | SEC-WEBSOCKET-ACCEPT,
accept-ch-header-lines,accept-ch-header-lines,platform,text,Accept-CH → 힌트 목록,developer,accept-ch-header-lines,ACCEPT-CH,LINES,published,true,,3.53.0,2026-07-22,2026-07-22,true,false,0,?tool=accept-ch-header-lines,?category=developer&convert=accept-ch-header-lines,accept-ch-header-lines,ACCEPT-CH를 LINES로 | ACCEPT-CH LINES 변환 | ACCEPT-CH에서 LINES | HTTP | Client Hints | Accept-CH,텍스트 변환 | 개발자 도구 | 코드 변환 | 개발자·텍스트 | accept-ch-header-lines | ACCEPT-CH | LINES,
lines-accept-ch-header,lines-accept-ch-header,platform,text,힌트 목록 → Accept-CH,developer,lines-accept-ch-header,LINES,ACCEPT-CH,published,true,,3.53.0,2026-07-22,2026-07-22,true,false,0,?tool=lines-accept-ch-header,?category=developer&convert=lines-accept-ch-header,lines-accept-ch-header,LINES를 ACCEPT-CH로 | LINES ACCEPT-CH 변환 | LINES에서 ACCEPT-CH | HTTP | Client Hints | Accept-CH,텍스트 변환 | 개발자 도구 | 코드 변환 | 개발자·텍스트 | lines-accept-ch-header | LINES | ACCEPT-CH,
critical-ch-header-lines,critical-ch-header-lines,platform,text,Critical-CH → 힌트 목록,developer,critical-ch-header-lines,CRITICAL-CH,LINES,published,true,,3.53.0,2026-07-22,2026-07-22,true,false,0,?tool=critical-ch-header-lines,?category=developer&convert=critical-ch-header-lines,critical-ch-header-lines,CRITICAL-CH를 LINES로 | CRITICAL-CH LINES 변환 | CRITICAL-CH에서 LINES | HTTP | Client Hints | Critical-CH,텍스트 변환 | 개발자 도구 | 코드 변환 | 개발자·텍스트 | critical-ch-header-lines | CRITICAL-CH | LINES,
lines-critical-ch-header,lines-critical-ch-header,platform,text,힌트 목록 → Critical-CH,developer,lines-critical-ch-header,LINES,CRITICAL-CH,published,true,,3.53.0,2026-07-22,2026-07-22,true,false,0,?tool=lines-critical-ch-header,?category=developer&convert=lines-critical-ch-header,lines-critical-ch-header,LINES를 CRITICAL-CH로 | LINES CRITICAL-CH 변환 | LINES에서 CRITICAL-CH | HTTP | Client Hints | Critical-CH,텍스트 변환 | 개발자 도구 | 코드 변환 | 개발자·텍스트 | lines-critical-ch-header | LINES | CRITICAL-CH,
early-data-header-json,early-data-header-json,platform,text,Early-Data 헤더 → JSON,developer,early-data-header-json,EARLY-DATA,JSON,published,true,,3.53.0,2026-07-22,2026-07-22,true,false,0,?tool=early-data-header-json,?category=developer&convert=early-data-header-json,early-data-header-json,EARLY-DATA를 JSON로 | EARLY-DATA JSON 변환 | EARLY-DATA에서 JSON | HTTP | Early-Data | TLS,텍스트 변환 | 개발자 도구 | 코드 변환 | 개발자·텍스트 | early-data-header-json | EARLY-DATA | JSON | 제이슨 | 데이터,
json-early-data-header,json-early-data-header,platform,text,JSON → Early-Data 헤더,developer,json-early-data-header,JSON,EARLY-DATA,published,true,,3.53.0,2026-07-22,2026-07-22,true,false,0,?tool=json-early-data-header,?category=developer&convert=json-early-data-header,json-early-data-header,JSON를 EARLY-DATA로 | JSON EARLY-DATA 변환 | JSON에서 EARLY-DATA | HTTP | Early-Data | TLS,텍스트 변환 | 개발자 도구 | 코드 변환 | 개발자·텍스트 | json-early-data-header | JSON | 제이슨 | 데이터 | EARLY-DATA,
clear-site-data-header-json,clear-site-data-header-json,platform,text,Clear-Site-Data → JSON,developer,clear-site-data-header-json,CLEAR-SITE-DATA,JSON,published,true,,3.53.0,2026-07-22,2026-07-22,true,false,0,?tool=clear-site-data-header-json,?category=developer&convert=clear-site-data-header-json,clear-site-data-header-json,CLEAR-SITE-DATA를 JSON로 | CLEAR-SITE-DATA JSON 변환 | CLEAR-SITE-DATA에서 JSON | HTTP | Clear-Site-Data | 보안,텍스트 변환 | 개발자 도구 | 코드 변환 | 개발자·텍스트 | clear-site-data-header-json | CLEAR-SITE-DATA | JSON | 제이슨 | 데이터,
json-clear-site-data-header,json-clear-site-data-header,platform,text,JSON → Clear-Site-Data,developer,json-clear-site-data-header,JSON,CLEAR-SITE-DATA,published,true,,3.53.0,2026-07-22,2026-07-22,true,false,0,?tool=json-clear-site-data-header,?category=developer&convert=json-clear-site-data-header,json-clear-site-data-header,JSON를 CLEAR-SITE-DATA로 | JSON CLEAR-SITE-DATA 변환 | JSON에서 CLEAR-SITE-DATA | HTTP | Clear-Site-Data | 보안,텍스트 변환 | 개발자 도구 | 코드 변환 | 개발자·텍스트 | json-clear-site-data-header | JSON | 제이슨 | 데이터 | CLEAR-SITE-DATA,
reporting-endpoints-header-json,reporting-endpoints-header-json,platform,text,Reporting-Endpoints → JSON,developer,reporting-endpoints-header-json,REPORTING-ENDPOINTS,JSON,published,true,,3.53.0,2026-07-22,2026-07-22,true,false,0,?tool=reporting-endpoints-header-json,?category=developer&convert=reporting-endpoints-header-json,reporting-endpoints-header-json,REPORTING-ENDPOINTS를 JSON로 | REPORTING-ENDPOINTS JSON 변환 | REPORTING-ENDPOINTS에서 JSON | HTTP | Reporting | 엔드포인트,텍스트 변환 | 개발자 도구 | 코드 변환 | 개발자·텍스트 | reporting-endpoints-header-json | REPORTING-ENDPOINTS | JSON | 제이슨 | 데이터,
json-reporting-endpoints-header,json-reporting-endpoints-header,platform,text,JSON → Reporting-Endpoints,developer,json-reporting-endpoints-header,JSON,REPORTING-ENDPOINTS,published,true,,3.53.0,2026-07-22,2026-07-22,true,false,0,?tool=json-reporting-endpoints-header,?category=developer&convert=json-reporting-endpoints-header,json-reporting-endpoints-header,JSON를 REPORTING-ENDPOINTS로 | JSON REPORTING-ENDPOINTS 변환 | JSON에서 REPORTING-ENDPOINTS | HTTP | Reporting | 엔드포인트,텍스트 변환 | 개발자 도구 | 코드 변환 | 개발자·텍스트 | json-reporting-endpoints-header | JSON | 제이슨 | 데이터 | REPORTING-ENDPOINTS,
report-to-header-json,report-to-header-json,platform,text,Report-To 헤더 → JSON,developer,report-to-header-json,REPORT-TO,JSON,published,true,,3.53.0,2026-07-22,2026-07-22,true,false,0,?tool=report-to-header-json,?category=developer&convert=report-to-header-json,report-to-header-json,REPORT-TO를 JSON로 | REPORT-TO JSON 변환 | REPORT-TO에서 JSON | HTTP | Report-To | Reporting,텍스트 변환 | 개발자 도구 | 코드 변환 | 개발자·텍스트 | report-to-header-json | REPORT-TO | JSON | 제이슨 | 데이터,
json-report-to-header,json-report-to-header,platform,text,JSON → Report-To 헤더,developer,json-report-to-header,JSON,REPORT-TO,published,true,,3.53.0,2026-07-22,2026-07-22,true,false,0,?tool=json-report-to-header,?category=developer&convert=json-report-to-header,json-report-to-header,JSON를 REPORT-TO로 | JSON REPORT-TO 변환 | JSON에서 REPORT-TO | HTTP | Report-To | Reporting,텍스트 변환 | 개발자 도구 | 코드 변환 | 개발자·텍스트 | json-report-to-header | JSON | 제이슨 | 데이터 | REPORT-TO,
nel-header-json,nel-header-json,platform,text,NEL 헤더 → JSON,developer,nel-header-json,NEL,JSON,published,true,,3.53.0,2026-07-22,2026-07-22,true,false,0,?tool=nel-header-json,?category=developer&convert=nel-header-json,nel-header-json,NEL를 JSON로 | NEL JSON 변환 | NEL에서 JSON | HTTP | NEL | Reporting,텍스트 변환 | 개발자 도구 | 코드 변환 | 개발자·텍스트 | nel-header-json | NEL | JSON | 제이슨 | 데이터,
json-nel-header,json-nel-header,platform,text,JSON → NEL 헤더,developer,json-nel-header,JSON,NEL,published,true,,3.53.0,2026-07-22,2026-07-22,true,false,0,?tool=json-nel-header,?category=developer&convert=json-nel-header,json-nel-header,JSON를 NEL로 | JSON NEL 변환 | JSON에서 NEL | HTTP | NEL | Reporting,텍스트 변환 | 개발자 도구 | 코드 변환 | 개발자·텍스트 | json-nel-header | JSON | 제이슨 | 데이터 | NEL,
cross-origin-embedder-policy-header-json,cross-origin-embedder-policy-header-json,platform,text,COEP 헤더 → JSON,developer,cross-origin-embedder-policy-header-json,COEP,JSON,published,true,,3.53.0,2026-07-22,2026-07-22,true,false,0,?tool=cross-origin-embedder-policy-header-json,?category=developer&convert=cross-origin-embedder-policy-header-json,cross-origin-embedder-policy-header-json,COEP를 JSON로 | COEP JSON 변환 | COEP에서 JSON | HTTP | COEP | 보안,텍스트 변환 | 개발자 도구 | 코드 변환 | 개발자·텍스트 | cross-origin-embedder-policy-header-json | COEP | JSON | 제이슨 | 데이터,
json-cross-origin-embedder-policy-header,json-cross-origin-embedder-policy-header,platform,text,JSON → COEP 헤더,developer,json-cross-origin-embedder-policy-header,JSON,COEP,published,true,,3.53.0,2026-07-22,2026-07-22,true,false,0,?tool=json-cross-origin-embedder-policy-header,?category=developer&convert=json-cross-origin-embedder-policy-header,json-cross-origin-embedder-policy-header,JSON를 COEP로 | JSON COEP 변환 | JSON에서 COEP | HTTP | COEP | 보안,텍스트 변환 | 개발자 도구 | 코드 변환 | 개발자·텍스트 | json-cross-origin-embedder-policy-header | JSON | 제이슨 | 데이터 | COEP,
cross-origin-opener-policy-header-json,cross-origin-opener-policy-header-json,platform,text,COOP 헤더 → JSON,developer,cross-origin-opener-policy-header-json,COOP,JSON,published,true,,3.53.0,2026-07-22,2026-07-22,true,false,0,?tool=cross-origin-opener-policy-header-json,?category=developer&convert=cross-origin-opener-policy-header-json,cross-origin-opener-policy-header-json,COOP를 JSON로 | COOP JSON 변환 | COOP에서 JSON | HTTP | COOP | 보안,텍스트 변환 | 개발자 도구 | 코드 변환 | 개발자·텍스트 | cross-origin-opener-policy-header-json | COOP | JSON | 제이슨 | 데이터,
json-cross-origin-opener-policy-header,json-cross-origin-opener-policy-header,platform,text,JSON → COOP 헤더,developer,json-cross-origin-opener-policy-header,JSON,COOP,published,true,,3.53.0,2026-07-22,2026-07-22,true,false,0,?tool=json-cross-origin-opener-policy-header,?category=developer&convert=json-cross-origin-opener-policy-header,json-cross-origin-opener-policy-header,JSON를 COOP로 | JSON COOP 변환 | JSON에서 COOP | HTTP | COOP | 보안,텍스트 변환 | 개발자 도구 | 코드 변환 | 개발자·텍스트 | json-cross-origin-opener-policy-header | JSON | 제이슨 | 데이터 | COOP,
cross-origin-resource-policy-header-json,cross-origin-resource-policy-header-json,platform,text,CORP 헤더 → JSON,developer,cross-origin-resource-policy-header-json,CORP,JSON,published,true,,3.53.0,2026-07-22,2026-07-22,true,false,0,?tool=cross-origin-resource-policy-header-json,?category=developer&convert=cross-origin-resource-policy-header-json,cross-origin-resource-policy-header-json,CORP를 JSON로 | CORP JSON 변환 | CORP에서 JSON | HTTP | CORP | 보안,텍스트 변환 | 개발자 도구 | 코드 변환 | 개발자·텍스트 | cross-origin-resource-policy-header-json | CORP | JSON | 제이슨 | 데이터,
json-cross-origin-resource-policy-header,json-cross-origin-resource-policy-header,platform,text,JSON → CORP 헤더,developer,json-cross-origin-resource-policy-header,JSON,CORP,published,true,,3.53.0,2026-07-22,2026-07-22,true,false,0,?tool=json-cross-origin-resource-policy-header,?category=developer&convert=json-cross-origin-resource-policy-header,json-cross-origin-resource-policy-header,JSON를 CORP로 | JSON CORP 변환 | JSON에서 CORP | HTTP | CORP | 보안,텍스트 변환 | 개발자 도구 | 코드 변환 | 개발자·텍스트 | json-cross-origin-resource-policy-header | JSON | 제이슨 | 데이터 | CORP,
timing-allow-origin-header-lines,timing-allow-origin-header-lines,platform,text,Timing-Allow-Origin → 목록,developer,timing-allow-origin-header-lines,TIMING-ALLOW-ORIGIN,LINES,published,true,,3.53.0,2026-07-22,2026-07-22,true,false,0,?tool=timing-allow-origin-header-lines,?category=developer&convert=timing-allow-origin-header-lines,timing-allow-origin-header-lines,TIMING-ALLOW-ORIGIN를 LINES로 | TIMING-ALLOW-ORIGIN LINES 변환 | TIMING-ALLOW-ORIGIN에서 LINES | HTTP | Timing-Allow-Origin | CORS,텍스트 변환 | 개발자 도구 | 코드 변환 | 개발자·텍스트 | timing-allow-origin-header-lines | TIMING-ALLOW-ORIGIN | LINES,
lines-timing-allow-origin-header,lines-timing-allow-origin-header,platform,text,목록 → Timing-Allow-Origin,developer,lines-timing-allow-origin-header,LINES,TIMING-ALLOW-ORIGIN,published,true,,3.53.0,2026-07-22,2026-07-22,true,false,0,?tool=lines-timing-allow-origin-header,?category=developer&convert=lines-timing-allow-origin-header,lines-timing-allow-origin-header,LINES를 TIMING-ALLOW-ORIGIN로 | LINES TIMING-ALLOW-ORIGIN 변환 | LINES에서 TIMING-ALLOW-ORIGIN | HTTP | Timing-Allow-Origin | CORS,텍스트 변환 | 개발자 도구 | 코드 변환 | 개발자·텍스트 | lines-timing-allow-origin-header | LINES | TIMING-ALLOW-ORIGIN,
access-control-allow-credentials-header-json,access-control-allow-credentials-header-json,platform,text,CORS Credentials → JSON,developer,access-control-allow-credentials-header-json,ACCESS-CONTROL-ALLOW-CREDENTIALS,JSON,published,true,,3.53.0,2026-07-22,2026-07-22,true,false,0,?tool=access-control-allow-credentials-header-json,?category=developer&convert=access-control-allow-credentials-header-json,access-control-allow-credentials-header-json,ACCESS-CONTROL-ALLOW-CREDENTIALS를 JSON로 | ACCESS-CONTROL-ALLOW-CREDENTIALS JSON 변환 | ACCESS-CONTROL-ALLOW-CREDENTIALS에서 JSON | HTTP | CORS | Credentials,텍스트 변환 | 개발자 도구 | 코드 변환 | 개발자·텍스트 | access-control-allow-credentials-header-json | ACCESS-CONTROL-ALLOW-CREDENTIALS | JSON | 제이슨 | 데이터,
json-access-control-allow-credentials-header,json-access-control-allow-credentials-header,platform,text,JSON → CORS Credentials,developer,json-access-control-allow-credentials-header,JSON,ACCESS-CONTROL-ALLOW-CREDENTIALS,published,true,,3.53.0,2026-07-22,2026-07-22,true,false,0,?tool=json-access-control-allow-credentials-header,?category=developer&convert=json-access-control-allow-credentials-header,json-access-control-allow-credentials-header,JSON를 ACCESS-CONTROL-ALLOW-CREDENTIALS로 | JSON ACCESS-CONTROL-ALLOW-CREDENTIALS 변환 | JSON에서 ACCESS-CONTROL-ALLOW-CREDENTIALS | HTTP | CORS | Credentials,텍스트 변환 | 개발자 도구 | 코드 변환 | 개발자·텍스트 | json-access-control-allow-credentials-header | JSON | 제이슨 | 데이터 | ACCESS-CONTROL-ALLOW-CREDENTIALS,
access-control-request-method-header-json,access-control-request-method-header-json,platform,text,CORS 요청 메서드 → JSON,developer,access-control-request-method-header-json,ACCESS-CONTROL-REQUEST-METHOD,JSON,published,true,,3.53.0,2026-07-22,2026-07-22,true,false,0,?tool=access-control-request-method-header-json,?category=developer&convert=access-control-request-method-header-json,access-control-request-method-header-json,ACCESS-CONTROL-REQUEST-METHOD를 JSON로 | ACCESS-CONTROL-REQUEST-METHOD JSON 변환 | ACCESS-CONTROL-REQUEST-METHOD에서 JSON | HTTP | CORS | 메서드,텍스트 변환 | 개발자 도구 | 코드 변환 | 개발자·텍스트 | access-control-request-method-header-json | ACCESS-CONTROL-REQUEST-METHOD | JSON | 제이슨 | 데이터,
json-access-control-request-method-header,json-access-control-request-method-header,platform,text,JSON → CORS 요청 메서드,developer,json-access-control-request-method-header,JSON,ACCESS-CONTROL-REQUEST-METHOD,published,true,,3.53.0,2026-07-22,2026-07-22,true,false,0,?tool=json-access-control-request-method-header,?category=developer&convert=json-access-control-request-method-header,json-access-control-request-method-header,JSON를 ACCESS-CONTROL-REQUEST-METHOD로 | JSON ACCESS-CONTROL-REQUEST-METHOD 변환 | JSON에서 ACCESS-CONTROL-REQUEST-METHOD | HTTP | CORS | 메서드,텍스트 변환 | 개발자 도구 | 코드 변환 | 개발자·텍스트 | json-access-control-request-method-header | JSON | 제이슨 | 데이터 | ACCESS-CONTROL-REQUEST-METHOD,
sourcemap-header-json,sourcemap-header-json,platform,text,SourceMap 헤더 → JSON,developer,sourcemap-header-json,SOURCEMAP,JSON,published,true,,3.53.0,2026-07-22,2026-07-22,true,false,0,?tool=sourcemap-header-json,?category=developer&convert=sourcemap-header-json,sourcemap-header-json,SOURCEMAP를 JSON로 | SOURCEMAP JSON 변환 | SOURCEMAP에서 JSON | HTTP | SourceMap | 개발자,텍스트 변환 | 개발자 도구 | 코드 변환 | 개발자·텍스트 | sourcemap-header-json | SOURCEMAP | JSON | 제이슨 | 데이터,
json-sourcemap-header,json-sourcemap-header,platform,text,JSON → SourceMap 헤더,developer,json-sourcemap-header,JSON,SOURCEMAP,published,true,,3.53.0,2026-07-22,2026-07-22,true,false,0,?tool=json-sourcemap-header,?category=developer&convert=json-sourcemap-header,json-sourcemap-header,JSON를 SOURCEMAP로 | JSON SOURCEMAP 변환 | JSON에서 SOURCEMAP | HTTP | SourceMap | 개발자,텍스트 변환 | 개발자 도구 | 코드 변환 | 개발자·텍스트 | json-sourcemap-header | JSON | 제이슨 | 데이터 | SOURCEMAP,
x-content-type-options-header-json,x-content-type-options-header-json,platform,text,X-Content-Type-Options → JSON,developer,x-content-type-options-header-json,X-CONTENT-TYPE-OPTIONS,JSON,published,true,,3.53.0,2026-07-22,2026-07-22,true,false,0,?tool=x-content-type-options-header-json,?category=developer&convert=x-content-type-options-header-json,x-content-type-options-header-json,X-CONTENT-TYPE-OPTIONS를 JSON로 | X-CONTENT-TYPE-OPTIONS JSON 변환 | X-CONTENT-TYPE-OPTIONS에서 JSON | HTTP | 보안 | nosniff,텍스트 변환 | 개발자 도구 | 코드 변환 | 개발자·텍스트 | x-content-type-options-header-json | X-CONTENT-TYPE-OPTIONS | JSON | 제이슨 | 데이터,
json-x-content-type-options-header,json-x-content-type-options-header,platform,text,JSON → X-Content-Type-Options,developer,json-x-content-type-options-header,JSON,X-CONTENT-TYPE-OPTIONS,published,true,,3.53.0,2026-07-22,2026-07-22,true,false,0,?tool=json-x-content-type-options-header,?category=developer&convert=json-x-content-type-options-header,json-x-content-type-options-header,JSON를 X-CONTENT-TYPE-OPTIONS로 | JSON X-CONTENT-TYPE-OPTIONS 변환 | JSON에서 X-CONTENT-TYPE-OPTIONS | HTTP | 보안 | nosniff,텍스트 변환 | 개발자 도구 | 코드 변환 | 개발자·텍스트 | json-x-content-type-options-header | JSON | 제이슨 | 데이터 | X-CONTENT-TYPE-OPTIONS,
x-frame-options-header-json,x-frame-options-header-json,platform,text,X-Frame-Options → JSON,developer,x-frame-options-header-json,X-FRAME-OPTIONS,JSON,published,true,,3.54.0,2026-07-23,2026-07-23,true,false,0,?tool=x-frame-options-header-json,?category=developer&convert=x-frame-options-header-json,x-frame-options-header-json,X-FRAME-OPTIONS를 JSON로 | X-FRAME-OPTIONS JSON 변환 | X-FRAME-OPTIONS에서 JSON | HTTP | X-Frame-Options | 보안,텍스트 변환 | 개발자 도구 | 코드 변환 | 개발자·텍스트 | x-frame-options-header-json | X-FRAME-OPTIONS | JSON | 제이슨 | 데이터,
json-x-frame-options-header,json-x-frame-options-header,platform,text,JSON → X-Frame-Options,developer,json-x-frame-options-header,JSON,X-FRAME-OPTIONS,published,true,,3.54.0,2026-07-23,2026-07-23,true,false,0,?tool=json-x-frame-options-header,?category=developer&convert=json-x-frame-options-header,json-x-frame-options-header,JSON를 X-FRAME-OPTIONS로 | JSON X-FRAME-OPTIONS 변환 | JSON에서 X-FRAME-OPTIONS | HTTP | X-Frame-Options | 보안,텍스트 변환 | 개발자 도구 | 코드 변환 | 개발자·텍스트 | json-x-frame-options-header | JSON | 제이슨 | 데이터 | X-FRAME-OPTIONS,
x-xss-protection-header-json,x-xss-protection-header-json,platform,text,X-XSS-Protection → JSON,developer,x-xss-protection-header-json,X-XSS-PROTECTION,JSON,published,true,,3.54.0,2026-07-23,2026-07-23,true,false,0,?tool=x-xss-protection-header-json,?category=developer&convert=x-xss-protection-header-json,x-xss-protection-header-json,X-XSS-PROTECTION를 JSON로 | X-XSS-PROTECTION JSON 변환 | X-XSS-PROTECTION에서 JSON | HTTP | X-XSS-Protection | 보안,텍스트 변환 | 개발자 도구 | 코드 변환 | 개발자·텍스트 | x-xss-protection-header-json | X-XSS-PROTECTION | JSON | 제이슨 | 데이터,
json-x-xss-protection-header,json-x-xss-protection-header,platform,text,JSON → X-XSS-Protection,developer,json-x-xss-protection-header,JSON,X-XSS-PROTECTION,published,true,,3.54.0,2026-07-23,2026-07-23,true,false,0,?tool=json-x-xss-protection-header,?category=developer&convert=json-x-xss-protection-header,json-x-xss-protection-header,JSON를 X-XSS-PROTECTION로 | JSON X-XSS-PROTECTION 변환 | JSON에서 X-XSS-PROTECTION | HTTP | X-XSS-Protection | 보안,텍스트 변환 | 개발자 도구 | 코드 변환 | 개발자·텍스트 | json-x-xss-protection-header | JSON | 제이슨 | 데이터 | X-XSS-PROTECTION,
expect-ct-header-json,expect-ct-header-json,platform,text,Expect-CT 헤더 → JSON,developer,expect-ct-header-json,EXPECT-CT,JSON,published,true,,3.54.0,2026-07-23,2026-07-23,true,false,0,?tool=expect-ct-header-json,?category=developer&convert=expect-ct-header-json,expect-ct-header-json,EXPECT-CT를 JSON로 | EXPECT-CT JSON 변환 | EXPECT-CT에서 JSON | HTTP | Expect-CT | 보안,텍스트 변환 | 개발자 도구 | 코드 변환 | 개발자·텍스트 | expect-ct-header-json | EXPECT-CT | JSON | 제이슨 | 데이터,
json-expect-ct-header,json-expect-ct-header,platform,text,JSON → Expect-CT 헤더,developer,json-expect-ct-header,JSON,EXPECT-CT,published,true,,3.54.0,2026-07-23,2026-07-23,true,false,0,?tool=json-expect-ct-header,?category=developer&convert=json-expect-ct-header,json-expect-ct-header,JSON를 EXPECT-CT로 | JSON EXPECT-CT 변환 | JSON에서 EXPECT-CT | HTTP | Expect-CT | 보안,텍스트 변환 | 개발자 도구 | 코드 변환 | 개발자·텍스트 | json-expect-ct-header | JSON | 제이슨 | 데이터 | EXPECT-CT,
csp-report-only-header-json,csp-report-only-header-json,platform,text,CSP Report-Only → JSON,developer,csp-report-only-header-json,CSP-REPORT-ONLY,JSON,published,true,,3.54.0,2026-07-23,2026-07-23,true,false,0,?tool=csp-report-only-header-json,?category=developer&convert=csp-report-only-header-json,csp-report-only-header-json,CSP-REPORT-ONLY를 JSON로 | CSP-REPORT-ONLY JSON 변환 | CSP-REPORT-ONLY에서 JSON | HTTP | CSP | Report-Only,텍스트 변환 | 개발자 도구 | 코드 변환 | 개발자·텍스트 | csp-report-only-header-json | CSP-REPORT-ONLY | JSON | 제이슨 | 데이터,
json-csp-report-only-header,json-csp-report-only-header,platform,text,JSON → CSP Report-Only,developer,json-csp-report-only-header,JSON,CSP-REPORT-ONLY,published,true,,3.54.0,2026-07-23,2026-07-23,true,false,0,?tool=json-csp-report-only-header,?category=developer&convert=json-csp-report-only-header,json-csp-report-only-header,JSON를 CSP-REPORT-ONLY로 | JSON CSP-REPORT-ONLY 변환 | JSON에서 CSP-REPORT-ONLY | HTTP | CSP | Report-Only,텍스트 변환 | 개발자 도구 | 코드 변환 | 개발자·텍스트 | json-csp-report-only-header | JSON | 제이슨 | 데이터 | CSP-REPORT-ONLY,
permissions-policy-report-only-header-json,permissions-policy-report-only-header-json,platform,text,Permissions-Policy Report-Only → JSON,developer,permissions-policy-report-only-header-json,PERMISSIONS-POLICY-REPORT-ONLY,JSON,published,true,,3.54.0,2026-07-23,2026-07-23,true,false,0,?tool=permissions-policy-report-only-header-json,?category=developer&convert=permissions-policy-report-only-header-json,permissions-policy-report-only-header-json,PERMISSIONS-POLICY-REPORT-ONLY를 JSON로 | PERMISSIONS-POLICY-REPORT-ONLY JSON 변환 | PERMISSIONS-POLICY-REPORT-ONLY에서 JSON | HTTP | Permissions-Policy | Report-Only,텍스트 변환 | 개발자 도구 | 코드 변환 | 개발자·텍스트 | permissions-policy-report-only-header-json | PERMISSIONS-POLICY-REPORT-ONLY | JSON | 제이슨 | 데이터,
json-permissions-policy-report-only-header,json-permissions-policy-report-only-header,platform,text,JSON → Permissions-Policy Report-Only,developer,json-permissions-policy-report-only-header,JSON,PERMISSIONS-POLICY-REPORT-ONLY,published,true,,3.54.0,2026-07-23,2026-07-23,true,false,0,?tool=json-permissions-policy-report-only-header,?category=developer&convert=json-permissions-policy-report-only-header,json-permissions-policy-report-only-header,JSON를 PERMISSIONS-POLICY-REPORT-ONLY로 | JSON PERMISSIONS-POLICY-REPORT-ONLY 변환 | JSON에서 PERMISSIONS-POLICY-REPORT-ONLY | HTTP | Permissions-Policy | Report-Only,텍스트 변환 | 개발자 도구 | 코드 변환 | 개발자·텍스트 | json-permissions-policy-report-only-header | JSON | 제이슨 | 데이터 | PERMISSIONS-POLICY-REPORT-ONLY,
origin-agent-cluster-header-json,origin-agent-cluster-header-json,platform,text,Origin-Agent-Cluster → JSON,developer,origin-agent-cluster-header-json,ORIGIN-AGENT-CLUSTER,JSON,published,true,,3.54.0,2026-07-23,2026-07-23,true,false,0,?tool=origin-agent-cluster-header-json,?category=developer&convert=origin-agent-cluster-header-json,origin-agent-cluster-header-json,ORIGIN-AGENT-CLUSTER를 JSON로 | ORIGIN-AGENT-CLUSTER JSON 변환 | ORIGIN-AGENT-CLUSTER에서 JSON | HTTP | Origin-Agent-Cluster | 보안,텍스트 변환 | 개발자 도구 | 코드 변환 | 개발자·텍스트 | origin-agent-cluster-header-json | ORIGIN-AGENT-CLUSTER | JSON | 제이슨 | 데이터,
json-origin-agent-cluster-header,json-origin-agent-cluster-header,platform,text,JSON → Origin-Agent-Cluster,developer,json-origin-agent-cluster-header,JSON,ORIGIN-AGENT-CLUSTER,published,true,,3.54.0,2026-07-23,2026-07-23,true,false,0,?tool=json-origin-agent-cluster-header,?category=developer&convert=json-origin-agent-cluster-header,json-origin-agent-cluster-header,JSON를 ORIGIN-AGENT-CLUSTER로 | JSON ORIGIN-AGENT-CLUSTER 변환 | JSON에서 ORIGIN-AGENT-CLUSTER | HTTP | Origin-Agent-Cluster | 보안,텍스트 변환 | 개발자 도구 | 코드 변환 | 개발자·텍스트 | json-origin-agent-cluster-header | JSON | 제이슨 | 데이터 | ORIGIN-AGENT-CLUSTER,
accept-patch-header-json,accept-patch-header-json,platform,text,Accept-Patch → JSON,developer,accept-patch-header-json,ACCEPT-PATCH,JSON,published,true,,3.54.0,2026-07-23,2026-07-23,true,false,0,?tool=accept-patch-header-json,?category=developer&convert=accept-patch-header-json,accept-patch-header-json,ACCEPT-PATCH를 JSON로 | ACCEPT-PATCH JSON 변환 | ACCEPT-PATCH에서 JSON | HTTP | Accept-Patch | 미디어 타입,텍스트 변환 | 개발자 도구 | 코드 변환 | 개발자·텍스트 | accept-patch-header-json | ACCEPT-PATCH | JSON | 제이슨 | 데이터,
json-accept-patch-header,json-accept-patch-header,platform,text,JSON → Accept-Patch,developer,json-accept-patch-header,JSON,ACCEPT-PATCH,published,true,,3.54.0,2026-07-23,2026-07-23,true,false,0,?tool=json-accept-patch-header,?category=developer&convert=json-accept-patch-header,json-accept-patch-header,JSON를 ACCEPT-PATCH로 | JSON ACCEPT-PATCH 변환 | JSON에서 ACCEPT-PATCH | HTTP | Accept-Patch | 미디어 타입,텍스트 변환 | 개발자 도구 | 코드 변환 | 개발자·텍스트 | json-accept-patch-header | JSON | 제이슨 | 데이터 | ACCEPT-PATCH,
accept-post-header-json,accept-post-header-json,platform,text,Accept-Post → JSON,developer,accept-post-header-json,ACCEPT-POST,JSON,published,true,,3.54.0,2026-07-23,2026-07-23,true,false,0,?tool=accept-post-header-json,?category=developer&convert=accept-post-header-json,accept-post-header-json,ACCEPT-POST를 JSON로 | ACCEPT-POST JSON 변환 | ACCEPT-POST에서 JSON | HTTP | Accept-Post | 미디어 타입,텍스트 변환 | 개발자 도구 | 코드 변환 | 개발자·텍스트 | accept-post-header-json | ACCEPT-POST | JSON | 제이슨 | 데이터,
json-accept-post-header,json-accept-post-header,platform,text,JSON → Accept-Post,developer,json-accept-post-header,JSON,ACCEPT-POST,published,true,,3.54.0,2026-07-23,2026-07-23,true,false,0,?tool=json-accept-post-header,?category=developer&convert=json-accept-post-header,json-accept-post-header,JSON를 ACCEPT-POST로 | JSON ACCEPT-POST 변환 | JSON에서 ACCEPT-POST | HTTP | Accept-Post | 미디어 타입,텍스트 변환 | 개발자 도구 | 코드 변환 | 개발자·텍스트 | json-accept-post-header | JSON | 제이슨 | 데이터 | ACCEPT-POST,
want-digest-header-json,want-digest-header-json,platform,text,Want-Digest → JSON,developer,want-digest-header-json,WANT-DIGEST,JSON,published,true,,3.54.0,2026-07-23,2026-07-23,true,false,0,?tool=want-digest-header-json,?category=developer&convert=want-digest-header-json,want-digest-header-json,WANT-DIGEST를 JSON로 | WANT-DIGEST JSON 변환 | WANT-DIGEST에서 JSON | HTTP | Want-Digest | 무결성,텍스트 변환 | 개발자 도구 | 코드 변환 | 개발자·텍스트 | want-digest-header-json | WANT-DIGEST | JSON | 제이슨 | 데이터,
json-want-digest-header,json-want-digest-header,platform,text,JSON → Want-Digest,developer,json-want-digest-header,JSON,WANT-DIGEST,published,true,,3.54.0,2026-07-23,2026-07-23,true,false,0,?tool=json-want-digest-header,?category=developer&convert=json-want-digest-header,json-want-digest-header,JSON를 WANT-DIGEST로 | JSON WANT-DIGEST 변환 | JSON에서 WANT-DIGEST | HTTP | Want-Digest | 무결성,텍스트 변환 | 개발자 도구 | 코드 변환 | 개발자·텍스트 | json-want-digest-header | JSON | 제이슨 | 데이터 | WANT-DIGEST,
unit-length-converter,length-converter,unit,unit,길이·거리 통합 변환기,unit,length,mm,m,published,true,,,,,false,true,13,?tool=unit-length-converter&from=mm&to=m,?category=unit&convert=length-converter,length-converter | unit-length-converter,밀리미터를 미터로 | 미터를 밀리미터로 | mm m 변환 | 길이·거리 통합,단위 변환 | 길이·거리 | 길이 | mm | 밀리미터 | m | 미터,mm | m
unit-cm-inch,cm-inch,unit,unit,cm ↔ inch 변환기,unit,length,cm,in,published,true,,,,,false,false,0,?tool=unit-cm-inch&from=cm&to=in,?category=unit&convert=cm-inch,cm-inch | unit-cm-inch,센티미터를 인치로 | 인치를 센티미터로 | cm in 변환 | cm ↔ inch,단위 변환 | 길이·거리 | 길이 | cm | 센티미터 | in | 인치 | inch,cm | in
unit-ft-cm,ft-cm,unit,unit,ft ↔ cm 변환기,unit,length,ft,cm,published,true,,,,,false,false,0,?tool=unit-ft-cm&from=ft&to=cm,?category=unit&convert=ft-cm,ft-cm | unit-ft-cm,피트를 센티미터로 | 센티미터를 피트로 | ft cm 변환 | ft ↔ cm,단위 변환 | 길이·거리 | 길이 | ft | 피트 | feet | foot | cm | 센티미터,ft | cm
unit-inch-mm,inch-mm,unit,unit,inch ↔ mm 변환기,unit,length,in,mm,published,true,,,,,false,false,0,?tool=unit-inch-mm&from=in&to=mm,?category=unit&convert=inch-mm,inch-mm | unit-inch-mm,인치를 밀리미터로 | 밀리미터를 인치로 | in mm 변환 | inch ↔ mm,단위 변환 | 길이·거리 | 길이 | in | 인치 | inch | mm | 밀리미터,in | mm
unit-km-mile,km-mile,unit,unit,km ↔ mile 변환기,unit,length,km,mi,published,true,,,,,false,false,0,?tool=unit-km-mile&from=km&to=mi,?category=unit&convert=km-mile,km-mile | unit-km-mile,킬로미터를 마일로 | 마일를 킬로미터로 | km mi 변환 | km ↔ mile,단위 변환 | 길이·거리 | 길이 | km | 킬로미터 | mi | 마일 | mile,km | mi
unit-km-nmi,km-nmi,unit,unit,km ↔ 해리 변환기,unit,length,km,nmi,published,true,,,,,false,false,0,?tool=unit-km-nmi&from=km&to=nmi,?category=unit&convert=km-nmi,km-nmi | unit-km-nmi,킬로미터를 해리로 | 해리를 킬로미터로 | km nmi 변환 | km ↔ 해리,단위 변환 | 길이·거리 | 길이 | km | 킬로미터 | nmi | 해리,km | nmi
unit-m-ft,m-ft,unit,unit,m ↔ ft 변환기,unit,length,m,ft,published,true,,,,,false,false,0,?tool=unit-m-ft&from=m&to=ft,?category=unit&convert=m-ft,m-ft | unit-m-ft,미터를 피트로 | 피트를 미터로 | m ft 변환 | m ↔ ft,단위 변환 | 길이·거리 | 길이 | m | 미터 | ft | 피트 | feet | foot,m | ft
unit-m-yard,m-yard,unit,unit,m ↔ yard 변환기,unit,length,m,yd,published,true,,,,,false,false,0,?tool=unit-m-yard&from=m&to=yd,?category=unit&convert=m-yard,m-yard | unit-m-yard,미터를 야드로 | 야드를 미터로 | m yd 변환 | m ↔ yard,단위 변환 | 길이·거리 | 길이 | m | 미터 | yd | 야드,m | yd
unit-mile-km,mile-km,unit,unit,mile ↔ km 변환기,unit,length,mi,km,published,true,,,,,false,false,0,?tool=unit-mile-km&from=mi&to=km,?category=unit&convert=mile-km,mile-km | unit-mile-km,마일를 킬로미터로 | 킬로미터를 마일로 | mi km 변환 | mile ↔ km,단위 변환 | 길이·거리 | 길이 | mi | 마일 | mile | km | 킬로미터,mi | km
unit-mm-inch,mm-inch,unit,unit,mm ↔ inch 변환기,unit,length,mm,in,published,true,,,,,false,false,0,?tool=unit-mm-inch&from=mm&to=in,?category=unit&convert=mm-inch,mm-inch | unit-mm-inch,밀리미터를 인치로 | 인치를 밀리미터로 | mm in 변환 | mm ↔ inch,단위 변환 | 길이·거리 | 길이 | mm | 밀리미터 | in | 인치 | inch,mm | in
unit-nm-um,nm-um,unit,unit,nm ↔ μm 변환기,unit,length,nm,um,published,true,,,,,false,false,0,?tool=unit-nm-um&from=nm&to=um,?category=unit&convert=nm-um,nm-um | unit-nm-um,나노미터를 마이크로미터로 | 마이크로미터를 나노미터로 | nm μm 변환 | nm ↔ μm,단위 변환 | 길이·거리 | 길이 | nm | 나노미터 | um | 마이크로미터 | μm,nm | um | μm
unit-um-mm,um-mm,unit,unit,μm ↔ mm 변환기,unit,length,um,mm,published,true,,,,,false,false,0,?tool=unit-um-mm&from=um&to=mm,?category=unit&convert=um-mm,um-mm | unit-um-mm,마이크로미터를 밀리미터로 | 밀리미터를 마이크로미터로 | μm mm 변환 | μm ↔ mm,단위 변환 | 길이·거리 | 길이 | um | 마이크로미터 | μm | mm | 밀리미터,um | mm | μm
unit-area-converter,area-converter,unit,unit,넓이·면적 통합 변환기,unit,area,mm2,m2,published,true,,,,,false,true,14,?tool=unit-area-converter&from=mm2&to=m2,?category=unit&convert=area-converter,area-converter | unit-area-converter,제곱밀리미터를 제곱미터로 | 제곱미터를 제곱밀리미터로 | mm² m² 변환 | 넓이·면적 통합,단위 변환 | 넓이·면적 | 면적 | 평은 1평 = 400/121㎡ 기준으로 계산합니다. | mm2 | 제곱밀리미터 | mm² | ㎟ | m2 | 제곱미터 | m² | ㎡ | 평방미터,mm2 | m2
unit-acre-m2,acre-m2,unit,unit,acre ↔ ㎡ 변환기,unit,area,acre,m2,published,true,,,,,false,false,0,?tool=unit-acre-m2&from=acre&to=m2,?category=unit&convert=acre-m2,acre-m2 | unit-acre-m2,에이커를 제곱미터로 | 제곱미터를 에이커로 | acre m² 변환 | acre ↔ ㎡,단위 변환 | 넓이·면적 | 면적 | 평은 1평 = 400/121㎡ 기준으로 계산합니다. | acre | 에이커 | m2 | 제곱미터 | m² | ㎡ | 평방미터,acre | m2
unit-cm2-in2,cm2-in2,unit,unit,cm² ↔ in² 변환기,unit,area,cm2,in2,published,true,,,,,false,false,0,?tool=unit-cm2-in2&from=cm2&to=in2,?category=unit&convert=cm2-in2,cm2-in2 | unit-cm2-in2,제곱센티미터를 제곱인치로 | 제곱인치를 제곱센티미터로 | cm² in² 변환 | cm² ↔ in²,단위 변환 | 넓이·면적 | 면적 | 평은 1평 = 400/121㎡ 기준으로 계산합니다. | cm2 | 제곱센티미터 | cm² | ㎠ | in2 | 제곱인치 | in²,cm2 | in2
unit-ha-acre,ha-acre,unit,unit,ha ↔ acre 변환기,unit,area,ha,acre,published,true,,,,,false,false,0,?tool=unit-ha-acre&from=ha&to=acre,?category=unit&convert=ha-acre,ha-acre | unit-ha-acre,헥타르를 에이커로 | 에이커를 헥타르로 | ha acre 변환 | ha ↔ acre,단위 변환 | 넓이·면적 | 면적 | 평은 1평 = 400/121㎡ 기준으로 계산합니다. | ha | 헥타르 | acre | 에이커,ha | acre
unit-km2-m2,km2-m2,unit,unit,km² ↔ ㎡ 변환기,unit,area,km2,m2,published,true,,,,,false,false,0,?tool=unit-km2-m2&from=km2&to=m2,?category=unit&convert=km2-m2,km2-m2 | unit-km2-m2,제곱킬로미터를 제곱미터로 | 제곱미터를 제곱킬로미터로 | km² m² 변환 | km² ↔ ㎡,단위 변환 | 넓이·면적 | 면적 | 평은 1평 = 400/121㎡ 기준으로 계산합니다. | km2 | 제곱킬로미터 | km² | ㎢ | m2 | 제곱미터 | m² | ㎡ | 평방미터,km2 | m2
unit-yd2-m2,yd2-m2,unit,unit,yd² ↔ ㎡ 변환기,unit,area,yd2,m2,published,true,,,,,false,false,0,?tool=unit-yd2-m2&from=yd2&to=m2,?category=unit&convert=yd2-m2,yd2-m2 | unit-yd2-m2,제곱야드를 제곱미터로 | 제곱미터를 제곱야드로 | yd² m² 변환 | yd² ↔ ㎡,단위 변환 | 넓이·면적 | 면적 | 평은 1평 = 400/121㎡ 기준으로 계산합니다. | yd2 | 제곱야드 | yd² | m2 | 제곱미터 | m² | ㎡ | 평방미터,yd2 | m2
unit-m2-ft2,m2-ft2,unit,unit,㎡ ↔ ft² 변환기,unit,area,m2,ft2,published,true,,,,,false,false,0,?tool=unit-m2-ft2&from=m2&to=ft2,?category=unit&convert=m2-ft2,m2-ft2 | unit-m2-ft2,제곱미터를 제곱피트로 | 제곱피트를 제곱미터로 | m² ft² 변환 | ㎡ ↔ ft²,단위 변환 | 넓이·면적 | 면적 | 평은 1평 = 400/121㎡ 기준으로 계산합니다. | m2 | 제곱미터 | m² | ㎡ | 평방미터 | ft2 | 제곱피트 | ft²,m2 | ft2
unit-m2-pyeong,m2-pyeong,unit,unit,㎡ ↔ 평 변환기,unit,area,m2,pyeong,published,true,,,,,false,false,0,?tool=unit-m2-pyeong&from=m2&to=pyeong,?category=unit&convert=m2-pyeong,m2-pyeong | unit-m2-pyeong,제곱미터를 평로 | 평를 제곱미터로 | m² 평 변환 | ㎡ ↔ 평 | 평방미터 | 제곱미터 | ㎡ | m2 | m² | 평수 계산 | 아파트 면적,단위 변환 | 넓이·면적 | 면적 | 평은 1평 = 400/121㎡ 기준으로 계산합니다. | m2 | 제곱미터 | m² | ㎡ | 평방미터 | pyeong | 평 | 평수 | 아파트 면적 | 부동산 면적,m2 | pyeong | 평
unit-pyeong-m2,pyeong-m2,unit,unit,평 ↔ ㎡ 변환기,unit,area,pyeong,m2,published,true,,,,,false,false,0,?tool=unit-pyeong-m2&from=pyeong&to=m2,?category=unit&convert=pyeong-m2,pyeong-m2 | unit-pyeong-m2,평를 제곱미터로 | 제곱미터를 평로 | 평 m² 변환 | 평 ↔ ㎡,단위 변환 | 넓이·면적 | 면적 | 평은 1평 = 400/121㎡ 기준으로 계산합니다. | pyeong | 평 | 평수 | 아파트 면적 | 부동산 면적 | m2 | 제곱미터 | m² | ㎡ | 평방미터,pyeong | m2 | 평
unit-volume-converter,volume-converter,unit,unit,부피·용량 통합 변환기,unit,volume,ml,dl,published,true,,,,,false,true,15,?tool=unit-volume-converter&from=ml&to=dl,?category=unit&convert=volume-converter,volume-converter | unit-volume-converter,밀리리터를 데시리터로 | 데시리터를 밀리리터로 | mL dL 변환 | 부피·용량 통합,단위 변환 | 부피·용량 | ml | 밀리리터 | dl | 데시리터,ml | dl | mL | dL
unit-l-ukgal,l-ukgal,unit,unit,L ↔ UK gal 변환기,unit,volume,l,ukgal,published,true,,,,,false,false,0,?tool=unit-l-ukgal&from=l&to=ukgal,?category=unit&convert=l-ukgal,l-ukgal | unit-l-ukgal,리터를 영국 갤런로 | 영국 갤런를 리터로 | L UK gal 변환 | L ↔ UK gal,단위 변환 | 부피·용량 | l | 리터 | liter | litre | ukgal | 영국 갤런 | UK gal,l | ukgal | L | UKgal
unit-l-usgal,l-usgal,unit,unit,L ↔ US gal 변환기,unit,volume,l,usgal,published,true,,,,,false,false,0,?tool=unit-l-usgal&from=l&to=usgal,?category=unit&convert=l-usgal,l-usgal | unit-l-usgal,리터를 미국 갤런로 | 미국 갤런를 리터로 | L US gal 변환 | L ↔ US gal,단위 변환 | 부피·용량 | l | 리터 | liter | litre | usgal | 미국 갤런 | US gal,l | usgal | L | USgal
unit-l-m3,l-m3,unit,unit,L ↔ m³ 변환기,unit,volume,l,m3,published,true,,,,,false,false,0,?tool=unit-l-m3&from=l&to=m3,?category=unit&convert=l-m3,l-m3 | unit-l-m3,리터를 세제곱미터로 | 세제곱미터를 리터로 | L m³ 변환 | L ↔ m³,단위 변환 | 부피·용량 | l | 리터 | liter | litre | m3 | 세제곱미터 | m³,l | m3 | L
unit-ukgal-l,ukgal-l,unit,unit,UK gal ↔ L 변환기,unit,volume,ukgal,l,published,true,,,,,false,false,0,?tool=unit-ukgal-l&from=ukgal&to=l,?category=unit&convert=ukgal-l,ukgal-l | unit-ukgal-l,영국 갤런를 리터로 | 리터를 영국 갤런로 | UK gal L 변환 | UK gal ↔ L,단위 변환 | 부피·용량 | ukgal | 영국 갤런 | UK gal | l | 리터 | liter | litre,ukgal | l | UKgal | L
unit-usgal-l,usgal-l,unit,unit,US gal ↔ L 변환기,unit,volume,usgal,l,published,true,,,,,false,false,0,?tool=unit-usgal-l&from=usgal&to=l,?category=unit&convert=usgal-l,usgal-l | unit-usgal-l,미국 갤런를 리터로 | 리터를 미국 갤런로 | US gal L 변환 | US gal ↔ L,단위 변환 | 부피·용량 | usgal | 미국 갤런 | US gal | l | 리터 | liter | litre,usgal | l | USgal | L
unit-cm3-ml,cm3-ml,unit,unit,cm³ ↔ mL 변환기,unit,volume,cm3,ml,published,true,,,,,false,false,0,?tool=unit-cm3-ml&from=cm3&to=ml,?category=unit&convert=cm3-ml,cm3-ml | unit-cm3-ml,세제곱센티미터를 밀리리터로 | 밀리리터를 세제곱센티미터로 | cm³ mL 변환 | cm³ ↔ mL,단위 변환 | 부피·용량 | cm3 | 세제곱센티미터 | cm³ | ml | 밀리리터,cm3 | ml | mL
unit-ft3-m3,ft3-m3,unit,unit,ft³ ↔ m³ 변환기,unit,volume,ft3,m3,published,true,,,,,false,false,0,?tool=unit-ft3-m3&from=ft3&to=m3,?category=unit&convert=ft3-m3,ft3-m3 | unit-ft3-m3,세제곱피트를 세제곱미터로 | 세제곱미터를 세제곱피트로 | ft³ m³ 변환 | ft³ ↔ m³,단위 변환 | 부피·용량 | ft3 | 세제곱피트 | ft³ | m3 | 세제곱미터 | m³,ft3 | m3
unit-in3-cm3,in3-cm3,unit,unit,in³ ↔ cm³ 변환기,unit,volume,in3,cm3,published,true,,,,,false,false,0,?tool=unit-in3-cm3&from=in3&to=cm3,?category=unit&convert=in3-cm3,in3-cm3 | unit-in3-cm3,세제곱인치를 세제곱센티미터로 | 세제곱센티미터를 세제곱인치로 | in³ cm³ 변환 | in³ ↔ cm³,단위 변환 | 부피·용량 | in3 | 세제곱인치 | in³ | cm3 | 세제곱센티미터 | cm³,in3 | cm3
unit-ml-l,ml-l,unit,unit,mL ↔ L 변환기,unit,volume,ml,l,published,true,,,,,false,false,0,?tool=unit-ml-l&from=ml&to=l,?category=unit&convert=ml-l,ml-l | unit-ml-l,밀리리터를 리터로 | 리터를 밀리리터로 | mL L 변환 | mL ↔ L,단위 변환 | 부피·용량 | ml | 밀리리터 | l | 리터 | liter | litre,ml | l | mL | L
unit-ml-uscup,ml-uscup,unit,unit,mL ↔ US cup 변환기,unit,volume,ml,uscup,published,true,,,,,false,false,0,?tool=unit-ml-uscup&from=ml&to=uscup,?category=unit&convert=ml-uscup,ml-uscup | unit-ml-uscup,밀리리터를 미국 컵로 | 미국 컵를 밀리리터로 | mL US cup 변환 | mL ↔ US cup,단위 변환 | 부피·용량 | ml | 밀리리터 | uscup | 미국 컵 | US cup,ml | uscup | mL | UScup
unit-ml-usfloz,ml-usfloz,unit,unit,mL ↔ US fl oz 변환기,unit,volume,ml,usfloz,published,true,,,,,false,false,0,?tool=unit-ml-usfloz&from=ml&to=usfloz,?category=unit&convert=ml-usfloz,ml-usfloz | unit-ml-usfloz,밀리리터를 미국 액량 온스로 | 미국 액량 온스를 밀리리터로 | mL US fl oz 변환 | mL ↔ US fl oz,단위 변환 | 부피·용량 | ml | 밀리리터 | usfloz | 미국 액량 온스 | US fl oz,ml | usfloz | mL | USfloz
unit-mass-converter,mass-converter,unit,unit,무게·질량 통합 변환기,unit,mass,ug,g,published,true,,,,,false,true,16,?tool=unit-mass-converter&from=ug&to=g,?category=unit&convert=mass-converter,mass-converter | unit-mass-converter,마이크로그램를 그램로 | 그램를 마이크로그램로 | μg g 변환 | 무게·질량 통합,단위 변환 | 무게·질량 | ug | 마이크로그램 | μg | g | 그램,ug | g | μg
unit-uk-ton-kg,uk-ton-kg,unit,unit,UK ton ↔ kg 변환기,unit,mass,uk_ton,kg,published,true,,,,,false,false,0,?tool=unit-uk-ton-kg&from=uk_ton&to=kg,?category=unit&convert=uk-ton-kg,uk-ton-kg | unit-uk-ton-kg,영국 롱톤를 킬로그램로 | 킬로그램를 영국 롱톤로 | UK ton kg 변환 | UK ton ↔ kg,단위 변환 | 무게·질량 | uk_ton | 영국 롱톤 | UK ton | kg | 킬로그램 | 키로그램 | 키로그람,uk_ton | kg | UKton
unit-us-ton-kg,us-ton-kg,unit,unit,US ton ↔ kg 변환기,unit,mass,us_ton,kg,published,true,,,,,false,false,0,?tool=unit-us-ton-kg&from=us_ton&to=kg,?category=unit&convert=us-ton-kg,us-ton-kg | unit-us-ton-kg,미국 숏톤를 킬로그램로 | 킬로그램를 미국 숏톤로 | US ton kg 변환 | US ton ↔ kg,단위 변환 | 무게·질량 | us_ton | 미국 숏톤 | US ton | kg | 킬로그램 | 키로그램 | 키로그람,us_ton | kg | USton
unit-g-kg,g-kg,unit,unit,g ↔ kg 변환기,unit,mass,g,kg,published,true,,,,,false,false,0,?tool=unit-g-kg&from=g&to=kg,?category=unit&convert=g-kg,g-kg | unit-g-kg,그램를 킬로그램로 | 킬로그램를 그램로 | g kg 변환 | g ↔ kg,단위 변환 | 무게·질량 | g | 그램 | kg | 킬로그램 | 키로그램 | 키로그람,g | kg
unit-g-oz,g-oz,unit,unit,g ↔ oz 변환기,unit,mass,g,oz,published,true,,,,,false,false,0,?tool=unit-g-oz&from=g&to=oz,?category=unit&convert=g-oz,g-oz | unit-g-oz,그램를 온스로 | 온스를 그램로 | g oz 변환 | g ↔ oz,단위 변환 | 무게·질량 | g | 그램 | oz | 온스,g | oz
unit-kg-lb,kg-lb,unit,unit,kg ↔ lb 변환기,unit,mass,kg,lb,published,true,,,,,false,false,0,?tool=unit-kg-lb&from=kg&to=lb,?category=unit&convert=kg-lb,kg-lb | unit-kg-lb,킬로그램를 파운드로 | 파운드를 킬로그램로 | kg lb 변환 | kg ↔ lb,단위 변환 | 무게·질량 | kg | 킬로그램 | 키로그램 | 키로그람 | lb | 파운드 | lbs,kg | lb
unit-kg-stone,kg-stone,unit,unit,kg ↔ stone 변환기,unit,mass,kg,stone,published,true,,,,,false,false,0,?tool=unit-kg-stone&from=kg&to=stone,?category=unit&convert=kg-stone,kg-stone | unit-kg-stone,킬로그램를 스톤로 | 스톤를 킬로그램로 | kg st 변환 | kg ↔ stone,단위 변환 | 무게·질량 | kg | 킬로그램 | 키로그램 | 키로그람 | stone | 스톤 | st,kg | stone | st
unit-lb-kg,lb-kg,unit,unit,lb ↔ kg 변환기,unit,mass,lb,kg,published,true,,,,,false,false,0,?tool=unit-lb-kg&from=lb&to=kg,?category=unit&convert=lb-kg,lb-kg | unit-lb-kg,파운드를 킬로그램로 | 킬로그램를 파운드로 | lb kg 변환 | lb ↔ kg,단위 변환 | 무게·질량 | lb | 파운드 | lbs | kg | 킬로그램 | 키로그램 | 키로그람,lb | kg
unit-mg-g,mg-g,unit,unit,mg ↔ g 변환기,unit,mass,mg,g,published,true,,,,,false,false,0,?tool=unit-mg-g&from=mg&to=g,?category=unit&convert=mg-g,mg-g | unit-mg-g,밀리그램를 그램로 | 그램를 밀리그램로 | mg g 변환 | mg ↔ g,단위 변환 | 무게·질량 | mg | 밀리그램 | g | 그램,mg | g
unit-oz-g,oz-g,unit,unit,oz ↔ g 변환기,unit,mass,oz,g,published,true,,,,,false,false,0,?tool=unit-oz-g&from=oz&to=g,?category=unit&convert=oz-g,oz-g | unit-oz-g,온스를 그램로 | 그램를 온스로 | oz g 변환 | oz ↔ g,단위 변환 | 무게·질량 | oz | 온스 | g | 그램,oz | g
unit-t-kg,t-kg,unit,unit,t ↔ kg 변환기,unit,mass,t,kg,published,true,,,,,false,false,0,?tool=unit-t-kg&from=t&to=kg,?category=unit&convert=t-kg,t-kg | unit-t-kg,톤를 킬로그램로 | 킬로그램를 톤로 | t kg 변환 | t ↔ kg,단위 변환 | 무게·질량 | t | 톤 | kg | 킬로그램 | 키로그램 | 키로그람,t | kg
unit-temperature-converter,temperature-converter,unit,unit,온도 통합 변환기,unit,temperature,c,k,published,true,,,,,false,true,17,?tool=unit-temperature-converter&from=c&to=k,?category=unit&convert=temperature-converter,temperature-converter | unit-temperature-converter,섭씨를 켈빈로 | 켈빈를 섭씨로 | °C K 변환 | 온도 통합,단위 변환 | 온도 | c | 섭씨 | °C | celsius | k | 켈빈 | kelvin,c | k | °C | K
unit-r-c,r-c,unit,unit,랭킨 ↔ 섭씨 변환기,unit,temperature,r,c,published,true,,,,,false,false,0,?tool=unit-r-c&from=r&to=c,?category=unit&convert=r-c,r-c | unit-r-c,랭킨를 섭씨로 | 섭씨를 랭킨로 | °R °C 변환 | 랭킨 ↔ 섭씨,단위 변환 | 온도 | r | 랭킨 | °R | c | 섭씨 | °C | celsius,r | c | °R | °C
unit-c-k,c-k,unit,unit,섭씨 ↔ 켈빈 변환기,unit,temperature,c,k,published,true,,,,,false,false,0,?tool=unit-c-k&from=c&to=k,?category=unit&convert=c-k,c-k | unit-c-k,섭씨를 켈빈로 | 켈빈를 섭씨로 | °C K 변환 | 섭씨 ↔ 켈빈,단위 변환 | 온도 | c | 섭씨 | °C | celsius | k | 켈빈 | kelvin,c | k | °C | K
unit-c-f,c-f,unit,unit,섭씨 ↔ 화씨 변환기,unit,temperature,c,f,published,true,,,,,false,false,0,?tool=unit-c-f&from=c&to=f,?category=unit&convert=c-f,c-f | unit-c-f,섭씨를 화씨로 | 화씨를 섭씨로 | °C °F 변환 | 섭씨 ↔ 화씨 | 섭씨 화씨,단위 변환 | 온도 | c | 섭씨 | °C | celsius | f | 화씨 | °F | fahrenheit,c | f | °C | °F
unit-k-r,k-r,unit,unit,켈빈 ↔ 랭킨 변환기,unit,temperature,k,r,published,true,,,,,false,false,0,?tool=unit-k-r&from=k&to=r,?category=unit&convert=k-r,k-r | unit-k-r,켈빈를 랭킨로 | 랭킨를 켈빈로 | K °R 변환 | 켈빈 ↔ 랭킨,단위 변환 | 온도 | k | 켈빈 | kelvin | r | 랭킨 | °R,k | r | K | °R
unit-f-c,f-c,unit,unit,화씨 ↔ 섭씨 변환기,unit,temperature,f,c,published,true,,,,,false,false,0,?tool=unit-f-c&from=f&to=c,?category=unit&convert=f-c,f-c | unit-f-c,화씨를 섭씨로 | 섭씨를 화씨로 | °F °C 변환 | 화씨 ↔ 섭씨,단위 변환 | 온도 | f | 화씨 | °F | fahrenheit | c | 섭씨 | °C | celsius,f | c | °F | °C
unit-f-k,f-k,unit,unit,화씨 ↔ 켈빈 변환기,unit,temperature,f,k,published,true,,,,,false,false,0,?tool=unit-f-k&from=f&to=k,?category=unit&convert=f-k,f-k | unit-f-k,화씨를 켈빈로 | 켈빈를 화씨로 | °F K 변환 | 화씨 ↔ 켈빈,단위 변환 | 온도 | f | 화씨 | °F | fahrenheit | k | 켈빈 | kelvin,f | k | °F | K
unit-time-converter,time-converter,unit,unit,시간 단위 통합 변환기,unit,time,ms,min,published,true,,,,,false,true,18,?tool=unit-time-converter&from=ms&to=min,?category=unit&convert=time-converter,time-converter | unit-time-converter,밀리초를 분로 | 분를 밀리초로 | ms 분 변환 | 시간 단위 통합,단위 변환 | 시간 | 연도 변환은 365일 고정 기준이며 달력상 연·월 길이와는 다릅니다. | ms | 밀리초 | min | 분,ms | min | 분
unit-fortnight-day,fortnight-day,unit,unit,2주 ↔ 일 변환기,unit,time,fortnight,day,published,true,,,,,false,false,0,?tool=unit-fortnight-day&from=fortnight&to=day,?category=unit&convert=fortnight-day,fortnight-day | unit-fortnight-day,2주를 일로 | 일를 2주로 | fortnight 일 변환 | 2주 ↔ 일,단위 변환 | 시간 | 연도 변환은 365일 고정 기준이며 달력상 연·월 길이와는 다릅니다. | fortnight | 2주 | day | 일,fortnight | day | 일
unit-year-day,year-day,unit,unit,365일 연도 ↔ 일 변환기,unit,time,year365,day,published,true,,,,,false,false,0,?tool=unit-year-day&from=year365&to=day,?category=unit&convert=year-day,year-day | unit-year-day,365일 기준 연도를 일로 | 일를 365일 기준 연도로 | 년(365일) 일 변환 | 365일 연도 ↔ 일,단위 변환 | 시간 | 연도 변환은 365일 고정 기준이며 달력상 연·월 길이와는 다릅니다. | year365 | 365일 기준 연도 | 년(365일) | day | 일,year365 | day | 년(365일) | 일
unit-ms-sec,ms-sec,unit,unit,ms ↔ 초 변환기,unit,time,ms,s,published,true,,,,,false,false,0,?tool=unit-ms-sec&from=ms&to=s,?category=unit&convert=ms-sec,ms-sec | unit-ms-sec,밀리초를 초로 | 초를 밀리초로 | ms 초 변환 | ms ↔ 초,단위 변환 | 시간 | 연도 변환은 365일 고정 기준이며 달력상 연·월 길이와는 다릅니다. | ms | 밀리초 | s | 초,ms | s | 초
unit-min-hour,min-hour,unit,unit,분 ↔ 시간 변환기,unit,time,min,h,published,true,,,,,false,false,0,?tool=unit-min-hour&from=min&to=h,?category=unit&convert=min-hour,min-hour | unit-min-hour,분를 시간로 | 시간를 분로 | 분 시간 변환 | 분 ↔ 시간,단위 변환 | 시간 | 연도 변환은 365일 고정 기준이며 달력상 연·월 길이와는 다릅니다. | min | 분 | h,min | h | 분 | 시간
unit-hour-day,hour-day,unit,unit,시간 ↔ 일 변환기,unit,time,h,day,published,true,,,,,false,false,0,?tool=unit-hour-day&from=h&to=day,?category=unit&convert=hour-day,hour-day | unit-hour-day,시간를 일로 | 일를 시간로 | 시간 일 변환 | 시간 ↔ 일,단위 변환 | 시간 | 연도 변환은 365일 고정 기준이며 달력상 연·월 길이와는 다릅니다. | h | day | 일,h | day | 시간 | 일
unit-day-hour,day-hour,unit,unit,일 ↔ 시간 변환기,unit,time,day,h,published,true,,,,,false,false,0,?tool=unit-day-hour&from=day&to=h,?category=unit&convert=day-hour,day-hour | unit-day-hour,일를 시간로 | 시간를 일로 | 일 시간 변환 | 일 ↔ 시간,단위 변환 | 시간 | 연도 변환은 365일 고정 기준이며 달력상 연·월 길이와는 다릅니다. | day | 일 | h,day | h | 일 | 시간
unit-day-week,day-week,unit,unit,일 ↔ 주 변환기,unit,time,day,week,published,true,,,,,false,false,0,?tool=unit-day-week&from=day&to=week,?category=unit&convert=day-week,day-week | unit-day-week,일를 주로 | 주를 일로 | 일 주 변환 | 일 ↔ 주,단위 변환 | 시간 | 연도 변환은 365일 고정 기준이며 달력상 연·월 길이와는 다릅니다. | day | 일 | week | 주,day | week | 일 | 주
unit-week-hour,week-hour,unit,unit,주 ↔ 시간 변환기,unit,time,week,h,published,true,,,,,false,false,0,?tool=unit-week-hour&from=week&to=h,?category=unit&convert=week-hour,week-hour | unit-week-hour,주를 시간로 | 시간를 주로 | 주 시간 변환 | 주 ↔ 시간,단위 변환 | 시간 | 연도 변환은 365일 고정 기준이며 달력상 연·월 길이와는 다릅니다. | week | 주 | h,week | h | 주 | 시간
unit-sec-min,sec-min,unit,unit,초 ↔ 분 변환기,unit,time,s,min,published,true,,,,,false,false,0,?tool=unit-sec-min&from=s&to=min,?category=unit&convert=sec-min,sec-min | unit-sec-min,초를 분로 | 분를 초로 | 초 분 변환 | 초 ↔ 분,단위 변환 | 시간 | 연도 변환은 365일 고정 기준이며 달력상 연·월 길이와는 다릅니다. | s | 초 | min | 분,s | min | 초 | 분
unit-speed-converter,speed-converter,unit,unit,속도 통합 변환기,unit,speed,mps,mph,published,true,,,,,false,true,19,?tool=unit-speed-converter&from=mps&to=mph,?category=unit&convert=speed-converter,speed-converter | unit-speed-converter,미터/초를 마일/시로 | 마일/시를 미터/초로 | m/s mph 변환 | 속도 통합,단위 변환 | 속도 | 마하는 공기 상태에 따라 달라질 수 있어 340.29m/s를 참고값으로 사용합니다. | mps | 미터/초 | m/s | mph | 마일/시 | mile per hour | 마일 매 시,mps | mph | m/s
unit-mach-kmh,mach-kmh,unit,unit,Mach ↔ km/h 참고 변환기,unit,speed,mach,kmh,published,true,,,,,false,false,0,?tool=unit-mach-kmh&from=mach&to=kmh,?category=unit&convert=mach-kmh,mach-kmh | unit-mach-kmh,마하(표준 참고)를 킬로미터/시로 | 킬로미터/시를 마하(표준 참고)로 | Mach km/h 변환 | Mach ↔ km/h 참고,단위 변환 | 속도 | 마하는 공기 상태에 따라 달라질 수 있어 340.29m/s를 참고값으로 사용합니다. | mach | 마하(표준 참고) | kmh | 킬로미터/시 | km/h,mach | kmh | Mach | km/h
unit-fps-mps,fps-mps,unit,unit,ft/s ↔ m/s 변환기,unit,speed,fps,mps,published,true,,,,,false,false,0,?tool=unit-fps-mps&from=fps&to=mps,?category=unit&convert=fps-mps,fps-mps | unit-fps-mps,피트/초를 미터/초로 | 미터/초를 피트/초로 | ft/s m/s 변환 | ft/s ↔ m/s,단위 변환 | 속도 | 마하는 공기 상태에 따라 달라질 수 있어 340.29m/s를 참고값으로 사용합니다. | fps | 피트/초 | ft/s | mps | 미터/초 | m/s,fps | mps | ft/s | m/s
unit-kmh-mps,kmh-mps,unit,unit,km/h ↔ m/s 변환기,unit,speed,kmh,mps,published,true,,,,,false,false,0,?tool=unit-kmh-mps&from=kmh&to=mps,?category=unit&convert=kmh-mps,kmh-mps | unit-kmh-mps,킬로미터/시를 미터/초로 | 미터/초를 킬로미터/시로 | km/h m/s 변환 | km/h ↔ m/s,단위 변환 | 속도 | 마하는 공기 상태에 따라 달라질 수 있어 340.29m/s를 참고값으로 사용합니다. | kmh | 킬로미터/시 | km/h | mps | 미터/초 | m/s,kmh | mps | km/h | m/s
unit-kmh-mph,kmh-mph,unit,unit,km/h ↔ mph 변환기,unit,speed,kmh,mph,published,true,,,,,false,false,0,?tool=unit-kmh-mph&from=kmh&to=mph,?category=unit&convert=kmh-mph,kmh-mph | unit-kmh-mph,킬로미터/시를 마일/시로 | 마일/시를 킬로미터/시로 | km/h mph 변환 | km/h ↔ mph,단위 변환 | 속도 | 마하는 공기 상태에 따라 달라질 수 있어 340.29m/s를 참고값으로 사용합니다. | kmh | 킬로미터/시 | km/h | mph | 마일/시 | mile per hour | 마일 매 시,kmh | mph | km/h
unit-knot-kmh,knot-kmh,unit,unit,knot ↔ km/h 변환기,unit,speed,knot,kmh,published,true,,,,,false,false,0,?tool=unit-knot-kmh&from=knot&to=kmh,?category=unit&convert=knot-kmh,knot-kmh | unit-knot-kmh,노트를 킬로미터/시로 | 킬로미터/시를 노트로 | kn km/h 변환 | knot ↔ km/h,단위 변환 | 속도 | 마하는 공기 상태에 따라 달라질 수 있어 340.29m/s를 참고값으로 사용합니다. | knot | 노트 | kn | kmh | 킬로미터/시 | km/h,knot | kmh | kn | km/h
unit-knot-mps,knot-mps,unit,unit,knot ↔ m/s 변환기,unit,speed,knot,mps,published,true,,,,,false,false,0,?tool=unit-knot-mps&from=knot&to=mps,?category=unit&convert=knot-mps,knot-mps | unit-knot-mps,노트를 미터/초로 | 미터/초를 노트로 | kn m/s 변환 | knot ↔ m/s,단위 변환 | 속도 | 마하는 공기 상태에 따라 달라질 수 있어 340.29m/s를 참고값으로 사용합니다. | knot | 노트 | kn | mps | 미터/초 | m/s,knot | mps | kn | m/s
unit-mps-kmh,mps-kmh,unit,unit,m/s ↔ km/h 변환기,unit,speed,mps,kmh,published,true,,,,,false,false,0,?tool=unit-mps-kmh&from=mps&to=kmh,?category=unit&convert=mps-kmh,mps-kmh | unit-mps-kmh,미터/초를 킬로미터/시로 | 킬로미터/시를 미터/초로 | m/s km/h 변환 | m/s ↔ km/h,단위 변환 | 속도 | 마하는 공기 상태에 따라 달라질 수 있어 340.29m/s를 참고값으로 사용합니다. | mps | 미터/초 | m/s | kmh | 킬로미터/시 | km/h,mps | kmh | m/s | km/h
unit-mph-kmh,mph-kmh,unit,unit,mph ↔ km/h 변환기,unit,speed,mph,kmh,published,true,,,,,false,false,0,?tool=unit-mph-kmh&from=mph&to=kmh,?category=unit&convert=mph-kmh,mph-kmh | unit-mph-kmh,마일/시를 킬로미터/시로 | 킬로미터/시를 마일/시로 | mph km/h 변환 | mph ↔ km/h,단위 변환 | 속도 | 마하는 공기 상태에 따라 달라질 수 있어 340.29m/s를 참고값으로 사용합니다. | mph | 마일/시 | mile per hour | 마일 매 시 | kmh | 킬로미터/시 | km/h,mph | kmh | km/h
unit-mph-knot,mph-knot,unit,unit,mph ↔ knot 변환기,unit,speed,mph,knot,published,true,,,,,false,false,0,?tool=unit-mph-knot&from=mph&to=knot,?category=unit&convert=mph-knot,mph-knot | unit-mph-knot,마일/시를 노트로 | 노트를 마일/시로 | mph kn 변환 | mph ↔ knot,단위 변환 | 속도 | 마하는 공기 상태에 따라 달라질 수 있어 340.29m/s를 참고값으로 사용합니다. | mph | 마일/시 | mile per hour | 마일 매 시 | knot | 노트 | kn,mph | knot | kn
unit-angle-converter,angle-converter,unit,unit,각도 통합 변환기,unit,angle,deg,grad,published,true,,,,,false,true,20,?tool=unit-angle-converter&from=deg&to=grad,?category=unit&convert=angle-converter,angle-converter | unit-angle-converter,도를 그라디안로 | 그라디안를 도로 | ° gon 변환 | 각도 통합,단위 변환 | 각도 | deg | 도 | ° | grad | 그라디안 | gon,deg | grad | ° | gon
unit-arcmin-deg,arcmin-deg,unit,unit,각분 ↔ 도 변환기,unit,angle,arcmin,deg,published,true,,,,,false,false,0,?tool=unit-arcmin-deg&from=arcmin&to=deg,?category=unit&convert=arcmin-deg,arcmin-deg | unit-arcmin-deg,각분를 도로 | 도를 각분로 | ′ ° 변환 | 각분 ↔ 도,단위 변환 | 각도 | arcmin | 각분 | ′ | deg | 도 | °,arcmin | deg | ′ | °
unit-arcsec-deg,arcsec-deg,unit,unit,각초 ↔ 도 변환기,unit,angle,arcsec,deg,published,true,,,,,false,false,0,?tool=unit-arcsec-deg&from=arcsec&to=deg,?category=unit&convert=arcsec-deg,arcsec-deg | unit-arcsec-deg,각초를 도로 | 도를 각초로 | ″ ° 변환 | 각초 ↔ 도,단위 변환 | 각도 | arcsec | 각초 | ″ | deg | 도 | °,arcsec | deg | ′′ | °
unit-deg-grad,deg-grad,unit,unit,도 ↔ 그라디안 변환기,unit,angle,deg,grad,published,true,,,,,false,false,0,?tool=unit-deg-grad&from=deg&to=grad,?category=unit&convert=deg-grad,deg-grad | unit-deg-grad,도를 그라디안로 | 그라디안를 도로 | ° gon 변환 | 도 ↔ 그라디안,단위 변환 | 각도 | deg | 도 | ° | grad | 그라디안 | gon,deg | grad | ° | gon
unit-deg-rad,deg-rad,unit,unit,도 ↔ 라디안 변환기,unit,angle,deg,rad,published,true,,,,,false,false,0,?tool=unit-deg-rad&from=deg&to=rad,?category=unit&convert=deg-rad,deg-rad | unit-deg-rad,도를 라디안로 | 라디안를 도로 | ° rad 변환 | 도 ↔ 라디안,단위 변환 | 각도 | deg | 도 | ° | rad | 라디안,deg | rad | °
unit-rad-deg,rad-deg,unit,unit,라디안 ↔ 도 변환기,unit,angle,rad,deg,published,true,,,,,false,false,0,?tool=unit-rad-deg&from=rad&to=deg,?category=unit&convert=rad-deg,rad-deg | unit-rad-deg,라디안를 도로 | 도를 라디안로 | rad ° 변환 | 라디안 ↔ 도,단위 변환 | 각도 | rad | 라디안 | deg | 도 | °,rad | deg | °
unit-rad-turn,rad-turn,unit,unit,라디안 ↔ 회전 변환기,unit,angle,rad,turn,published,true,,,,,false,false,0,?tool=unit-rad-turn&from=rad&to=turn,?category=unit&convert=rad-turn,rad-turn | unit-rad-turn,라디안를 회전로 | 회전를 라디안로 | rad turn 변환 | 라디안 ↔ 회전,단위 변환 | 각도 | rad | 라디안 | turn | 회전,rad | turn
unit-turn-deg,turn-deg,unit,unit,회전 ↔ 도 변환기,unit,angle,turn,deg,published,true,,,,,false,false,0,?tool=unit-turn-deg&from=turn&to=deg,?category=unit&convert=turn-deg,turn-deg | unit-turn-deg,회전를 도로 | 도를 회전로 | turn ° 변환 | 회전 ↔ 도,단위 변환 | 각도 | turn | 회전 | deg | 도 | °,turn | deg | °
unit-pressure-converter,pressure-converter,unit,unit,압력 통합 변환기,unit,pressure,pa,mpa,published,true,,,,,false,true,21,?tool=unit-pressure-converter&from=pa&to=mpa,?category=unit&convert=pressure-converter,pressure-converter | unit-pressure-converter,파스칼를 메가파스칼로 | 메가파스칼를 파스칼로 | Pa MPa 변환 | 압력 통합,단위 변환 | 압력 | pa | 파스칼 | mpa | 메가파스칼,pa | mpa | Pa | MPa
unit-mpa-bar,mpa-bar,unit,unit,MPa ↔ bar 변환기,unit,pressure,mpa,bar,published,true,,,,,false,false,0,?tool=unit-mpa-bar&from=mpa&to=bar,?category=unit&convert=mpa-bar,mpa-bar | unit-mpa-bar,메가파스칼를 바로 | 바를 메가파스칼로 | MPa bar 변환 | MPa ↔ bar,단위 변환 | 압력 | mpa | 메가파스칼 | bar | 바,mpa | bar | MPa
unit-torr-pa,torr-pa,unit,unit,Torr ↔ Pa 변환기,unit,pressure,torr,pa,published,true,,,,,false,false,0,?tool=unit-torr-pa&from=torr&to=pa,?category=unit&convert=torr-pa,torr-pa | unit-torr-pa,토르를 파스칼로 | 파스칼를 토르로 | Torr Pa 변환 | Torr ↔ Pa,단위 변환 | 압력 | torr | 토르 | pa | 파스칼,torr | pa | Torr | Pa
unit-atm-kpa,atm-kpa,unit,unit,atm ↔ kPa 변환기,unit,pressure,atm,kpa,published,true,,,,,false,false,0,?tool=unit-atm-kpa&from=atm&to=kpa,?category=unit&convert=atm-kpa,atm-kpa | unit-atm-kpa,표준대기압를 킬로파스칼로 | 킬로파스칼를 표준대기압로 | atm kPa 변환 | atm ↔ kPa,단위 변환 | 압력 | atm | 표준대기압 | kpa | 킬로파스칼,atm | kpa | kPa
unit-atm-mmhg,atm-mmhg,unit,unit,atm ↔ mmHg 변환기,unit,pressure,atm,mmhg,published,true,,,,,false,false,0,?tool=unit-atm-mmhg&from=atm&to=mmhg,?category=unit&convert=atm-mmhg,atm-mmhg | unit-atm-mmhg,표준대기압를 수은주 밀리미터로 | 수은주 밀리미터를 표준대기압로 | atm mmHg 변환 | atm ↔ mmHg,단위 변환 | 압력 | atm | 표준대기압 | mmhg | 수은주 밀리미터,atm | mmhg | mmHg
unit-bar-atm,bar-atm,unit,unit,bar ↔ atm 변환기,unit,pressure,bar,atm,published,true,,,,,false,false,0,?tool=unit-bar-atm&from=bar&to=atm,?category=unit&convert=bar-atm,bar-atm | unit-bar-atm,바를 표준대기압로 | 표준대기압를 바로 | bar atm 변환 | bar ↔ atm,단위 변환 | 압력 | bar | 바 | atm | 표준대기압,bar | atm
unit-bar-psi,bar-psi,unit,unit,bar ↔ psi 변환기,unit,pressure,bar,psi,published,true,,,,,false,false,0,?tool=unit-bar-psi&from=bar&to=psi,?category=unit&convert=bar-psi,bar-psi | unit-bar-psi,바를 psi로 | psi를 바로 | bar psi 변환 | bar ↔ psi,단위 변환 | 압력 | bar | 바 | psi,bar | psi
unit-kpa-psi,kpa-psi,unit,unit,kPa ↔ psi 변환기,unit,pressure,kpa,psi,published,true,,,,,false,false,0,?tool=unit-kpa-psi&from=kpa&to=psi,?category=unit&convert=kpa-psi,kpa-psi | unit-kpa-psi,킬로파스칼를 psi로 | psi를 킬로파스칼로 | kPa psi 변환 | kPa ↔ psi,단위 변환 | 압력 | kpa | 킬로파스칼 | psi,kpa | psi | kPa
unit-kgfcm2-mpa,kgfcm2-mpa,unit,unit,kgf/cm² ↔ MPa 변환기,unit,pressure,kgfcm2,mpa,published,true,,,,,false,false,0,?tool=unit-kgfcm2-mpa&from=kgfcm2&to=mpa,?category=unit&convert=kgfcm2-mpa,kgfcm2-mpa | unit-kgfcm2-mpa,kgf/cm²를 메가파스칼로 | 메가파스칼를 kgf/cm²로 | kgf/cm² MPa 변환 | kgf/cm² ↔ MPa,단위 변환 | 압력 | kgfcm2 | kgf/cm² | kgf/cm2 | mpa | 메가파스칼,kgfcm2 | mpa | kgf/cm2 | MPa
unit-psi-kpa,psi-kpa,unit,unit,psi ↔ kPa 변환기,unit,pressure,psi,kpa,published,true,,,,,false,false,0,?tool=unit-psi-kpa&from=psi&to=kpa,?category=unit&convert=psi-kpa,psi-kpa | unit-psi-kpa,psi를 킬로파스칼로 | 킬로파스칼를 psi로 | psi kPa 변환 | psi ↔ kPa,단위 변환 | 압력 | psi | kpa | 킬로파스칼,psi | kpa | kPa
unit-energy-converter,energy-converter,unit,unit,에너지·열량 통합 변환기,unit,energy,j,mj,published,true,,,,,false,true,22,?tool=unit-energy-converter&from=j&to=mj,?category=unit&convert=energy-converter,energy-converter | unit-energy-converter,줄를 메가줄로 | 메가줄를 줄로 | J MJ 변환 | 에너지·열량 통합,단위 변환 | 에너지·열량 | j | 줄 | mj | 메가줄,j | mj | J | MJ
unit-btu-kwh,btu-kwh,unit,unit,BTU ↔ kWh 변환기,unit,energy,btu,kwh,published,true,,,,,false,false,0,?tool=unit-btu-kwh&from=btu&to=kwh,?category=unit&convert=btu-kwh,btu-kwh | unit-btu-kwh,BTU(IT)를 킬로와트시로 | 킬로와트시를 BTU(IT)로 | BTU kWh 변환 | BTU ↔ kWh,단위 변환 | 에너지·열량 | btu | BTU(IT) | kwh | 킬로와트시,btu | kwh | BTU | kWh
unit-j-kj,j-kj,unit,unit,J ↔ kJ 변환기,unit,energy,j,kj,published,true,,,,,false,false,0,?tool=unit-j-kj&from=j&to=kj,?category=unit&convert=j-kj,j-kj | unit-j-kj,줄를 킬로줄로 | 킬로줄를 줄로 | J kJ 변환 | J ↔ kJ,단위 변환 | 에너지·열량 | j | 줄 | kj | 킬로줄,j | kj | J | kJ
unit-mj-kwh,mj-kwh,unit,unit,MJ ↔ kWh 변환기,unit,energy,mj,kwh,published,true,,,,,false,false,0,?tool=unit-mj-kwh&from=mj&to=kwh,?category=unit&convert=mj-kwh,mj-kwh | unit-mj-kwh,메가줄를 킬로와트시로 | 킬로와트시를 메가줄로 | MJ kWh 변환 | MJ ↔ kWh,단위 변환 | 에너지·열량 | mj | 메가줄 | kwh | 킬로와트시,mj | kwh | MJ | kWh
unit-wh-j,wh-j,unit,unit,Wh ↔ J 변환기,unit,energy,wh,j,published,true,,,,,false,false,0,?tool=unit-wh-j&from=wh&to=j,?category=unit&convert=wh-j,wh-j | unit-wh-j,와트시를 줄로 | 줄를 와트시로 | Wh J 변환 | Wh ↔ J,단위 변환 | 에너지·열량 | wh | 와트시 | j | 줄,wh | j | Wh | J
unit-cal-j,cal-j,unit,unit,cal ↔ J 변환기,unit,energy,cal,j,published,true,,,,,false,false,0,?tool=unit-cal-j&from=cal&to=j,?category=unit&convert=cal-j,cal-j | unit-cal-j,칼로리(열화학)를 줄로 | 줄를 칼로리(열화학)로 | cal J 변환 | cal ↔ J,단위 변환 | 에너지·열량 | cal | 칼로리(열화학) | j | 줄,cal | j | J
unit-ev-j,ev-j,unit,unit,eV ↔ J 변환기,unit,energy,ev,j,published,true,,,,,false,false,0,?tool=unit-ev-j&from=ev&to=j,?category=unit&convert=ev-j,ev-j | unit-ev-j,전자볼트를 줄로 | 줄를 전자볼트로 | eV J 변환 | eV ↔ J,단위 변환 | 에너지·열량 | ev | 전자볼트 | j | 줄,ev | j | eV | J
unit-kwh-mj,kwh-mj,unit,unit,kWh ↔ MJ 변환기,unit,energy,kwh,mj,published,true,,,,,false,false,0,?tool=unit-kwh-mj&from=kwh&to=mj,?category=unit&convert=kwh-mj,kwh-mj | unit-kwh-mj,킬로와트시를 메가줄로 | 메가줄를 킬로와트시로 | kWh MJ 변환 | kWh ↔ MJ,단위 변환 | 에너지·열량 | kwh | 킬로와트시 | mj | 메가줄,kwh | mj | kWh | MJ
unit-kcal-wh,kcal-wh,unit,unit,kcal ↔ Wh 변환기,unit,energy,kcal,wh,published,true,,,,,false,false,0,?tool=unit-kcal-wh&from=kcal&to=wh,?category=unit&convert=kcal-wh,kcal-wh | unit-kcal-wh,킬로칼로리를 와트시로 | 와트시를 킬로칼로리로 | kcal Wh 변환 | kcal ↔ Wh,단위 변환 | 에너지·열량 | kcal | 킬로칼로리 | wh | 와트시,kcal | wh | Wh
unit-kcal-kj,kcal-kj,unit,unit,kcal ↔ kJ 변환기,unit,energy,kcal,kj,published,true,,,,,false,false,0,?tool=unit-kcal-kj&from=kcal&to=kj,?category=unit&convert=kcal-kj,kcal-kj | unit-kcal-kj,킬로칼로리를 킬로줄로 | 킬로줄를 킬로칼로리로 | kcal kJ 변환 | kcal ↔ kJ,단위 변환 | 에너지·열량 | kcal | 킬로칼로리 | kj | 킬로줄,kcal | kj | kJ
unit-power-converter,power-converter,unit,unit,전력·동력 통합 변환기,unit,power,mw,kw,published,true,,,,,false,true,23,?tool=unit-power-converter&from=mw&to=kw,?category=unit&convert=power-converter,power-converter | unit-power-converter,밀리와트를 킬로와트로 | 킬로와트를 밀리와트로 | mW kW 변환 | 전력·동력 통합,단위 변환 | 전력·동력 | mw | 밀리와트 | kw | 킬로와트,mw | kw | mW | kW
unit-btuh-w,btuh-w,unit,unit,BTU/h ↔ W 변환기,unit,power,btuh,w,published,true,,,,,false,false,0,?tool=unit-btuh-w&from=btuh&to=w,?category=unit&convert=btuh-w,btuh-w | unit-btuh-w,BTU/h를 와트로 | 와트를 BTU/h로 | BTU/h W 변환 | BTU/h ↔ W,단위 변환 | 전력·동력 | btuh | BTU/h | w | 와트,btuh | w | BTU/h | W
unit-mw-kw,mw-kw,unit,unit,MW ↔ kW 변환기,unit,power,mwatt,kw,published,true,,,,,false,false,0,?tool=unit-mw-kw&from=mwatt&to=kw,?category=unit&convert=mw-kw,mw-kw | unit-mw-kw,메가와트를 킬로와트로 | 킬로와트를 메가와트로 | MW kW 변환 | MW ↔ kW,단위 변환 | 전력·동력 | mwatt | 메가와트 | MW | kw | 킬로와트,mwatt | kw | MW | kW
unit-ps-hp,ps-hp,unit,unit,PS ↔ hp 변환기,unit,power,ps,hp,published,true,,,,,false,false,0,?tool=unit-ps-hp&from=ps&to=hp,?category=unit&convert=ps-hp,ps-hp | unit-ps-hp,미터 마력를 기계 마력로 | 기계 마력를 미터 마력로 | PS hp 변환 | PS ↔ hp,단위 변환 | 전력·동력 | ps | 미터 마력 | hp | 기계 마력,ps | hp | PS
unit-w-kw,w-kw,unit,unit,W ↔ kW 변환기,unit,power,w,kw,published,true,,,,,false,false,0,?tool=unit-w-kw&from=w&to=kw,?category=unit&convert=w-kw,w-kw | unit-w-kw,와트를 킬로와트로 | 킬로와트를 와트로 | W kW 변환 | W ↔ kW,단위 변환 | 전력·동력 | w | 와트 | kw | 킬로와트,w | kw | W | kW
unit-hp-kw,hp-kw,unit,unit,hp ↔ kW 변환기,unit,power,hp,kw,published,true,,,,,false,false,0,?tool=unit-hp-kw&from=hp&to=kw,?category=unit&convert=hp-kw,hp-kw | unit-hp-kw,기계 마력를 킬로와트로 | 킬로와트를 기계 마력로 | hp kW 변환 | hp ↔ kW,단위 변환 | 전력·동력 | hp | 기계 마력 | kw | 킬로와트,hp | kw | kW
unit-kw-ps,kw-ps,unit,unit,kW ↔ PS 변환기,unit,power,kw,ps,published,true,,,,,false,false,0,?tool=unit-kw-ps&from=kw&to=ps,?category=unit&convert=kw-ps,kw-ps | unit-kw-ps,킬로와트를 미터 마력로 | 미터 마력를 킬로와트로 | kW PS 변환 | kW ↔ PS,단위 변환 | 전력·동력 | kw | 킬로와트 | ps | 미터 마력,kw | ps | kW | PS
unit-kw-hp,kw-hp,unit,unit,kW ↔ hp 변환기,unit,power,kw,hp,published,true,,,,,false,false,0,?tool=unit-kw-hp&from=kw&to=hp,?category=unit&convert=kw-hp,kw-hp | unit-kw-hp,킬로와트를 기계 마력로 | 기계 마력를 킬로와트로 | kW hp 변환 | kW ↔ hp,단위 변환 | 전력·동력 | kw | 킬로와트 | hp | 기계 마력,kw | hp | kW
unit-torque-converter,torque-converter,unit,unit,토크 통합 변환기,unit,force-torque,nm,lbfft,published,true,,,,,false,true,24,?tool=unit-torque-converter&from=nm&to=lbfft,?category=unit&convert=torque-converter,torque-converter | unit-torque-converter,뉴턴미터를 lbf·ft로 | lbf·ft를 뉴턴미터로 | N·m lbf·ft 변환 | 토크 통합,단위 변환 | 힘·토크 | 토크 | nm | 뉴턴미터 | N·m | lbfft | lbf·ft,nm | lbfft | N·m | lbf·ft
unit-force-converter,force-converter,unit,unit,힘 통합 변환기,unit,force-torque,n,dyn,published,true,,,,,false,true,25,?tool=unit-force-converter&from=n&to=dyn,?category=unit&convert=force-converter,force-converter | unit-force-converter,뉴턴를 다인로 | 다인를 뉴턴로 | N dyn 변환 | 힘 통합,단위 변환 | 힘·토크 | 힘 | n | 뉴턴 | dyn | 다인,n | dyn | N
unit-n-kgf,n-kgf,unit,unit,N ↔ kgf 변환기,unit,force-torque,n,kgf,published,true,,,,,false,false,0,?tool=unit-n-kgf&from=n&to=kgf,?category=unit&convert=n-kgf,n-kgf | unit-n-kgf,뉴턴를 킬로그램힘로 | 킬로그램힘를 뉴턴로 | N kgf 변환 | N ↔ kgf,단위 변환 | 힘·토크 | 힘 | n | 뉴턴 | kgf | 킬로그램힘,n | kgf | N
unit-n-lbf,n-lbf,unit,unit,N ↔ lbf 변환기,unit,force-torque,n,lbf,published,true,,,,,false,false,0,?tool=unit-n-lbf&from=n&to=lbf,?category=unit&convert=n-lbf,n-lbf | unit-n-lbf,뉴턴를 파운드힘로 | 파운드힘를 뉴턴로 | N lbf 변환 | N ↔ lbf,단위 변환 | 힘·토크 | 힘 | n | 뉴턴 | lbf | 파운드힘,n | lbf | N
unit-nm-kgfm,nm-kgfm,unit,unit,N·m ↔ kgf·m 변환기,unit,force-torque,nm,kgfm,published,true,,,,,false,false,0,?tool=unit-nm-kgfm&from=nm&to=kgfm,?category=unit&convert=nm-kgfm,nm-kgfm | unit-nm-kgfm,뉴턴미터를 kgf·m로 | kgf·m를 뉴턴미터로 | N·m kgf·m 변환 | N·m ↔ kgf·m,단위 변환 | 힘·토크 | 토크 | nm | 뉴턴미터 | N·m | kgfm | kgf·m,nm | kgfm | N·m | kgf·m
unit-nm-lbfft,nm-lbfft,unit,unit,N·m ↔ lbf·ft 변환기,unit,force-torque,nm,lbfft,published,true,,,,,false,false,0,?tool=unit-nm-lbfft&from=nm&to=lbfft,?category=unit&convert=nm-lbfft,nm-lbfft | unit-nm-lbfft,뉴턴미터를 lbf·ft로 | lbf·ft를 뉴턴미터로 | N·m lbf·ft 변환 | N·m ↔ lbf·ft,단위 변환 | 힘·토크 | 토크 | nm | 뉴턴미터 | N·m | lbfft | lbf·ft,nm | lbfft | N·m | lbf·ft
unit-dyn-n,dyn-n,unit,unit,dyn ↔ N 변환기,unit,force-torque,dyn,n,published,true,,,,,false,false,0,?tool=unit-dyn-n&from=dyn&to=n,?category=unit&convert=dyn-n,dyn-n | unit-dyn-n,다인를 뉴턴로 | 뉴턴를 다인로 | dyn N 변환 | dyn ↔ N,단위 변환 | 힘·토크 | 힘 | dyn | 다인 | n | 뉴턴,dyn | n | N
unit-kn-n,kn-n,unit,unit,kN ↔ N 변환기,unit,force-torque,kn,n,published,true,,,,,false,false,0,?tool=unit-kn-n&from=kn&to=n,?category=unit&convert=kn-n,kn-n | unit-kn-n,킬로뉴턴를 뉴턴로 | 뉴턴를 킬로뉴턴로 | kN N 변환 | kN ↔ N,단위 변환 | 힘·토크 | 힘 | kn | 킬로뉴턴 | n | 뉴턴,kn | n | kN | N
unit-kgf-lbf,kgf-lbf,unit,unit,kgf ↔ lbf 변환기,unit,force-torque,kgf,lbf,published,true,,,,,false,false,0,?tool=unit-kgf-lbf&from=kgf&to=lbf,?category=unit&convert=kgf-lbf,kgf-lbf | unit-kgf-lbf,킬로그램힘를 파운드힘로 | 파운드힘를 킬로그램힘로 | kgf lbf 변환 | kgf ↔ lbf,단위 변환 | 힘·토크 | 힘 | kgf | 킬로그램힘 | lbf | 파운드힘,kgf | lbf
unit-lbfft-nm,lbfft-nm,unit,unit,lbf·ft ↔ N·m 변환기,unit,force-torque,lbfft,nm,published,true,,,,,false,false,0,?tool=unit-lbfft-nm&from=lbfft&to=nm,?category=unit&convert=lbfft-nm,lbfft-nm | unit-lbfft-nm,lbf·ft를 뉴턴미터로 | 뉴턴미터를 lbf·ft로 | lbf·ft N·m 변환 | lbf·ft ↔ N·m,단위 변환 | 힘·토크 | 토크 | lbfft | lbf·ft | nm | 뉴턴미터 | N·m,lbfft | nm | lbf·ft | N·m
unit-lbfin-nm,lbfin-nm,unit,unit,lbf·in ↔ N·m 변환기,unit,force-torque,lbfin,nm,published,true,,,,,false,false,0,?tool=unit-lbfin-nm&from=lbfin&to=nm,?category=unit&convert=lbfin-nm,lbfin-nm | unit-lbfin-nm,lbf·in를 뉴턴미터로 | 뉴턴미터를 lbf·in로 | lbf·in N·m 변환 | lbf·in ↔ N·m,단위 변환 | 힘·토크 | 토크 | lbfin | lbf·in | nm | 뉴턴미터 | N·m,lbfin | nm | lbf·in | N·m
unit-data-size-converter,data-size-converter,unit,unit,데이터 용량 통합 변환기,unit,data,bit,kb,published,true,,,,,false,true,26,?tool=unit-data-size-converter&from=bit&to=kb,?category=unit&convert=data-size-converter,data-size-converter | unit-data-size-converter,비트를 킬로비트로 | 킬로비트를 비트로 | bit kb 변환 | 데이터 용량 통합,"단위 변환 | 데이터·전송속도 | 데이터 용량 | KB·MB·GB는 10진 SI, KiB·MiB·GiB는 2진 IEC 기준입니다. | bit | 비트 | kb | 킬로비트",bit | kb
unit-data-rate-converter,data-rate-converter,unit,unit,데이터 전송속도 통합 변환기,unit,data,bps,mbps,published,true,,,,,false,true,27,?tool=unit-data-rate-converter&from=bps&to=mbps,?category=unit&convert=data-rate-converter,data-rate-converter | unit-data-rate-converter,비트/초를 메가비트/초로 | 메가비트/초를 비트/초로 | bps Mbps 변환 | 데이터 전송속도 통합,단위 변환 | 데이터·전송속도 | 데이터 전송속도 | bps | 비트/초 | mbps | 메가비트/초,bps | mbps | Mbps
unit-gigabyte-gibibyte,GB-GiB,unit,unit,GB ↔ GiB 변환기,unit,data,GB,GiB,published,true,,,,,false,false,0,?tool=unit-gigabyte-gibibyte&from=GB&to=GiB,?category=unit&convert=GB-GiB,GB-GiB | unit-GB-GiB,기가바이트를 기비바이트로 | 기비바이트를 기가바이트로 | GB GiB 변환 | GB ↔ GiB,"단위 변환 | 데이터·전송속도 | 데이터 용량 | KB·MB·GB는 10진 SI, KiB·MiB·GiB는 2진 IEC 기준입니다. | GB | 기가바이트 | GiB | 기비바이트",GB | GiB
unit-gigabyte-terabyte,GB-TB,unit,unit,GB ↔ TB 변환기,unit,data,GB,TB,published,true,,,,,false,false,0,?tool=unit-gigabyte-terabyte&from=GB&to=TB,?category=unit&convert=GB-TB,GB-TB | unit-GB-TB,기가바이트를 테라바이트로 | 테라바이트를 기가바이트로 | GB TB 변환 | GB ↔ TB,"단위 변환 | 데이터·전송속도 | 데이터 용량 | KB·MB·GB는 10진 SI, KiB·MiB·GiB는 2진 IEC 기준입니다. | GB | 기가바이트 | TB | 테라바이트",GB | TB
unit-gigabit-per-second-megabyte-per-second,gbps-MBps,unit,unit,Gbps ↔ MB/s 변환기,unit,data,gbps,MBps,published,true,,,,,false,false,0,?tool=unit-gigabit-per-second-megabyte-per-second&from=gbps&to=MBps,?category=unit&convert=gbps-MBps,gbps-MBps | unit-gbps-MBps,기가비트/초를 메가바이트/초로 | 메가바이트/초를 기가비트/초로 | Gbps MB/s 변환 | Gbps ↔ MB/s,단위 변환 | 데이터·전송속도 | 데이터 전송속도 | gbps | 기가비트/초 | MBps | 메가바이트/초 | MB/s,gbps | MBps | Gbps | MB/s
unit-megabyte-gigabyte,MB-GB,unit,unit,MB ↔ GB 변환기,unit,data,MB,GB,published,true,,,,,false,false,0,?tool=unit-megabyte-gigabyte&from=MB&to=GB,?category=unit&convert=MB-GB,MB-GB | unit-MB-GB,메가바이트를 기가바이트로 | 기가바이트를 메가바이트로 | MB GB 변환 | MB ↔ GB,"단위 변환 | 데이터·전송속도 | 데이터 용량 | KB·MB·GB는 10진 SI, KiB·MiB·GiB는 2진 IEC 기준입니다. | MB | 메가바이트 | GB | 기가바이트",MB | GB
unit-megabyte-mebibyte,MB-MiB,unit,unit,MB ↔ MiB 변환기,unit,data,MB,MiB,published,true,,,,,false,false,0,?tool=unit-megabyte-mebibyte&from=MB&to=MiB,?category=unit&convert=MB-MiB,MB-MiB | unit-MB-MiB,메가바이트를 메비바이트로 | 메비바이트를 메가바이트로 | MB MiB 변환 | MB ↔ MiB,"단위 변환 | 데이터·전송속도 | 데이터 용량 | KB·MB·GB는 10진 SI, KiB·MiB·GiB는 2진 IEC 기준입니다. | MB | 메가바이트 | MiB | 메비바이트",MB | MiB
unit-megabyte-per-second-megabit-per-second,MBps-mbps,unit,unit,MB/s ↔ Mbps 변환기,unit,data,MBps,mbps,published,true,,,,,false,false,0,?tool=unit-megabyte-per-second-megabit-per-second&from=MBps&to=mbps,?category=unit&convert=MBps-mbps,MBps-mbps | unit-MBps-mbps,메가바이트/초를 메가비트/초로 | 메가비트/초를 메가바이트/초로 | MB/s Mbps 변환 | MB/s ↔ Mbps | MB/s Mbps | 메가바이트 초 메가비트 초,단위 변환 | 데이터·전송속도 | 데이터 전송속도 | MBps | 메가바이트/초 | MB/s | 메가비트/초,MBps | mbps | MB/s | Mbps
unit-megabit-per-second-megabyte-per-second,mbps-MBps,unit,unit,Mbps ↔ MB/s 변환기,unit,data,mbps,MBps,published,false,unit-megabyte-per-second-megabit-per-second,,,,false,false,0,?tool=unit-megabit-per-second-megabyte-per-second&from=mbps&to=MBps,?category=unit&convert=mbps-MBps,mbps-MBps | unit-mbps-MBps,메가비트/초를 메가바이트/초로 | 메가바이트/초를 메가비트/초로 | Mbps MB/s 변환 | Mbps ↔ MB/s,단위 변환 | 데이터·전송속도 | 데이터 전송속도 | mbps | 메가비트/초 | 메가바이트/초 | MB/s,mbps | MBps | Mbps | MB/s
unit-mebibyte-gibibyte,MiB-GiB,unit,unit,MiB ↔ GiB 변환기,unit,data,MiB,GiB,published,true,,,,,false,false,0,?tool=unit-mebibyte-gibibyte&from=MiB&to=GiB,?category=unit&convert=MiB-GiB,MiB-GiB | unit-MiB-GiB,메비바이트를 기비바이트로 | 기비바이트를 메비바이트로 | MiB GiB 변환 | MiB ↔ GiB,"단위 변환 | 데이터·전송속도 | 데이터 용량 | KB·MB·GB는 10진 SI, KiB·MiB·GiB는 2진 IEC 기준입니다. | MiB | 메비바이트 | GiB | 기비바이트",MiB | GiB
unit-mebibyte-per-second-megabit-per-second,MiBps-mbps,unit,unit,MiB/s ↔ Mbps 변환기,unit,data,MiBps,mbps,published,true,,,,,false,false,0,?tool=unit-mebibyte-per-second-megabit-per-second&from=MiBps&to=mbps,?category=unit&convert=MiBps-mbps,MiBps-mbps | unit-MiBps-mbps,메비바이트/초를 메가비트/초로 | 메가비트/초를 메비바이트/초로 | MiB/s Mbps 변환 | MiB/s ↔ Mbps,단위 변환 | 데이터·전송속도 | 데이터 전송속도 | MiBps | 메비바이트/초 | MiB/s | mbps | 메가비트/초,MiBps | mbps | MiB/s | Mbps
unit-bit-byte,bit-byte,unit,unit,bit ↔ byte 변환기,unit,data,bit,byte,published,true,,,,,false,false,0,?tool=unit-bit-byte&from=bit&to=byte,?category=unit&convert=bit-byte,bit-byte | unit-bit-byte,비트를 바이트로 | 바이트를 비트로 | bit B 변환 | bit ↔ byte,"단위 변환 | 데이터·전송속도 | 데이터 용량 | KB·MB·GB는 10진 SI, KiB·MiB·GiB는 2진 IEC 기준입니다. | bit | 비트 | byte | 바이트 | B",bit | byte | B
unit-kilobyte-megabyte,kB-MB,unit,unit,kB ↔ MB 변환기,unit,data,kB,MB,published,true,,,,,false,false,0,?tool=unit-kilobyte-megabyte&from=kB&to=MB,?category=unit&convert=kB-MB,kB-MB | unit-kB-MB,킬로바이트를 메가바이트로 | 메가바이트를 킬로바이트로 | kB MB 변환 | kB ↔ MB,"단위 변환 | 데이터·전송속도 | 데이터 용량 | KB·MB·GB는 10진 SI, KiB·MiB·GiB는 2진 IEC 기준입니다. | kB | 킬로바이트 | MB | 메가바이트",kB | MB
unit-kb-mb,kb-mb,unit,unit,kb ↔ Mb 변환기,unit,data,kb,mb,published,true,,,,,false,false,0,?tool=unit-kb-mb&from=kb&to=mb,?category=unit&convert=kb-mb,kb-mb | unit-kb-mb,킬로비트를 메가비트로 | 메가비트를 킬로비트로 | kb Mb 변환 | kb ↔ Mb,"단위 변환 | 데이터·전송속도 | 데이터 용량 | KB·MB·GB는 10진 SI, KiB·MiB·GiB는 2진 IEC 기준입니다. | kb | 킬로비트 | mb | 메가비트",kb | mb | Mb
unit-kilobit-per-second-kilobyte-per-second,kbps-kBps,unit,unit,kbps ↔ kB/s 변환기,unit,data,kbps,kBps,published,true,,,,,false,false,0,?tool=unit-kilobit-per-second-kilobyte-per-second&from=kbps&to=kBps,?category=unit&convert=kbps-kBps,kbps-kBps | unit-kbps-kBps,킬로비트/초를 킬로바이트/초로 | 킬로바이트/초를 킬로비트/초로 | kbps kB/s 변환 | kbps ↔ kB/s,단위 변환 | 데이터·전송속도 | 데이터 전송속도 | kbps | 킬로비트/초 | 킬로바이트/초 | kB/s,kbps | kBps | kB/s
unit-frequency-converter,frequency-converter,unit,unit,주파수 통합 변환기,unit,frequency,hz,mhz,published,true,,,,,false,true,28,?tool=unit-frequency-converter&from=hz&to=mhz,?category=unit&convert=frequency-converter,frequency-converter | unit-frequency-converter,헤르츠를 메가헤르츠로 | 메가헤르츠를 헤르츠로 | Hz MHz 변환 | 주파수 통합,단위 변환 | 주파수 | hz | 헤르츠 | mhz | 메가헤르츠,hz | mhz | Hz | MHz
unit-ghz-mhz,ghz-mhz,unit,unit,GHz ↔ MHz 변환기,unit,frequency,ghz,mhz,published,true,,,,,false,false,0,?tool=unit-ghz-mhz&from=ghz&to=mhz,?category=unit&convert=ghz-mhz,ghz-mhz | unit-ghz-mhz,기가헤르츠를 메가헤르츠로 | 메가헤르츠를 기가헤르츠로 | GHz MHz 변환 | GHz ↔ MHz,단위 변환 | 주파수 | ghz | 기가헤르츠 | mhz | 메가헤르츠,ghz | mhz | GHz | MHz
unit-hz-khz,hz-khz,unit,unit,Hz ↔ kHz 변환기,unit,frequency,hz,khz,published,true,,,,,false,false,0,?tool=unit-hz-khz&from=hz&to=khz,?category=unit&convert=hz-khz,hz-khz | unit-hz-khz,헤르츠를 킬로헤르츠로 | 킬로헤르츠를 헤르츠로 | Hz kHz 변환 | Hz ↔ kHz,단위 변환 | 주파수 | hz | 헤르츠 | khz | 킬로헤르츠,hz | khz | Hz | kHz
unit-hz-rpm,hz-rpm,unit,unit,Hz ↔ rpm 변환기,unit,frequency,hz,rpm,published,true,,,,,false,false,0,?tool=unit-hz-rpm&from=hz&to=rpm,?category=unit&convert=hz-rpm,hz-rpm | unit-hz-rpm,헤르츠를 분당 회전수로 | 분당 회전수를 헤르츠로 | Hz rpm 변환 | Hz ↔ rpm,단위 변환 | 주파수 | hz | 헤르츠 | rpm | 분당 회전수,hz | rpm | Hz
unit-mhz-ghz,mhz-ghz,unit,unit,MHz ↔ GHz 변환기,unit,frequency,mhz,ghz,published,true,,,,,false,false,0,?tool=unit-mhz-ghz&from=mhz&to=ghz,?category=unit&convert=mhz-ghz,mhz-ghz | unit-mhz-ghz,메가헤르츠를 기가헤르츠로 | 기가헤르츠를 메가헤르츠로 | MHz GHz 변환 | MHz ↔ GHz,단위 변환 | 주파수 | mhz | 메가헤르츠 | ghz | 기가헤르츠,mhz | ghz | MHz | GHz
unit-khz-mhz,khz-mhz,unit,unit,kHz ↔ MHz 변환기,unit,frequency,khz,mhz,published,true,,,,,false,false,0,?tool=unit-khz-mhz&from=khz&to=mhz,?category=unit&convert=khz-mhz,khz-mhz | unit-khz-mhz,킬로헤르츠를 메가헤르츠로 | 메가헤르츠를 킬로헤르츠로 | kHz MHz 변환 | kHz ↔ MHz,단위 변환 | 주파수 | khz | 킬로헤르츠 | mhz | 메가헤르츠,khz | mhz | kHz | MHz
unit-rpm-hz,rpm-hz,unit,unit,rpm ↔ Hz 변환기,unit,frequency,rpm,hz,published,true,,,,,false,false,0,?tool=unit-rpm-hz&from=rpm&to=hz,?category=unit&convert=rpm-hz,rpm-hz | unit-rpm-hz,분당 회전수를 헤르츠로 | 헤르츠를 분당 회전수로 | rpm Hz 변환 | rpm ↔ Hz,단위 변환 | 주파수 | rpm | 분당 회전수 | hz | 헤르츠,rpm | hz | Hz
unit-fuel-converter,fuel-converter,unit,unit,연비 통합 변환기,unit,fuel,kmpl,mpgus,published,true,,,,,false,true,29,?tool=unit-fuel-converter&from=kmpl&to=mpgus,?category=unit&convert=fuel-converter,fuel-converter | unit-fuel-converter,킬로미터/리터를 미국 mpg로 | 미국 mpg를 킬로미터/리터로 | km/L mpg US 변환 | 연비 통합,단위 변환 | 연비 | kmpl | 킬로미터/리터 | km/L | mpgus | 미국 mpg | mpg US,kmpl | mpgus | km/L | mpgUS
unit-kmpl-l100,kmpl-l100,unit,unit,km/L ↔ L/100km 변환기,unit,fuel,kmpl,l100,published,true,,,,,false,false,0,?tool=unit-kmpl-l100&from=kmpl&to=l100,?category=unit&convert=kmpl-l100,kmpl-l100 | unit-kmpl-l100,킬로미터/리터를 리터/100km로 | 리터/100km를 킬로미터/리터로 | km/L L/100km 변환 | km/L ↔ L/100km,단위 변환 | 연비 | kmpl | 킬로미터/리터 | km/L | l100 | 리터/100km | L/100km,kmpl | l100 | km/L | L/100km
unit-kmpl-mpguk,kmpl-mpguk,unit,unit,km/L ↔ mpg UK 변환기,unit,fuel,kmpl,mpguk,published,true,,,,,false,false,0,?tool=unit-kmpl-mpguk&from=kmpl&to=mpguk,?category=unit&convert=kmpl-mpguk,kmpl-mpguk | unit-kmpl-mpguk,킬로미터/리터를 영국 mpg로 | 영국 mpg를 킬로미터/리터로 | km/L mpg UK 변환 | km/L ↔ mpg UK,단위 변환 | 연비 | kmpl | 킬로미터/리터 | km/L | mpguk | 영국 mpg | mpg UK,kmpl | mpguk | km/L | mpgUK
unit-kmpl-mpgus,kmpl-mpgus,unit,unit,km/L ↔ mpg US 변환기,unit,fuel,kmpl,mpgus,published,true,,,,,false,false,0,?tool=unit-kmpl-mpgus&from=kmpl&to=mpgus,?category=unit&convert=kmpl-mpgus,kmpl-mpgus | unit-kmpl-mpgus,킬로미터/리터를 미국 mpg로 | 미국 mpg를 킬로미터/리터로 | km/L mpg US 변환 | km/L ↔ mpg US,단위 변환 | 연비 | kmpl | 킬로미터/리터 | km/L | mpgus | 미국 mpg | mpg US,kmpl | mpgus | km/L | mpgUS
unit-mpguk-l100,mpguk-l100,unit,unit,mpg UK ↔ L/100km 변환기,unit,fuel,mpguk,l100,published,true,,,,,false,false,0,?tool=unit-mpguk-l100&from=mpguk&to=l100,?category=unit&convert=mpguk-l100,mpguk-l100 | unit-mpguk-l100,영국 mpg를 리터/100km로 | 리터/100km를 영국 mpg로 | mpg UK L/100km 변환 | mpg UK ↔ L/100km,단위 변환 | 연비 | mpguk | 영국 mpg | mpg UK | l100 | 리터/100km | L/100km,mpguk | l100 | mpgUK | L/100km
unit-mpgus-l100,mpgus-l100,unit,unit,mpg US ↔ L/100km 변환기,unit,fuel,mpgus,l100,published,true,,,,,false,false,0,?tool=unit-mpgus-l100&from=mpgus&to=l100,?category=unit&convert=mpgus-l100,mpgus-l100 | unit-mpgus-l100,미국 mpg를 리터/100km로 | 리터/100km를 미국 mpg로 | mpg US L/100km 변환 | mpg US ↔ L/100km,단위 변환 | 연비 | mpgus | 미국 mpg | mpg US | l100 | 리터/100km | L/100km,mpgus | l100 | mpgUS | L/100km
unit-mpgus-mpguk,mpgus-mpguk,unit,unit,mpg US ↔ mpg UK 변환기,unit,fuel,mpgus,mpguk,published,true,,,,,false,false,0,?tool=unit-mpgus-mpguk&from=mpgus&to=mpguk,?category=unit&convert=mpgus-mpguk,mpgus-mpguk | unit-mpgus-mpguk,미국 mpg를 영국 mpg로 | 영국 mpg를 미국 mpg로 | mpg US mpg UK 변환 | mpg US ↔ mpg UK,단위 변환 | 연비 | mpgus | 미국 mpg | mpg US | mpguk | 영국 mpg | mpg UK,mpgus | mpguk | mpgUS | mpgUK
unit-density-converter,density-converter,unit,unit,밀도 통합 변환기,unit,density-flow,kgm3,kgL,published,true,,,,,false,true,30,?tool=unit-density-converter&from=kgm3&to=kgL,?category=unit&convert=density-converter,density-converter | unit-density-converter,킬로그램/세제곱미터를 킬로그램/리터로 | 킬로그램/리터를 킬로그램/세제곱미터로 | kg/m³ kg/L 변환 | 밀도 통합,단위 변환 | 밀도·유량 | 밀도 | kgm3 | 킬로그램/세제곱미터 | kg/m³ | kg/m3 | kgL | 킬로그램/리터 | kg/L,kgm3 | kgL | kg/m3 | kg/L
unit-flow-converter,flow-converter,unit,unit,유량 통합 변환기,unit,density-flow,m3s,Ls,published,true,,,,,false,true,31,?tool=unit-flow-converter&from=m3s&to=Ls,?category=unit&convert=flow-converter,flow-converter | unit-flow-converter,세제곱미터/초를 리터/초로 | 리터/초를 세제곱미터/초로 | m³/s L/s 변환 | 유량 통합,단위 변환 | 밀도·유량 | 체적 유량 | m3s | 세제곱미터/초 | m³/s | m3/s | Ls | 리터/초 | L/s,m3s | Ls | m3/s | L/s
unit-liter-per-minute-cubic-meter-per-hour,Lmin-m3h,unit,unit,L/min ↔ m³/h 변환기,unit,density-flow,Lmin,m3h,published,true,,,,,false,false,0,?tool=unit-liter-per-minute-cubic-meter-per-hour&from=Lmin&to=m3h,?category=unit&convert=Lmin-m3h,Lmin-m3h | unit-Lmin-m3h,리터/분를 세제곱미터/시간로 | 세제곱미터/시간를 리터/분로 | L/min m³/h 변환 | L/min ↔ m³/h,단위 변환 | 밀도·유량 | 체적 유량 | Lmin | 리터/분 | L/min | m3h | 세제곱미터/시간 | m³/h | m3/h,Lmin | m3h | L/min | m3/h
unit-liter-per-second-liter-per-minute,Ls-Lmin,unit,unit,L/s ↔ L/min 변환기,unit,density-flow,Ls,Lmin,published,true,,,,,false,false,0,?tool=unit-liter-per-second-liter-per-minute&from=Ls&to=Lmin,?category=unit&convert=Ls-Lmin,Ls-Lmin | unit-Ls-Lmin,리터/초를 리터/분로 | 리터/분를 리터/초로 | L/s L/min 변환 | L/s ↔ L/min,단위 변환 | 밀도·유량 | 체적 유량 | Ls | 리터/초 | L/s | Lmin | 리터/분 | L/min,Ls | Lmin | L/s | L/min
unit-us-gallon-per-minute-liter-per-minute,gpm-Lmin,unit,unit,US gpm ↔ L/min 변환기,unit,density-flow,gpm,Lmin,published,true,,,,,false,false,0,?tool=unit-us-gallon-per-minute-liter-per-minute&from=gpm&to=Lmin,?category=unit&convert=gpm-Lmin,gpm-Lmin | unit-gpm-Lmin,미국 갤런/분를 리터/분로 | 리터/분를 미국 갤런/분로 | US gpm L/min 변환 | US gpm ↔ L/min,단위 변환 | 밀도·유량 | 체적 유량 | gpm | 미국 갤런/분 | US gpm | Lmin | 리터/분 | L/min,gpm | Lmin | USgpm | L/min
unit-cfm-m3h,cfm-m3h,unit,unit,cfm ↔ m³/h 변환기,unit,density-flow,cfm,m3h,published,true,,,,,false,false,0,?tool=unit-cfm-m3h&from=cfm&to=m3h,?category=unit&convert=cfm-m3h,cfm-m3h | unit-cfm-m3h,세제곱피트/분를 세제곱미터/시간로 | 세제곱미터/시간를 세제곱피트/분로 | cfm m³/h 변환 | cfm ↔ m³/h,단위 변환 | 밀도·유량 | 체적 유량 | cfm | 세제곱피트/분 | m3h | 세제곱미터/시간 | m³/h | m3/h,cfm | m3h | m3/h
unit-gcm3-kgm3,gcm3-kgm3,unit,unit,g/cm³ ↔ kg/m³ 변환기,unit,density-flow,gcm3,kgm3,published,true,,,,,false,false,0,?tool=unit-gcm3-kgm3&from=gcm3&to=kgm3,?category=unit&convert=gcm3-kgm3,gcm3-kgm3 | unit-gcm3-kgm3,그램/세제곱센티미터를 킬로그램/세제곱미터로 | 킬로그램/세제곱미터를 그램/세제곱센티미터로 | g/cm³ kg/m³ 변환 | g/cm³ ↔ kg/m³,단위 변환 | 밀도·유량 | 밀도 | gcm3 | 그램/세제곱센티미터 | g/cm³ | g/cm3 | kgm3 | 킬로그램/세제곱미터 | kg/m³ | kg/m3,gcm3 | kgm3 | g/cm3 | kg/m3
unit-kilogram-per-liter-gram-per-milliliter,kgL-gmL,unit,unit,kg/L ↔ g/mL 변환기,unit,density-flow,kgL,gmL,published,true,,,,,false,false,0,?tool=unit-kilogram-per-liter-gram-per-milliliter&from=kgL&to=gmL,?category=unit&convert=kgL-gmL,kgL-gmL | unit-kgL-gmL,킬로그램/리터를 그램/밀리리터로 | 그램/밀리리터를 킬로그램/리터로 | kg/L g/mL 변환 | kg/L ↔ g/mL,단위 변환 | 밀도·유량 | 밀도 | kgL | 킬로그램/리터 | kg/L | gmL | 그램/밀리리터 | g/mL,kgL | gmL | kg/L | g/mL
unit-kgm3-gcm3,kgm3-gcm3,unit,unit,kg/m³ ↔ g/cm³ 변환기,unit,density-flow,kgm3,gcm3,published,true,,,,,false,false,0,?tool=unit-kgm3-gcm3&from=kgm3&to=gcm3,?category=unit&convert=kgm3-gcm3,kgm3-gcm3 | unit-kgm3-gcm3,킬로그램/세제곱미터를 그램/세제곱센티미터로 | 그램/세제곱센티미터를 킬로그램/세제곱미터로 | kg/m³ g/cm³ 변환 | kg/m³ ↔ g/cm³,단위 변환 | 밀도·유량 | 밀도 | kgm3 | 킬로그램/세제곱미터 | kg/m³ | kg/m3 | gcm3 | 그램/세제곱센티미터 | g/cm³ | g/cm3,kgm3 | gcm3 | kg/m3 | g/cm3
unit-lbft3-kgm3,lbft3-kgm3,unit,unit,lb/ft³ ↔ kg/m³ 변환기,unit,density-flow,lbft3,kgm3,published,true,,,,,false,false,0,?tool=unit-lbft3-kgm3&from=lbft3&to=kgm3,?category=unit&convert=lbft3-kgm3,lbft3-kgm3 | unit-lbft3-kgm3,파운드/세제곱피트를 킬로그램/세제곱미터로 | 킬로그램/세제곱미터를 파운드/세제곱피트로 | lb/ft³ kg/m³ 변환 | lb/ft³ ↔ kg/m³,단위 변환 | 밀도·유량 | 밀도 | lbft3 | 파운드/세제곱피트 | lb/ft³ | lb/ft3 | kgm3 | 킬로그램/세제곱미터 | kg/m³ | kg/m3,lbft3 | kgm3 | lb/ft3 | kg/m3
unit-cubic-meter-per-second-liter-per-second,m3s-Ls,unit,unit,m³/s ↔ L/s 변환기,unit,density-flow,m3s,Ls,published,true,,,,,false,false,0,?tool=unit-cubic-meter-per-second-liter-per-second&from=m3s&to=Ls,?category=unit&convert=m3s-Ls,m3s-Ls | unit-m3s-Ls,세제곱미터/초를 리터/초로 | 리터/초를 세제곱미터/초로 | m³/s L/s 변환 | m³/s ↔ L/s,단위 변환 | 밀도·유량 | 체적 유량 | m3s | 세제곱미터/초 | m³/s | m3/s | Ls | 리터/초 | L/s,m3s | Ls | m3/s | L/s
unit-inductance-converter,inductance-converter,unit,unit,인덕턴스 통합 변환기,unit,electrical,uh,h,published,true,,,,,false,true,32,?tool=unit-inductance-converter&from=uh&to=h,?category=unit&convert=inductance-converter,inductance-converter | unit-inductance-converter,마이크로헨리를 헨리로 | 헨리를 마이크로헨리로 | μH H 변환 | 인덕턴스 통합,단위 변환 | 전기 단위 | 인덕턴스 | uh | 마이크로헨리 | μH | h | 헨리,uh | h | μH | H
unit-resistance-converter,resistance-converter,unit,unit,저항 통합 변환기,unit,electrical,mohm,kohm,published,true,,,,,false,true,33,?tool=unit-resistance-converter&from=mohm&to=kohm,?category=unit&convert=resistance-converter,resistance-converter | unit-resistance-converter,밀리옴를 킬로옴로 | 킬로옴를 밀리옴로 | mΩ kΩ 변환 | 저항 통합,단위 변환 | 전기 단위 | 저항 | mohm | 밀리옴 | mΩ | kohm | 킬로옴 | kΩ,mohm | kohm | mΩ | kΩ
unit-current-converter,current-converter,unit,unit,전류 통합 변환기,unit,electrical,ua,a,published,true,,,,,false,true,34,?tool=unit-current-converter&from=ua&to=a,?category=unit&convert=current-converter,current-converter | unit-current-converter,마이크로암페어를 암페어로 | 암페어를 마이크로암페어로 | μA A 변환 | 전류 통합,단위 변환 | 전기 단위 | 전류 | ua | 마이크로암페어 | μA | a | 암페어,ua | a | μA | A
unit-voltage-converter,voltage-converter,unit,unit,전압 통합 변환기,unit,electrical,uv,v,published,true,,,,,false,true,35,?tool=unit-voltage-converter&from=uv&to=v,?category=unit&convert=voltage-converter,voltage-converter | unit-voltage-converter,마이크로볼트를 볼트로 | 볼트를 마이크로볼트로 | μV V 변환 | 전압 통합,단위 변환 | 전기 단위 | 전압 | uv | 마이크로볼트 | μV | v | 볼트,uv | v | μV | V
unit-charge-converter,charge-converter,unit,unit,전하·배터리 용량 통합 변환기,unit,electrical,uc,c,published,true,,,,,false,true,36,?tool=unit-charge-converter&from=uc&to=c,?category=unit&convert=charge-converter,charge-converter | unit-charge-converter,마이크로쿨롱를 쿨롱로 | 쿨롱를 마이크로쿨롱로 | μC C 변환 | 전하·배터리 용량 통합,단위 변환 | 전기 단위 | 전하 | uc | 마이크로쿨롱 | μC | c | 쿨롱 | 섭씨 | celsius | °C,uc | c | μC | C
unit-capacitance-converter,capacitance-converter,unit,unit,정전용량 통합 변환기,unit,electrical,pf,uf,published,true,,,,,false,true,37,?tool=unit-capacitance-converter&from=pf&to=uf,?category=unit&convert=capacitance-converter,capacitance-converter | unit-capacitance-converter,피코패럿를 마이크로패럿로 | 마이크로패럿를 피코패럿로 | pF μF 변환 | 정전용량 통합,단위 변환 | 전기 단위 | 정전용량 | pf | 피코패럿 | uf | 마이크로패럿 | μF,pf | uf | pF | μF
unit-ah-c,ah-c,unit,unit,Ah ↔ C 변환기,unit,electrical,ah,c,published,true,,,,,false,false,0,?tool=unit-ah-c&from=ah&to=c,?category=unit&convert=ah-c,ah-c | unit-ah-c,암페어시를 쿨롱로 | 쿨롱를 암페어시로 | Ah C 변환 | Ah ↔ C,단위 변환 | 전기 단위 | 전하 | ah | 암페어시 | c | 쿨롱 | 섭씨 | celsius | °C,ah | c | Ah | C
unit-v-kv,v-kv,unit,unit,V ↔ kV 변환기,unit,electrical,v,kv,published,true,,,,,false,false,0,?tool=unit-v-kv&from=v&to=kv,?category=unit&convert=v-kv,v-kv | unit-v-kv,볼트를 킬로볼트로 | 킬로볼트를 볼트로 | V kV 변환 | V ↔ kV,단위 변환 | 전기 단위 | 전압 | v | 볼트 | kv | 킬로볼트,v | kv | V | kV
unit-kiloohm-megaohm,kohm-Mohm,unit,unit,kΩ ↔ MΩ 변환기,unit,electrical,kohm,Mohm,published,true,,,,,false,false,0,?tool=unit-kiloohm-megaohm&from=kohm&to=Mohm,?category=unit&convert=kohm-Mohm,kohm-Mohm | unit-kohm-Mohm,킬로옴를 메가옴로 | 메가옴를 킬로옴로 | kΩ MΩ 변환 | kΩ ↔ MΩ,단위 변환 | 전기 단위 | 저항 | kohm | 킬로옴 | kΩ | Mohm | 메가옴 | MΩ,kohm | Mohm | kΩ | MΩ
unit-ma-a,ma-a,unit,unit,mA ↔ A 변환기,unit,electrical,ma,a,published,true,,,,,false,false,0,?tool=unit-ma-a&from=ma&to=a,?category=unit&convert=ma-a,ma-a | unit-ma-a,밀리암페어를 암페어로 | 암페어를 밀리암페어로 | mA A 변환 | mA ↔ A,단위 변환 | 전기 단위 | 전류 | ma | 밀리암페어 | a | 암페어,ma | a | mA | A
unit-mah-ah,mah-ah,unit,unit,mAh ↔ Ah 변환기,unit,electrical,mah,ah,published,true,,,,,false,false,0,?tool=unit-mah-ah&from=mah&to=ah,?category=unit&convert=mah-ah,mah-ah | unit-mah-ah,밀리암페어시를 암페어시로 | 암페어시를 밀리암페어시로 | mAh Ah 변환 | mAh ↔ Ah,단위 변환 | 전기 단위 | 전하 | mah | 밀리암페어시 | ah | 암페어시,mah | ah | mAh | Ah
unit-mah-c,mah-c,unit,unit,mAh ↔ C 변환기,unit,electrical,mah,c,published,true,,,,,false,false,0,?tool=unit-mah-c&from=mah&to=c,?category=unit&convert=mah-c,mah-c | unit-mah-c,밀리암페어시를 쿨롱로 | 쿨롱를 밀리암페어시로 | mAh C 변환 | mAh ↔ C,단위 변환 | 전기 단위 | 전하 | mah | 밀리암페어시 | c | 쿨롱 | 섭씨 | celsius | °C,mah | c | mAh | C
unit-mh-h,mh-h,unit,unit,mH ↔ H 변환기,unit,electrical,mh,h,published,true,,,,,false,false,0,?tool=unit-mh-h&from=mh&to=h,?category=unit&convert=mh-h,mh-h | unit-mh-h,밀리헨리를 헨리로 | 헨리를 밀리헨리로 | mH H 변환 | mH ↔ H,단위 변환 | 전기 단위 | 인덕턴스 | mh | 밀리헨리 | h | 헨리,mh | h | mH | H
unit-mv-v,mv-v,unit,unit,mV ↔ V 변환기,unit,electrical,mv,v,published,true,,,,,false,false,0,?tool=unit-mv-v&from=mv&to=v,?category=unit&convert=mv-v,mv-v | unit-mv-v,밀리볼트를 볼트로 | 볼트를 밀리볼트로 | mV V 변환 | mV ↔ V,단위 변환 | 전기 단위 | 전압 | mv | 밀리볼트 | v | 볼트,mv | v | mV | V
unit-nf-uf,nf-uf,unit,unit,nF ↔ μF 변환기,unit,electrical,nf,uf,published,true,,,,,false,false,0,?tool=unit-nf-uf&from=nf&to=uf,?category=unit&convert=nf-uf,nf-uf | unit-nf-uf,나노패럿를 마이크로패럿로 | 마이크로패럿를 나노패럿로 | nF μF 변환 | nF ↔ μF,단위 변환 | 전기 단위 | 정전용량 | nf | 나노패럿 | uf | 마이크로패럿 | μF,nf | uf | nF | μF
unit-pf-nf,pf-nf,unit,unit,pF ↔ nF 변환기,unit,electrical,pf,nf,published,true,,,,,false,false,0,?tool=unit-pf-nf&from=pf&to=nf,?category=unit&convert=pf-nf,pf-nf | unit-pf-nf,피코패럿를 나노패럿로 | 나노패럿를 피코패럿로 | pF nF 변환 | pF ↔ nF,단위 변환 | 전기 단위 | 정전용량 | pf | 피코패럿 | nf | 나노패럿,pf | nf | pF | nF
unit-ohm-kohm,ohm-kohm,unit,unit,Ω ↔ kΩ 변환기,unit,electrical,ohm,kohm,published,true,,,,,false,false,0,?tool=unit-ohm-kohm&from=ohm&to=kohm,?category=unit&convert=ohm-kohm,ohm-kohm | unit-ohm-kohm,옴를 킬로옴로 | 킬로옴를 옴로 | Ω kΩ 변환 | Ω ↔ kΩ,단위 변환 | 전기 단위 | 저항 | ohm | 옴 | Ω | kohm | 킬로옴 | kΩ,ohm | kohm | Ω | kΩ
unit-ua-ma,ua-ma,unit,unit,μA ↔ mA 변환기,unit,electrical,ua,ma,published,true,,,,,false,false,0,?tool=unit-ua-ma&from=ua&to=ma,?category=unit&convert=ua-ma,ua-ma | unit-ua-ma,마이크로암페어를 밀리암페어로 | 밀리암페어를 마이크로암페어로 | μA mA 변환 | μA ↔ mA,단위 변환 | 전기 단위 | 전류 | ua | 마이크로암페어 | μA | ma | 밀리암페어,ua | ma | μA | mA
unit-uf-mf,uf-mf,unit,unit,μF ↔ mF 변환기,unit,electrical,uf,mf,published,true,,,,,false,false,0,?tool=unit-uf-mf&from=uf&to=mf,?category=unit&convert=uf-mf,uf-mf | unit-uf-mf,마이크로패럿를 밀리패럿로 | 밀리패럿를 마이크로패럿로 | μF mF 변환 | μF ↔ mF,단위 변환 | 전기 단위 | 정전용량 | uf | 마이크로패럿 | μF | mf | 밀리패럿,uf | mf | μF | mF
unit-uh-mh,uh-mh,unit,unit,μH ↔ mH 변환기,unit,electrical,uh,mh,published,true,,,,,false,false,0,?tool=unit-uh-mh&from=uh&to=mh,?category=unit&convert=uh-mh,uh-mh | unit-uh-mh,마이크로헨리를 밀리헨리로 | 밀리헨리를 마이크로헨리로 | μH mH 변환 | μH ↔ mH,단위 변환 | 전기 단위 | 인덕턴스 | uh | 마이크로헨리 | μH | mh | 밀리헨리,uh | mh | μH | mH
unit-cooking-volume-converter,cooking-volume-converter,unit,unit,요리·주방 용량 통합 변환기,unit,cooking,ml,ustsp,published,true,,,,,false,true,38,?tool=unit-cooking-volume-converter&from=ml&to=ustsp,?category=unit&convert=cooking-volume-converter,cooking-volume-converter | unit-cooking-volume-converter,밀리리터를 미국 티스푼로 | 미국 티스푼를 밀리리터로 | mL US tsp 변환 | 요리·주방 용량 통합,단위 변환 | 요리·주방 용량 | 컵·스푼은 국가별 정의가 달라 미국식과 미터법을 명확히 구분합니다. | ml | 밀리리터 | ustsp | 미국 티스푼 | US tsp,ml | ustsp | mL | UStsp
unit-metric-tbsp-ml,metric-tbsp-ml,unit,unit,15mL tbsp ↔ mL 변환기,unit,cooking,metric_tbsp,ml,published,true,,,,,false,false,0,?tool=unit-metric-tbsp-ml&from=metric_tbsp&to=ml,?category=unit&convert=metric-tbsp-ml,metric-tbsp-ml | unit-metric-tbsp-ml,미터법 테이블스푼를 밀리리터로 | 밀리리터를 미터법 테이블스푼로 | 15 mL tbsp mL 변환 | 15mL tbsp ↔ mL,단위 변환 | 요리·주방 용량 | 컵·스푼은 국가별 정의가 달라 미국식과 미터법을 명확히 구분합니다. | metric_tbsp | 미터법 테이블스푼 | 15 mL tbsp | ml | 밀리리터,metric_tbsp | ml | 15mLtbsp | mL
unit-metriccup-l,metriccup-l,unit,unit,250mL cup ↔ L 변환기,unit,cooking,metric_cup,l,published,true,,,,,false,false,0,?tool=unit-metriccup-l&from=metric_cup&to=l,?category=unit&convert=metriccup-l,metriccup-l | unit-metriccup-l,미터법 컵를 리터로 | 리터를 미터법 컵로 | 250 mL cup L 변환 | 250mL cup ↔ L,단위 변환 | 요리·주방 용량 | 컵·스푼은 국가별 정의가 달라 미국식과 미터법을 명확히 구분합니다. | metric_cup | 미터법 컵 | 250 mL cup | l | 리터 | liter | litre,metric_cup | l | 250mLcup | L
unit-metric-tsp-ml,metric-tsp-ml,unit,unit,5mL tsp ↔ mL 변환기,unit,cooking,metric_tsp,ml,published,true,,,,,false,false,0,?tool=unit-metric-tsp-ml&from=metric_tsp&to=ml,?category=unit&convert=metric-tsp-ml,metric-tsp-ml | unit-metric-tsp-ml,미터법 티스푼를 밀리리터로 | 밀리리터를 미터법 티스푼로 | 5 mL tsp mL 변환 | 5mL tsp ↔ mL,단위 변환 | 요리·주방 용량 | 컵·스푼은 국가별 정의가 달라 미국식과 미터법을 명확히 구분합니다. | metric_tsp | 미터법 티스푼 | 5 mL tsp | ml | 밀리리터,metric_tsp | ml | 5mLtsp | mL
unit-usfloz-ml-kitchen,usfloz-ml-kitchen,unit,unit,US fl oz ↔ mL 변환기,unit,cooking,usfloz,ml,published,true,,,,,false,false,0,?tool=unit-usfloz-ml-kitchen&from=usfloz&to=ml,?category=unit&convert=usfloz-ml-kitchen,usfloz-ml-kitchen | unit-usfloz-ml-kitchen,미국 액량 온스를 밀리리터로 | 밀리리터를 미국 액량 온스로 | US fl oz mL 변환 | US fl oz ↔ mL,단위 변환 | 요리·주방 용량 | 컵·스푼은 국가별 정의가 달라 미국식과 미터법을 명확히 구분합니다. | usfloz | 미국 액량 온스 | US fl oz | ml | 밀리리터,usfloz | ml | USfloz | mL
unit-ustbsp-ustsp,ustbsp-ustsp,unit,unit,US tbsp ↔ US tsp 변환기,unit,cooking,ustbsp,ustsp,published,true,,,,,false,false,0,?tool=unit-ustbsp-ustsp&from=ustbsp&to=ustsp,?category=unit&convert=ustbsp-ustsp,ustbsp-ustsp | unit-ustbsp-ustsp,미국 테이블스푼를 미국 티스푼로 | 미국 티스푼를 미국 테이블스푼로 | US tbsp US tsp 변환 | US tbsp ↔ US tsp,단위 변환 | 요리·주방 용량 | 컵·스푼은 국가별 정의가 달라 미국식과 미터법을 명확히 구분합니다. | ustbsp | 미국 테이블스푼 | US tbsp | ustsp | 미국 티스푼 | US tsp,ustbsp | ustsp | UStbsp | UStsp
unit-ml-metriccup,ml-metriccup,unit,unit,mL ↔ 250mL cup 변환기,unit,cooking,ml,metric_cup,published,true,,,,,false,false,0,?tool=unit-ml-metriccup&from=ml&to=metric_cup,?category=unit&convert=ml-metriccup,ml-metriccup | unit-ml-metriccup,밀리리터를 미터법 컵로 | 미터법 컵를 밀리리터로 | mL 250 mL cup 변환 | mL ↔ 250mL cup,단위 변환 | 요리·주방 용량 | 컵·스푼은 국가별 정의가 달라 미국식과 미터법을 명확히 구분합니다. | ml | 밀리리터 | metric_cup | 미터법 컵 | 250 mL cup,ml | metric_cup | mL | 250mLcup
unit-ml-uscup-kitchen,ml-uscup-kitchen,unit,unit,mL ↔ US cup 변환기,unit,cooking,ml,uscup,published,false,unit-ml-uscup,,,,false,false,0,?tool=unit-ml-uscup-kitchen&from=ml&to=uscup,?category=unit&convert=ml-uscup-kitchen,ml-uscup-kitchen | unit-ml-uscup-kitchen,밀리리터를 미국 컵로 | 미국 컵를 밀리리터로 | mL US cup 변환 | mL ↔ US cup,단위 변환 | 요리·주방 용량 | 컵·스푼은 국가별 정의가 달라 미국식과 미터법을 명확히 구분합니다. | ml | 밀리리터 | uscup | 미국 컵 | US cup,ml | uscup | mL | UScup
unit-ml-ustbsp,ml-ustbsp,unit,unit,mL ↔ US tbsp 변환기,unit,cooking,ml,ustbsp,published,true,,,,,false,false,0,?tool=unit-ml-ustbsp&from=ml&to=ustbsp,?category=unit&convert=ml-ustbsp,ml-ustbsp | unit-ml-ustbsp,밀리리터를 미국 테이블스푼로 | 미국 테이블스푼를 밀리리터로 | mL US tbsp 변환 | mL ↔ US tbsp,단위 변환 | 요리·주방 용량 | 컵·스푼은 국가별 정의가 달라 미국식과 미터법을 명확히 구분합니다. | ml | 밀리리터 | ustbsp | 미국 테이블스푼 | US tbsp,ml | ustbsp | mL | UStbsp
unit-ml-ustsp,ml-ustsp,unit,unit,mL ↔ US tsp 변환기,unit,cooking,ml,ustsp,published,true,,,,,false,false,0,?tool=unit-ml-ustsp&from=ml&to=ustsp,?category=unit&convert=ml-ustsp,ml-ustsp | unit-ml-ustsp,밀리리터를 미국 티스푼로 | 미국 티스푼를 밀리리터로 | mL US tsp 변환 | mL ↔ US tsp,단위 변환 | 요리·주방 용량 | 컵·스푼은 국가별 정의가 달라 미국식과 미터법을 명확히 구분합니다. | ml | 밀리리터 | ustsp | 미국 티스푼 | US tsp,ml | ustsp | mL | UStsp
unit-acceleration-converter,acceleration-converter,unit,unit,가속도 통합 변환기,unit,science,mps2,gal,published,true,,,,,false,true,39,?tool=unit-acceleration-converter&from=mps2&to=gal,?category=unit&convert=acceleration-converter,acceleration-converter | unit-acceleration-converter,미터/초²를 갈로 | 갈를 미터/초²로 | m/s² Gal 변환 | 가속도 통합,단위 변환 | 과학 특수 단위 | 가속도 | mps2 | 미터/초² | m/s² | m/s2 | gal | 갈,mps2 | gal | m/s2 | Gal
unit-viscosity-kinematic-converter,viscosity-kinematic-converter,unit,unit,동점도 통합 변환기,unit,science,m2s,st,published,true,,,,,false,true,40,?tool=unit-viscosity-kinematic-converter&from=m2s&to=st,?category=unit&convert=viscosity-kinematic-converter,viscosity-kinematic-converter | unit-viscosity-kinematic-converter,제곱미터/초를 스토크스로 | 스토크스를 제곱미터/초로 | m²/s St 변환 | 동점도 통합,단위 변환 | 과학 특수 단위 | 동점도 | m2s | 제곱미터/초 | m²/s | m2/s | st | 스토크스,m2s | st | m2/s | St
unit-equivalent-dose-converter,equivalent-dose-converter,unit,unit,등가선량 통합 변환기,unit,science,sv,usv,published,true,,,,,false,true,41,?tool=unit-equivalent-dose-converter&from=sv&to=usv,?category=unit&convert=equivalent-dose-converter,equivalent-dose-converter | unit-equivalent-dose-converter,시버트를 마이크로시버트로 | 마이크로시버트를 시버트로 | Sv μSv 변환 | 등가선량 통합,단위 변환 | 과학 특수 단위 | 등가선량 | sv | 시버트 | usv | 마이크로시버트 | μSv,sv | usv | Sv | μSv
unit-radioactivity-converter,radioactivity-converter,unit,unit,방사능 통합 변환기,unit,science,bq,mbq,published,true,,,,,false,true,42,?tool=unit-radioactivity-converter&from=bq&to=mbq,?category=unit&convert=radioactivity-converter,radioactivity-converter | unit-radioactivity-converter,베크렐를 메가베크렐로 | 메가베크렐를 베크렐로 | Bq MBq 변환 | 방사능 통합,단위 변환 | 과학 특수 단위 | 방사능 | bq | 베크렐 | mbq | 메가베크렐,bq | mbq | Bq | MBq
unit-magnetic-field-converter,magnetic-field-converter,unit,unit,자속밀도 통합 변환기,unit,science,nt,mt,published,true,,,,,false,true,43,?tool=unit-magnetic-field-converter&from=nt&to=mt,?category=unit&convert=magnetic-field-converter,magnetic-field-converter | unit-magnetic-field-converter,나노테슬라를 밀리테슬라로 | 밀리테슬라를 나노테슬라로 | nT mT 변환 | 자속밀도 통합,단위 변환 | 과학 특수 단위 | 자속밀도 | nt | 나노테슬라 | mt | 밀리테슬라,nt | mt | nT | mT
unit-viscosity-dynamic-converter,viscosity-dynamic-converter,unit,unit,점성계수 통합 변환기,unit,science,pas,p,published,true,,,,,false,true,44,?tool=unit-viscosity-dynamic-converter&from=pas&to=p,?category=unit&convert=viscosity-dynamic-converter,viscosity-dynamic-converter | unit-viscosity-dynamic-converter,파스칼초를 푸아즈로 | 푸아즈를 파스칼초로 | Pa·s P 변환 | 점성계수 통합,단위 변환 | 과학 특수 단위 | 동점도 아님 · 점성계수 | pas | 파스칼초 | Pa·s | p | 푸아즈,pas | p | Pa·s | P
unit-illuminance-converter,illuminance-converter,unit,unit,조도 통합 변환기,unit,science,lux,fc,published,true,,,,,false,true,45,?tool=unit-illuminance-converter&from=lux&to=fc,?category=unit&convert=illuminance-converter,illuminance-converter | unit-illuminance-converter,럭스를 풋캔들로 | 풋캔들를 럭스로 | lx fc 변환 | 조도 통합,단위 변환 | 과학 특수 단위 | 조도 | lux | 럭스 | lx | fc | 풋캔들,lux | fc | lx
unit-absorbed-dose-converter,absorbed-dose-converter,unit,unit,흡수선량 통합 변환기,unit,science,gy,rad,published,true,,,,,false,true,46,?tool=unit-absorbed-dose-converter&from=gy&to=rad,?category=unit&convert=absorbed-dose-converter,absorbed-dose-converter | unit-absorbed-dose-converter,그레이를 래드로 | 래드를 그레이로 | Gy rad 변환 | 흡수선량 통합,단위 변환 | 과학 특수 단위 | 흡수선량 | gy | 그레이 | rad | 래드,gy | rad | Gy
unit-ci-bq,ci-bq,unit,unit,Ci ↔ Bq 변환기,unit,science,ci,bq,published,true,,,,,false,false,0,?tool=unit-ci-bq&from=ci&to=bq,?category=unit&convert=ci-bq,ci-bq | unit-ci-bq,퀴리를 베크렐로 | 베크렐를 퀴리로 | Ci Bq 변환 | Ci ↔ Bq,단위 변환 | 과학 특수 단위 | 방사능 | ci | 퀴리 | bq | 베크렐,ci | bq | Ci | Bq
unit-gal-mps2,gal-mps2,unit,unit,Gal ↔ m/s² 변환기,unit,science,gal,mps2,published,true,,,,,false,false,0,?tool=unit-gal-mps2&from=gal&to=mps2,?category=unit&convert=gal-mps2,gal-mps2 | unit-gal-mps2,갈를 미터/초²로 | 미터/초²를 갈로 | Gal m/s² 변환 | Gal ↔ m/s²,단위 변환 | 과학 특수 단위 | 가속도 | gal | 갈 | mps2 | 미터/초² | m/s² | m/s2,gal | mps2 | Gal | m/s2
unit-gy-rad,gy-rad,unit,unit,Gy ↔ rad 변환기,unit,science,gy,rad,published,true,,,,,false,false,0,?tool=unit-gy-rad&from=gy&to=rad,?category=unit&convert=gy-rad,gy-rad | unit-gy-rad,그레이를 래드로 | 래드를 그레이로 | Gy rad 변환 | Gy ↔ rad,단위 변환 | 과학 특수 단위 | 흡수선량 | gy | 그레이 | rad | 래드,gy | rad | Gy
unit-p-cp,p-cp,unit,unit,P ↔ cP 변환기,unit,science,p,cp,published,true,,,,,false,false,0,?tool=unit-p-cp&from=p&to=cp,?category=unit&convert=p-cp,p-cp | unit-p-cp,푸아즈를 센티푸아즈로 | 센티푸아즈를 푸아즈로 | P cP 변환 | P ↔ cP,단위 변환 | 과학 특수 단위 | 동점도 아님 · 점성계수 | p | 푸아즈 | cp | 센티푸아즈,p | cp | P | cP
unit-st-cst,st-cst,unit,unit,St ↔ cSt 변환기,unit,science,st,cst,published,true,,,,,false,false,0,?tool=unit-st-cst&from=st&to=cst,?category=unit&convert=st-cst,st-cst | unit-st-cst,스토크스를 센티스토크스로 | 센티스토크스를 스토크스로 | St cSt 변환 | St ↔ cSt,단위 변환 | 과학 특수 단위 | 동점도 | st | 스토크스 | cst | 센티스토크스,st | cst | St | cSt
unit-sv-rem,sv-rem,unit,unit,Sv ↔ rem 변환기,unit,science,sv,rem,published,true,,,,,false,false,0,?tool=unit-sv-rem&from=sv&to=rem,?category=unit&convert=sv-rem,sv-rem | unit-sv-rem,시버트를 렘로 | 렘를 시버트로 | Sv rem 변환 | Sv ↔ rem,단위 변환 | 과학 특수 단위 | 등가선량 | sv | 시버트 | rem | 렘,sv | rem | Sv
unit-tesla-gauss,tesla-gauss,unit,unit,T ↔ gauss 변환기,unit,science,t,gauss,published,true,,,,,false,false,0,?tool=unit-tesla-gauss&from=t&to=gauss,?category=unit&convert=tesla-gauss,tesla-gauss | unit-tesla-gauss,테슬라를 가우스로 | 가우스를 테슬라로 | T G 변환 | T ↔ gauss,단위 변환 | 과학 특수 단위 | 자속밀도 | t | 테슬라 | gauss | 가우스 | G,t | gauss | T | G
unit-cp-pas,cp-pas,unit,unit,cP ↔ Pa·s 변환기,unit,science,cp,pas,published,true,,,,,false,false,0,?tool=unit-cp-pas&from=cp&to=pas,?category=unit&convert=cp-pas,cp-pas | unit-cp-pas,센티푸아즈를 파스칼초로 | 파스칼초를 센티푸아즈로 | cP Pa·s 변환 | cP ↔ Pa·s,단위 변환 | 과학 특수 단위 | 동점도 아님 · 점성계수 | cp | 센티푸아즈 | pas | 파스칼초 | Pa·s,cp | pas | cP | Pa·s
unit-cst-mm2s,cst-mm2s,unit,unit,cSt ↔ mm²/s 변환기,unit,science,cst,mm2s,published,true,,,,,false,false,0,?tool=unit-cst-mm2s&from=cst&to=mm2s,?category=unit&convert=cst-mm2s,cst-mm2s | unit-cst-mm2s,센티스토크스를 제곱밀리미터/초로 | 제곱밀리미터/초를 센티스토크스로 | cSt mm²/s 변환 | cSt ↔ mm²/s,단위 변환 | 과학 특수 단위 | 동점도 | cst | 센티스토크스 | mm2s | 제곱밀리미터/초 | mm²/s | mm2/s,cst | mm2s | cSt | mm2/s
unit-g-mps2,g-mps2,unit,unit,g ↔ m/s² 변환기,unit,science,g0,mps2,published,true,,,,,false,false,0,?tool=unit-g-mps2&from=g0&to=mps2,?category=unit&convert=g-mps2,g-mps2 | unit-g-mps2,표준중력를 미터/초²로 | 미터/초²를 표준중력로 | g m/s² 변환 | g ↔ m/s²,단위 변환 | 과학 특수 단위 | 가속도 | g0 | 표준중력 | g | mps2 | 미터/초² | m/s² | m/s2,g0 | mps2 | g | m/s2
unit-klux-lux,klux-lux,unit,unit,klux ↔ lux 변환기,unit,science,klux,lux,published,true,,,,,false,false,0,?tool=unit-klux-lux&from=klux&to=lux,?category=unit&convert=klux-lux,klux-lux | unit-klux-lux,킬로럭스를 럭스로 | 럭스를 킬로럭스로 | klx lx 변환 | klux ↔ lux,단위 변환 | 과학 특수 단위 | 조도 | klux | 킬로럭스 | klx | lux | 럭스 | lx,klux | lux | klx | lx
unit-lux-fc,lux-fc,unit,unit,lux ↔ foot-candle 변환기,unit,science,lux,fc,published,true,,,,,false,false,0,?tool=unit-lux-fc&from=lux&to=fc,?category=unit&convert=lux-fc,lux-fc | unit-lux-fc,럭스를 풋캔들로 | 풋캔들를 럭스로 | lx fc 변환 | lux ↔ foot-candle,단위 변환 | 과학 특수 단위 | 조도 | lux | 럭스 | lx | fc | 풋캔들,lux | fc | lx
unit-mci-mbq,mci-mbq,unit,unit,mCi ↔ MBq 변환기,unit,science,mci,mbq,published,true,,,,,false,false,0,?tool=unit-mci-mbq&from=mci&to=mbq,?category=unit&convert=mci-mbq,mci-mbq | unit-mci-mbq,밀리퀴리를 메가베크렐로 | 메가베크렐를 밀리퀴리로 | mCi MBq 변환 | mCi ↔ MBq,단위 변환 | 과학 특수 단위 | 방사능 | mci | 밀리퀴리 | mbq | 메가베크렐,mci | mbq | mCi | MBq
unit-msv-usv,msv-usv,unit,unit,mSv ↔ μSv 변환기,unit,science,msv,usv,published,true,,,,,false,false,0,?tool=unit-msv-usv&from=msv&to=usv,?category=unit&convert=msv-usv,msv-usv | unit-msv-usv,밀리시버트를 마이크로시버트로 | 마이크로시버트를 밀리시버트로 | mSv μSv 변환 | mSv ↔ μSv,단위 변환 | 과학 특수 단위 | 등가선량 | msv | 밀리시버트 | usv | 마이크로시버트 | μSv,msv | usv | mSv | μSv
unit-ut-gauss,ut-gauss,unit,unit,μT ↔ gauss 변환기,unit,science,ut,gauss,published,true,,,,,false,false,0,?tool=unit-ut-gauss&from=ut&to=gauss,?category=unit&convert=ut-gauss,ut-gauss | unit-ut-gauss,마이크로테슬라를 가우스로 | 가우스를 마이크로테슬라로 | μT G 변환 | μT ↔ gauss,단위 변환 | 과학 특수 단위 | 자속밀도 | ut | 마이크로테슬라 | μT | gauss | 가우스 | G,ut | gauss | μT | G
unit-dec-hex,dec-hex,unit,special,10진수 ↔ 16진수 변환기,unit,number,10,16,published,true,,,,,false,true,47,?tool=unit-dec-hex&from=10&to=16,?category=unit&convert=dec-hex,dec-hex | unit-dec-hex,10를 16로 | 16를 10로 | 10 16 변환 | 10진수 ↔ 16진수,단위 변환 | 진법·숫자,10 | 16
unit-dec-bin,dec-bin,unit,special,10진수 ↔ 2진수 변환기,unit,number,10,2,published,true,,,,,false,true,48,?tool=unit-dec-bin&from=10&to=2,?category=unit&convert=dec-bin,dec-bin | unit-dec-bin,10를 2로 | 2를 10로 | 10 2 변환 | 10진수 ↔ 2진수,단위 변환 | 진법·숫자,10 | 2
unit-roman-number,roman-number,unit,special,로마 숫자 ↔ 아라비아 숫자 변환기,unit,number,roman,arabic,published,true,,,,,false,true,49,?tool=unit-roman-number&from=roman&to=arabic,?category=unit&convert=roman-number,roman-number | unit-roman-number,roman를 arabic로 | arabic를 roman로 | roman arabic 변환 | 로마 숫자 ↔ 아라비아 숫자,단위 변환 | 진법·숫자,roman | arabic
unit-base-all,base-all,unit,special,진법 통합 변환기,unit,number,10,2,published,true,,,,,false,true,50,?tool=unit-base-all&from=10&to=2,?category=unit&convert=base-all,base-all | unit-base-all,10를 2로 | 2를 10로 | 10 2 변환 | 진법 통합,단위 변환 | 진법·숫자,10 | 2
unit-dec-oct,dec-oct,unit,special,10진수 ↔ 8진수 변환기,unit,number,10,8,published,true,,,,,false,false,0,?tool=unit-dec-oct&from=10&to=8,?category=unit&convert=dec-oct,dec-oct | unit-dec-oct,10를 8로 | 8를 10로 | 10 8 변환 | 10진수 ↔ 8진수,단위 변환 | 진법·숫자,10 | 8
unit-bin-hex,bin-hex,unit,special,2진수 ↔ 16진수 변환기,unit,number,2,16,published,true,,,,,false,false,0,?tool=unit-bin-hex&from=2&to=16,?category=unit&convert=bin-hex,bin-hex | unit-bin-hex,2를 16로 | 16를 2로 | 2 16 변환 | 2진수 ↔ 16진수,단위 변환 | 진법·숫자,2 | 16
unit-oct-hex,oct-hex,unit,special,8진수 ↔ 16진수 변환기,unit,number,8,16,published,true,,,,,false,false,0,?tool=unit-oct-hex&from=8&to=16,?category=unit&convert=oct-hex,oct-hex | unit-oct-hex,8를 16로 | 16를 8로 | 8 16 변환 | 8진수 ↔ 16진수,단위 변환 | 진법·숫자,8 | 16
unit-base64,base64,unit,special,Base64 인코딩·디코딩,unit,text-code,encode,decode,published,true,,,,,false,true,51,?tool=unit-base64&from=encode&to=decode,?category=unit&convert=base64,base64 | unit-base64,encode를 decode로 | decode를 encode로 | encode decode 변환 | Base64 인코딩·디코딩,단위 변환 | 텍스트·코드,encode | decode
unit-json-format,json-format,unit,special,JSON 정리·압축 변환기,unit,text-code,pretty,minify,published,true,,,,,false,true,52,?tool=unit-json-format&from=pretty&to=minify,?category=unit&convert=json-format,json-format | unit-json-format,pretty를 minify로 | minify를 pretty로 | pretty minify 변환 | JSON 정리·압축,단위 변환 | 텍스트·코드,pretty | minify
unit-url-encode,url-encode,unit,special,URL 인코딩·디코딩,unit,text-code,encode,decode,published,true,,,,,false,true,53,?tool=unit-url-encode&from=encode&to=decode,?category=unit&convert=url-encode,url-encode | unit-url-encode,encode를 decode로 | decode를 encode로 | encode decode 변환 | URL 인코딩·디코딩,단위 변환 | 텍스트·코드,encode | decode
unit-text-case,text-case,unit,special,대소문자 통합 변환기,unit,text-code,upper,lower,published,true,,,,,false,true,54,?tool=unit-text-case&from=upper&to=lower,?category=unit&convert=text-case,text-case | unit-text-case,upper를 lower로 | lower를 upper로 | upper lower 변환 | 대소문자 통합,단위 변환 | 텍스트·코드,upper | lower
unit-html-escape,html-escape,unit,special,HTML 이스케이프·복원,unit,text-code,escape,unescape,published,true,,,,,false,false,0,?tool=unit-html-escape&from=escape&to=unescape,?category=unit&convert=html-escape,html-escape | unit-html-escape,escape를 unescape로 | unescape를 escape로 | escape unescape 변환 | HTML 이스케이프·복원,단위 변환 | 텍스트·코드,escape | unescape
unit-camel-snake,camel-snake,unit,special,camelCase ↔ snake_case 변환기,unit,text-code,camel,snake,published,true,,,,,false,false,0,?tool=unit-camel-snake&from=camel&to=snake,?category=unit&convert=camel-snake,camel-snake | unit-camel-snake,camel를 snake로 | snake를 camel로 | camel snake 변환 | camelCase ↔ snake_case,단위 변환 | 텍스트·코드,camel | snake
unit-snake-kebab,snake-kebab,unit,special,snake_case ↔ kebab-case 변환기,unit,text-code,snake,kebab,published,true,,,,,false,false,0,?tool=unit-snake-kebab&from=snake&to=kebab,?category=unit&convert=snake-kebab,snake-kebab | unit-snake-kebab,snake를 kebab로 | kebab를 snake로 | snake kebab 변환 | snake_case ↔ kebab-case,단위 변환 | 텍스트·코드,snake | kebab
unit-space-hyphen,space-hyphen,unit,special,공백 ↔ 하이픈 변환기,unit,text-code,space,hyphen,published,true,,,,,false,false,0,?tool=unit-space-hyphen&from=space&to=hyphen,?category=unit&convert=space-hyphen,space-hyphen | unit-space-hyphen,space를 hyphen로 | hyphen를 space로 | space hyphen 변환 | 공백 ↔ 하이픈,단위 변환 | 텍스트·코드,space | hyphen
unit-upper-lower,upper-lower,unit,special,대문자 ↔ 소문자 변환기,unit,text-code,upper,lower,published,true,,,,,false,false,0,?tool=unit-upper-lower&from=upper&to=lower,?category=unit&convert=upper-lower,upper-lower | unit-upper-lower,upper를 lower로 | lower를 upper로 | upper lower 변환 | 대문자 ↔ 소문자,단위 변환 | 텍스트·코드,upper | lower
unit-line-comma,line-comma,unit,special,줄바꿈 ↔ 쉼표 변환기,unit,text-code,lines,comma,published,true,,,,,false,false,0,?tool=unit-line-comma&from=lines&to=comma,?category=unit&convert=line-comma,line-comma | unit-line-comma,lines를 comma로 | comma를 lines로 | lines comma 변환 | 줄바꿈 ↔ 쉼표,단위 변환 | 텍스트·코드,lines | comma
